kind,ref_idx,depth,objectRad,dist,center_frame,snr,duration,RickerDetector@MeanSubtract|T1|peak,RickerDetector@MeanSubtract|T1|frame,RickerDetector@MeanSubtract|joint|peak,RickerDetector@MeanSubtract|joint|frame,RickerDetector@MedianDivide|T1|peak,RickerDetector@MedianDivide|T1|frame,RickerDetector@MedianDivide|joint|peak,RickerDetector@MedianDivide|joint|frame,RickerDetector@HighPass|T1|peak,RickerDetector@HighPass|T1|frame,RickerDetector@HighPass|joint|peak,RickerDetector@HighPass|joint|frame,RickerDetector@Bandpass|T1|peak,RickerDetector@Bandpass|T1|frame,RickerDetector@Bandpass|joint|peak,RickerDetector@Bandpass|joint|frame,RickerDetector@Whiten|T1|peak,RickerDetector@Whiten|T1|frame,RickerDetector@Whiten|joint|peak,RickerDetector@Whiten|joint|frame,BoxDetector@MeanSubtract|T1|peak,BoxDetector@MeanSubtract|T1|frame,BoxDetector@MeanSubtract|joint|peak,BoxDetector@MeanSubtract|joint|frame,BoxDetector@MedianDivide|T1|peak,BoxDetector@MedianDivide|T1|frame,BoxDetector@MedianDivide|joint|peak,BoxDetector@MedianDivide|joint|frame,BoxDetector@HighPass|T1|peak,BoxDetector@HighPass|T1|frame,BoxDetector@HighPass|joint|peak,BoxDetector@HighPass|joint|frame,BoxDetector@Bandpass|T1|peak,BoxDetector@Bandpass|T1|frame,BoxDetector@Bandpass|joint|peak,BoxDetector@Bandpass|joint|frame,BoxDetector@Whiten|T1|peak,BoxDetector@Whiten|T1|frame,BoxDetector@Whiten|joint|peak,BoxDetector@Whiten|joint|frame,MultiWidthRickerDetector@MeanSubtract|T1|peak,MultiWidthRickerDetector@MeanSubtract|T1|frame,MultiWidthRickerDetector@MeanSubtract|joint|peak,MultiWidthRickerDetector@MeanSubtract|joint|frame,MultiWidthRickerDetector@MedianDivide|T1|peak,MultiWidthRickerDetector@MedianDivide|T1|frame,MultiWidthRickerDetector@MedianDivide|joint|peak,MultiWidthRickerDetector@MedianDivide|joint|frame,MultiWidthRickerDetector@HighPass|T1|peak,MultiWidthRickerDetector@HighPass|T1|frame,MultiWidthRickerDetector@HighPass|joint|peak,MultiWidthRickerDetector@HighPass|joint|frame,MultiWidthRickerDetector@Bandpass|T1|peak,MultiWidthRickerDetector@Bandpass|T1|frame,MultiWidthRickerDetector@Bandpass|joint|peak,MultiWidthRickerDetector@Bandpass|joint|frame,MultiWidthRickerDetector@Whiten|T1|peak,MultiWidthRickerDetector@Whiten|T1|frame,MultiWidthRickerDetector@Whiten|joint|peak,MultiWidthRickerDetector@Whiten|joint|frame,FresnelMatchedFilterDetector@MeanSubtract|T1|peak,FresnelMatchedFilterDetector@MeanSubtract|T1|frame,FresnelMatchedFilterDetector@MeanSubtract|joint|peak,FresnelMatchedFilterDetector@MeanSubtract|joint|frame,FresnelMatchedFilterDetector@MedianDivide|T1|peak,FresnelMatchedFilterDetector@MedianDivide|T1|frame,FresnelMatchedFilterDetector@MedianDivide|joint|peak,FresnelMatchedFilterDetector@MedianDivide|joint|frame,FresnelMatchedFilterDetector@HighPass|T1|peak,FresnelMatchedFilterDetector@HighPass|T1|frame,FresnelMatchedFilterDetector@HighPass|joint|peak,FresnelMatchedFilterDetector@HighPass|joint|frame,FresnelMatchedFilterDetector@Bandpass|T1|peak,FresnelMatchedFilterDetector@Bandpass|T1|frame,FresnelMatchedFilterDetector@Bandpass|joint|peak,FresnelMatchedFilterDetector@Bandpass|joint|frame,FresnelMatchedFilterDetector@Whiten|T1|peak,FresnelMatchedFilterDetector@Whiten|T1|frame,FresnelMatchedFilterDetector@Whiten|joint|peak,FresnelMatchedFilterDetector@Whiten|joint|frame,NormalizedSNRDetector@MeanSubtract|T1|peak,NormalizedSNRDetector@MeanSubtract|T1|frame,NormalizedSNRDetector@MeanSubtract|joint|peak,NormalizedSNRDetector@MeanSubtract|joint|frame,NormalizedSNRDetector@MedianDivide|T1|peak,NormalizedSNRDetector@MedianDivide|T1|frame,NormalizedSNRDetector@MedianDivide|joint|peak,NormalizedSNRDetector@MedianDivide|joint|frame,NormalizedSNRDetector@HighPass|T1|peak,NormalizedSNRDetector@HighPass|T1|frame,NormalizedSNRDetector@HighPass|joint|peak,NormalizedSNRDetector@HighPass|joint|frame,NormalizedSNRDetector@Bandpass|T1|peak,NormalizedSNRDetector@Bandpass|T1|frame,NormalizedSNRDetector@Bandpass|joint|peak,NormalizedSNRDetector@Bandpass|joint|frame,NormalizedSNRDetector@Whiten|T1|peak,NormalizedSNRDetector@Whiten|T1|frame,NormalizedSNRDetector@Whiten|joint|peak,NormalizedSNRDetector@Whiten|joint|frame
inject,802,0.19833683129206148,1840.6243352911742,32.04107882740298,1565,1.0228369880080104,33.0,4.526558174216908,13,4.526558174216908,13,4.340638650559622,13,4.340638650559622,13,5.314871527053884,13,5.314871527053884,13,4.299827109288917,816,4.299827109288917,816,0.48542695980339245,2364,0.48542695980339245,2364,3.964719861057587,123,3.964719861057587,123,4.815348646733037,789,4.815348646733037,789,4.509765688118084,14,4.509765688118084,14,4.61722227903397,123,4.61722227903397,123,0.44601493894219724,117,0.44601493894219724,117,4.526558174216908,13,4.526558174216908,13,5.111681415322349,902,5.111681415322349,902,5.314871527053884,13,5.314871527053884,13,5.303176068793341,902,5.303176068793341,902,0.5338523491841883,886,0.5338523491841883,886,4.484150388897541,902,4.484150388897541,902,5.173664605446212,664,5.173664605446212,664,4.784589972785038,13,4.784589972785038,13,5.533484425323281,902,5.533484425323281,902,0.5214100884784033,870,0.5214100884784033,870,3.6317452606024516,1974,3.6317452606024516,1974,4.566033660641228,791,4.566033660641228,791,3.471252942386696,791,3.471252942386696,791,2.9722159905279195,901,2.9722159905279195,901,0.44572116583598503,1974,0.44572116583598503,1974
inject,1060,0.10672576096085118,1961.294274284116,41.73824812452511,491,6.740149154054368,32.0,4.904409371894619,1755,4.904409371894619,1755,4.755071812758221,1755,4.755071812758221,1755,5.043495139953598,1755,5.043495139953598,1755,4.4825063538582945,1755,4.4825063538582945,1755,0.46361827129807476,1707,0.46361827129807476,1707,5.115614698404303,1757,5.115614698404303,1757,5.0673464856175086,1757,5.0673464856175086,1757,4.48898651719194,1757,4.48898651719194,1757,4.010324036233647,1757,4.010324036233647,1757,0.4302704733570856,1751,0.4302704733570856,1751,5.480418559563353,295,5.480418559563353,295,5.311357468356233,295,5.311357468356233,295,5.065237103821398,1754,5.065237103821398,1754,4.66329755742839,1756,4.66329755742839,1756,0.4742987378269662,200,0.4742987378269662,200,5.531922917041402,1755,5.531922917041402,1755,5.49242049512632,1755,5.49242049512632,1755,4.648657525037069,1755,4.648657525037069,1755,4.461551158839897,6,4.461551158839897,6,0.4921043652967963,1725,0.4921043652967963,1725,3.2027094074444546,1700,3.2027094074444546,1700,3.1534215142777513,1700,3.1534215142777513,1700,3.6172030752755653,1700,3.6172030752755653,1700,3.390494376627929,337,3.390494376627929,337,0.4272283937621412,1700,0.4272283937621412,1700
inject,948,0.25125487494438914,518.3248064474569,42.43708838757165,695,1.6863325343609477,32.0,3.2904430064507073,1804,3.2904430064507073,1804,3.701426927053907,1804,3.701426927053907,1804,3.48362844300033,360,3.48362844300033,360,3.354734230726274,360,3.354734230726274,360,0.38220910210401704,1756,0.38220910210401704,1756,3.411919731234838,1185,3.411919731234838,1185,3.7418807148657027,647,3.7418807148657027,647,2.993108544201788,1608,2.993108544201788,1608,3.545943035970082,1608,3.545943035970082,1608,0.33958175085396214,641,0.33958175085396214,641,3.9570074695137056,1608,3.9570074695137056,1608,3.701426927053907,1804,3.701426927053907,1804,4.033175391072151,1608,4.033175391072151,1608,4.702943579824359,1608,4.702943579824359,1608,0.4389499238823447,874,0.4389499238823447,874,4.077782614982559,784,4.077782614982559,784,4.491627094251325,782,4.491627094251325,782,3.9129214077822567,1663,3.9129214077822567,1663,4.407925814712905,1663,4.407925814712905,1663,0.44831276406647974,2335,0.44831276406647974,2335,2.8942277921322557,882,2.8942277921322557,882,3.181135407747466,915,3.181135407747466,915,2.891372611246086,2208,2.891372611246086,2208,2.932665380316692,2361,2.932665380316692,2361,0.44874735062702054,882,0.44874735062702054,882
inject,10,0.14092808811690294,703.4969141749727,31.59998486539248,581,5.998243914302489,33.0,6.40470925669028,672,6.40470925669028,672,7.342977003866625,2266,7.342977003866625,2266,6.846130468011355,672,6.846130468011355,672,6.263050848135572,671,6.263050848135572,671,0.5254247297093285,2218,0.5254247297093285,2218,5.516861893786227,673,5.516861893786227,673,6.996543275907545,2389,6.996543275907545,2389,5.147590946265993,673,5.147590946265993,673,4.70714386346793,1908,4.70714386346793,1908,0.48895127577503456,2263,0.48895127577503456,2263,6.721739545496301,2265,6.721739545496301,2265,8.216320646194676,2265,8.216320646194676,2265,6.846130468011355,672,6.846130468011355,672,6.263050848135572,671,6.263050848135572,671,0.5811770146963597,2201,0.5811770146963597,2201,6.0694009487450495,672,6.0694009487450495,672,7.6319098538416865,2265,7.6319098538416865,2265,5.522678900090824,673,5.522678900090824,673,5.953553701236191,1908,5.953553701236191,1908,0.5957926303872133,1285,0.5957926303872133,1285,4.202940971699503,673,4.202940971699503,673,5.146022434153732,2267,5.146022434153732,2267,4.144939234687945,673,4.144939234687945,673,3.6746367322200935,673,3.6746367322200935,673,0.4727206698415817,1429,0.4727206698415817,1429
inject,952,0.11248793535390644,1493.5342285826166,38.70778942190123,721,7.453768698270713,32.0,4.996835640934779,852,4.996835640934779,852,5.782104905128275,852,5.782104905128275,852,5.088404732743669,594,5.088404732743669,594,5.627478351062835,2395,5.627478351062835,2395,0.5107919665223971,545,0.5107919665223971,545,5.163394467439944,803,5.163394467439944,803,6.0499481118719745,803,6.0499481118719745,803,5.415437744910407,85,5.415437744910407,85,6.838977151375991,2395,6.838977151375991,2395,0.5643507016336162,79,0.5643507016336162,79,5.681823872704135,86,5.681823872704135,86,6.414659033881646,853,6.414659033881646,853,5.76965150625613,594,5.76965150625613,594,6.548498491104888,86,6.548498491104888,86,0.6722634431948038,891,0.6722634431948038,891,5.730161299307488,594,5.730161299307488,594,6.5766386693012295,802,6.5766386693012295,802,5.882232787647081,86,5.882232787647081,86,7.134687105821721,2395,7.134687105821721,2395,0.6181734290350369,55,0.6181734290350369,55,5.506993939294797,87,5.506993939294797,87,6.053898517825069,801,6.053898517825069,801,5.670604985110783,87,5.670604985110783,87,5.828495326300579,2396,5.828495326300579,2396,0.6485706208120192,899,0.6485706208120192,899
inject,400,0.21317899787147565,1658.1131129382222,42.457468860503624,696,4.635408566977934,32.0,5.062757128196221,1703,5.062757128196221,1703,5.262332569449829,1703,5.262332569449829,1703,5.607667254517089,1703,5.607667254517089,1703,5.468733706786353,1703,5.468733706786353,1703,0.41122159360361393,1655,0.41122159360361393,1655,4.234969642490852,1703,4.234969642490852,1703,4.450788794498821,2247,4.450788794498821,2247,4.355530689325165,1703,4.355530689325165,1703,4.474651128551018,1704,4.474651128551018,1704,0.38529850436747254,2241,0.38529850436747254,2241,5.118393390677931,1703,5.118393390677931,1703,5.321777864652966,1703,5.321777864652966,1703,5.607667254517089,1703,5.607667254517089,1703,5.647160766287539,1703,5.647160766287539,1703,0.42944944503802146,1730,0.42944944503802146,1730,4.434653568053872,1703,4.434653568053872,1703,4.729458533672754,2314,4.729458533672754,2314,4.582122804968428,1704,4.582122804968428,1704,4.653882763212455,1704,4.653882763212455,1704,0.47434793037906264,1148,0.47434793037906264,1148,3.060224151422494,637,3.060224151422494,637,3.3044828271173454,2045,3.3044828271173454,2045,2.9940006193264384,637,2.9940006193264384,637,2.959986786927399,1000,2.959986786927399,1000,0.4531483154719781,637,0.4531483154719781,637
inject,574,0.18190219360781967,1468.5022292442027,31.426684451697273,1202,1.2823945051821317,33.0,4.792300989180177,1201,4.792300989180177,1201,4.36154387839636,1820,4.36154387839636,1820,5.072340261251622,1201,5.072340261251622,1201,4.648728711621173,1201,4.648728711621173,1201,0.43130538161001786,1153,0.43130538161001786,1153,3.994892095760162,1203,3.994892095760162,1203,4.428658852709965,724,4.428658852709965,724,3.921486716117316,1203,3.921486716117316,1203,3.6011986707304526,1203,3.6011986707304526,1203,0.3586163417077807,1771,0.3586163417077807,1771,4.792300989180177,1201,4.792300989180177,1201,4.4996081338908445,723,4.4996081338908445,723,5.072340261251622,1201,5.072340261251622,1201,4.852637095761539,1202,4.852637095761539,1202,0.4448313322582581,2162,0.4448313322582581,2162,4.477346598105286,1202,4.477346598105286,1202,5.401975642626486,1830,5.401975642626486,1830,4.370337191119122,1203,4.370337191119122,1203,4.635046984583896,242,4.635046984583896,242,0.4359468748620783,2260,0.4359468748620783,2260,2.93615041551404,771,2.93615041551404,771,3.5496693211063937,771,3.5496693211063937,771,2.937796279407996,2313,2.937796279407996,2313,3.156815500681779,1179,3.156815500681779,1179,0.36927457239142336,1243,0.36927457239142336,1243
inject,310,0.06900151278015121,690.4036799843963,42.644096332181945,606,3.5488504236974525,32.0,4.857549394030624,1005,4.857549394030624,1005,5.125794166653274,1005,5.125794166653274,1005,5.269801148319593,218,5.269801148319593,218,4.919702925683243,1005,4.919702925683243,1005,0.49201079986278007,956,0.49201079986278007,956,4.739250007554942,1005,4.739250007554942,1005,5.1971372708629335,1005,5.1971372708629335,1005,4.7576354389052575,218,4.7576354389052575,218,4.64176004480493,218,4.64176004480493,218,0.493726605516689,999,0.493726605516689,999,4.9028960411618625,219,4.9028960411618625,219,5.125794166653274,1005,5.125794166653274,1005,5.484976286251707,219,5.484976286251707,219,4.919702925683243,1005,4.919702925683243,1005,0.49201079986278007,956,0.49201079986278007,956,5.231811402530697,2003,5.231811402530697,2003,5.639246446061514,2003,5.639246446061514,2003,4.932683910002607,218,4.932683910002607,218,4.879306352859837,1192,4.879306352859837,1192,0.5326298274203306,2215,0.5326298274203306,2215,3.6064032891412103,219,3.6064032891412103,219,3.635453064198668,219,3.635453064198668,219,3.8967760864248935,219,3.8967760864248935,219,3.339074897870008,1191,3.339074897870008,1191,0.47488041300209,219,0.47488041300209,219
inject,1218,0.23493513895819584,832.3464847832416,35.05383526477483,655,1.2175541977150952,33.0,4.13126728705167,2306,4.13126728705167,2306,3.5027385443650982,1007,3.5027385443650982,1007,4.351579722103937,2306,4.351579722103937,2306,4.278208589756444,2306,4.278208589756444,2306,0.43797424994560186,2258,0.43797424994560186,2258,3.397790525861604,116,3.397790525861604,116,3.5480227991534443,116,3.5480227991534443,116,3.5934344617950402,116,3.5934344617950402,116,3.6416394272510493,269,3.6416394272510493,269,0.3840836571392827,110,0.3840836571392827,110,4.13126728705167,2306,4.13126728705167,2306,3.7906056210489485,590,3.7906056210489485,590,4.351579722103937,2306,4.351579722103937,2306,4.361858784026669,216,4.361858784026669,216,0.47942897637135157,582,0.47942897637135157,582,4.081518736787249,2317,4.081518736787249,2317,4.242968672666414,241,4.242968672666414,241,3.9459281862651197,216,3.9459281862651197,216,4.791679510898003,216,4.791679510898003,216,0.48620581583862316,184,0.48620581583862316,184,3.1516569860067865,30,3.1516569860067865,30,3.502018159119458,590,3.502018159119458,590,3.1072931091343268,30,3.1072931091343268,30,2.7926755057457817,590,2.7926755057457817,590,0.47835914273023983,30,0.47835914273023983,30
inject,336,0.13631034207533776,1176.3988168806206,38.55103652107119,1701,7.412745520418826,32.0,4.318870221584075,1700,4.318870221584075,1700,4.2682987934965615,2034,4.2682987934965615,2034,4.827702383061829,1701,4.827702383061829,1701,4.974888626214181,1700,4.974888626214181,1700,0.4340515436026222,1652,0.4340515436026222,1652,3.9274214478735305,2033,3.9274214478735305,2033,4.107710291707316,2033,4.107710291707316,2033,4.074063351529881,1701,4.074063351529881,1701,4.1282667512902735,2132,4.1282667512902735,2132,0.3960754533542514,2096,0.3960754533542514,2096,4.70445600293901,1700,4.70445600293901,1700,4.403641264611334,2034,4.403641264611334,2034,5.167411746313021,1700,5.167411746313021,1700,5.433382465628376,1700,5.433382465628376,1700,0.4932617754791688,1632,0.4932617754791688,1632,5.426055536104711,2035,5.426055536104711,2035,5.64905082360255,2035,5.64905082360255,2035,4.172974316541316,1701,4.172974316541316,1701,4.786089833935682,2132,4.786089833935682,2132,0.5447738881319212,697,0.5447738881319212,697,3.626272632792093,1640,3.626272632792093,1640,3.453039810049285,1640,3.453039810049285,1640,3.665462254945291,611,3.665462254945291,611,4.176869284147164,2130,4.176869284147164,2130,0.5010169203724356,1640,0.5010169203724356,1640
inject,261,0.7693724280779155,1823.9434033212149,38.359493927687836,281,6.518293290798084,32.0,10.543829020135718,280,10.543829020135718,280,12.505909396001083,280,12.505909396001083,280,11.042058349032702,280,11.042058349032702,280,10.302807664385192,280,10.302807664385192,280,0.9173969811358696,232,0.9173969811358696,232,10.831068011788362,281,10.831068011788362,281,13.10029733995628,281,13.10029733995628,281,10.516053548770579,281,10.516053548770579,281,10.069752191756187,281,10.069752191756187,281,0.9498698090729895,275,0.9498698090729895,275,10.961115784197071,281,10.961115784197071,281,13.012733309868267,281,13.012733309868267,281,11.384790968448746,281,11.384790968448746,281,12.054754534407593,281,12.054754534407593,281,1.0007170477959113,249,1.0007170477959113,249,11.040467750292912,281,11.040467750292912,281,13.344919460308486,281,13.344919460308486,281,10.734655341680089,281,10.734655341680089,281,10.375918869604945,281,10.375918869604945,281,0.9746518439736933,249,0.9746518439736933,249,4.980642577539221,280,4.980642577539221,280,6.021236403232378,280,6.021236403232378,280,4.884230542957869,280,4.884230542957869,280,4.855293208368984,282,4.855293208368984,282,0.4971916847962536,1797,0.4971916847962536,1797
inject,487,0.15965699483583018,492.2810598673673,37.966375779079634,2144,5.019512981820398,32.0,5.442241708015871,2066,5.442241708015871,2066,5.370447876120799,2066,5.370447876120799,2066,5.62503223484351,2066,5.62503223484351,2066,4.897470359748349,2066,4.897470359748349,2066,0.5397427957763415,2018,0.5397427957763415,2018,4.850092574189906,2066,4.850092574189906,2066,4.7537533432637975,2066,4.7537533432637975,2066,4.563096031504381,2066,4.563096031504381,2066,3.8969764384344066,2147,3.8969764384344066,2147,0.39630736409457856,2060,0.39630736409457856,2060,5.632772436602197,2066,5.632772436602197,2066,5.59551587114752,2066,5.59551587114752,2066,5.75790751536279,2066,5.75790751536279,2066,4.897470359748349,2066,4.897470359748349,2066,0.5523893415809608,2010,0.5523893415809608,2010,5.318479330465988,2067,5.318479330465988,2067,5.195158258247687,2067,5.195158258247687,2067,4.829707474255316,2066,4.829707474255316,2066,5.869357228064872,4,5.869357228064872,4,0.4495540614575918,2034,0.4495540614575918,2034,3.4298764023232375,359,3.4298764023232375,359,3.537025614824792,359,3.537025614824792,359,3.230630337488163,359,3.230630337488163,359,2.994850441179471,1995,2.994850441179471,1995,0.47254292776018963,359,0.47254292776018963,359
inject,1284,0.11464642767080202,553.2853633942283,40.8999355097885,1717,1.6029991000174593,32.0,3.2307836851448326,1016,3.2307836851448326,1016,3.2651258706044026,1015,3.2651258706044026,1015,3.5340697065379403,1872,3.5340697065379403,1872,3.6886400853811048,1872,3.6886400853811048,1872,0.34674243855847275,967,0.34674243855847275,967,3.279101771776684,1017,3.279101771776684,1017,3.4086607498553287,1017,3.4086607498553287,1017,3.562309564283888,1286,3.562309564283888,1286,3.841496459363707,1286,3.841496459363707,1286,0.34784515531363447,1541,0.34784515531363447,1541,4.246649167578013,1413,4.246649167578013,1413,4.101497126568526,1413,4.101497126568526,1413,4.151915501371184,1413,4.151915501371184,1413,4.739575229487025,1413,4.739575229487025,1413,0.44490950422772807,11,0.44490950422772807,11,3.4609508349641915,156,3.4609508349641915,156,3.91462612942858,640,3.91462612942858,640,3.981032763360386,1285,3.981032763360386,1285,4.54735777037518,1285,4.54735777037518,1285,0.4001022415511685,901,0.4001022415511685,901,3.2655383168581467,204,3.2655383168581467,204,3.3503126590597048,204,3.3503126590597048,204,3.3190951513462537,2051,3.3190951513462537,2051,2.9677924081294877,857,2.9677924081294877,857,0.4225879630359252,204,0.4225879630359252,204
inject,1207,0.005814844675424813,1479.1695938995063,33.43617456803319,660,6.395322099330797,33.0,4.842976483184261,1466,4.842976483184261,1466,5.308727490497859,1466,5.308727490497859,1466,5.255869341525021,307,5.255869341525021,307,5.112578666802532,307,5.112578666802532,307,0.48219052728357975,259,0.48219052728357975,259,6.017706043700736,1466,6.017706043700736,1466,7.016030163115288,1466,7.016030163115288,1466,5.037379212304551,1466,5.037379212304551,1466,4.642324309646281,2090,4.642324309646281,2090,0.5296303786006864,1460,0.5296303786006864,1460,5.584592360203203,1254,5.584592360203203,1254,6.00223458481203,1254,6.00223458481203,1254,5.698357817886243,1254,5.698357817886243,1254,6.548496997079144,1254,6.548496997079144,1254,0.6575897146927162,1238,0.6575897146927162,1238,6.4193020622267465,1466,6.4193020622267465,1466,7.362360830074184,1466,7.362360830074184,1466,5.749505817242445,1466,5.749505817242445,1466,5.680946962954987,1255,5.680946962954987,1255,0.6264616387032743,599,0.6264616387032743,599,4.265698169093889,1467,4.265698169093889,1467,4.85769318311635,1467,4.85769318311635,1467,4.1023431281331675,1254,4.1023431281331675,1254,4.775675272463723,1254,4.775675272463723,1254,0.5000410716789192,633,0.5000410716789192,633
inject,933,0.1608131650327379,1110.3880191131866,36.46988093128693,1737,5.053642620556019,32.0,3.741100194206763,713,3.741100194206763,713,3.8167846258726588,713,3.8167846258726588,713,4.2690184746137465,1329,4.2690184746137465,1329,3.7576205697663285,756,3.7576205697663285,756,0.36454786114364507,1281,0.36454786114364507,1281,4.0225635789291765,1378,4.0225635789291765,1378,3.771442362251467,1378,3.771442362251467,1378,3.780658910417624,1918,3.780658910417624,1918,3.9833840539114655,1132,3.9833840539114655,1132,0.3889932087203809,1372,0.3889932087203809,1372,4.660717395468269,711,4.660717395468269,711,4.715428198352836,711,4.715428198352836,711,4.441532451598335,1329,4.441532451598335,1329,5.151628219622123,1132,5.151628219622123,1132,0.5112575268774144,2346,0.5112575268774144,2346,5.5330247461787705,1435,5.5330247461787705,1435,5.587843694929196,1435,5.587843694929196,1435,4.216640553461884,327,4.216640553461884,327,4.6326279273875794,1132,4.6326279273875794,1132,0.47985768899849135,2317,0.47985768899849135,2317,3.6019629474718444,700,3.6019629474718444,700,3.6551469195684465,700,3.6551469195684465,700,3.3867046802207477,700,3.3867046802207477,700,3.0824851042054076,1827,3.0824851042054076,1827,0.49161598283462365,700,0.49161598283462365,700
inject,284,0.5845088764450468,1911.0677596969692,34.66089389629264,959,5.491124511749067,33.0,4.311059460272765,958,4.311059460272765,958,4.096372646050763,958,4.096372646050763,958,4.226649723036871,277,4.226649723036871,277,3.8997923997184816,1690,3.8997923997184816,1690,0.37175294887937166,228,0.37175294887937166,228,6.403382905914667,959,6.403382905914667,959,6.023232699000738,959,6.023232699000738,959,5.355217974985944,959,5.355217974985944,959,4.407327117816828,39,4.407327117816828,39,0.5341800912225783,953,0.5341800912225783,953,5.8355065442343905,957,5.8355065442343905,957,5.486807631547385,957,5.486807631547385,957,5.249559544677262,959,5.249559544677262,959,5.7827586797517805,959,5.7827586797517805,959,0.5556325139188979,943,0.5556325139188979,943,6.594660240422591,959,6.594660240422591,959,6.209070113670814,959,6.209070113670814,959,5.878405800339595,959,5.878405800339595,959,5.712527137549454,959,5.712527137549454,959,0.6143957553893402,927,0.6143957553893402,927,4.0285067327189195,959,4.0285067327189195,959,3.7974515008511185,959,3.7974515008511185,959,3.6632477938209425,959,3.6632477938209425,959,3.578148433774355,959,3.578148433774355,959,0.47021241496742755,399,0.47021241496742755,399
inject,1006,0.12893341707306405,1557.792348210684,41.379475102501054,1337,1.7485547807564468,32.0,4.1567845889081685,1121,4.1567845889081685,1121,4.093765126999636,1121,4.093765126999636,1121,4.742437718221204,1121,4.742437718221204,1121,4.6470963969261465,1121,4.6470963969261465,1121,0.37503536639162943,1073,0.37503536639162943,1073,4.546039172449578,1122,4.546039172449578,1122,4.667144018226796,1122,4.667144018226796,1122,4.739460928932535,1122,4.739460928932535,1122,4.580139175010504,1122,4.580139175010504,1122,0.46899034120099137,1116,0.46899034120099137,1116,4.318961468089052,1121,4.318961468089052,1121,4.232894713550237,1121,4.232894713550237,1121,4.8004147372013835,1121,4.8004147372013835,1121,5.00698817829693,1122,5.00698817829693,1122,0.4572460606936671,1006,0.4572460606936671,1006,4.585940109678482,1030,4.585940109678482,1030,4.763279105385815,723,4.763279105385815,723,4.377741971187392,1122,4.377741971187392,1122,4.428092179713305,1121,4.428092179713305,1121,0.4924192327911318,1850,0.4924192327911318,1850,3.4145311587816294,1119,3.4145311587816294,1119,3.470840016253753,242,3.470840016253753,242,3.5164344998875343,1119,3.5164344998875343,1119,3.0217136243933047,1069,3.0217136243933047,1069,0.44617658300143515,1119,0.44617658300143515,1119
inject,1055,0.20216337284315233,1209.0954567174044,40.81625062015653,951,4.472418838706623,32.0,6.31274780653575,565,6.31274780653575,565,6.324750735933253,565,6.324750735933253,565,6.943468927156583,565,6.943468927156583,565,6.468427456920534,565,6.468427456920534,565,0.5038106797723588,517,0.5038106797723588,517,5.190092172112371,564,5.190092172112371,564,5.191718388588879,564,5.191718388588879,564,5.4453364200918815,564,5.4453364200918815,564,5.0500251504652605,564,5.0500251504652605,564,0.41661685733978715,558,0.41661685733978715,558,6.31274780653575,565,6.31274780653575,565,6.324750735933253,565,6.324750735933253,565,6.943468927156583,565,6.943468927156583,565,6.468427456920534,565,6.468427456920534,565,0.5038106797723588,517,0.5038106797723588,517,5.67399759616343,1143,5.67399759616343,1143,6.038147635238075,1143,6.038147635238075,1143,5.718435519742159,565,5.718435519742159,565,5.185335900238905,565,5.185335900238905,565,0.4557969285573795,170,0.4557969285573795,170,3.01047823035912,1119,3.01047823035912,1119,3.43279975361974,2355,3.43279975361974,2355,3.260768379471837,1119,3.260768379471837,1119,3.122971374346783,1432,3.122971374346783,1432,0.414619058007021,733,0.414619058007021,733
inject,788,0.14594583927584837,1009.9528582810623,38.591966742989456,824,1.698292815507071,32.0,4.39557273316583,2390,4.39557273316583,2390,3.803962157170123,1660,3.803962157170123,1660,4.933914260681867,1660,4.933914260681867,1660,6.039467505543729,2392,6.039467505543729,2392,0.43780241446634627,1612,0.43780241446634627,1612,5.382669641441766,2392,5.382669641441766,2392,4.386563140061053,2392,4.386563140061053,2392,3.458331054921288,1660,3.458331054921288,1660,5.708610211114449,2392,5.708610211114449,2392,0.5331425554227243,2386,0.5331425554227243,2386,4.406178945431879,2391,4.406178945431879,2391,4.522257541947436,786,4.522257541947436,786,5.020159406785767,1661,5.020159406785767,1661,6.039467505543729,2392,6.039467505543729,2392,0.5025576276138455,771,0.5025576276138455,771,5.579679358907153,2390,5.579679358907153,2390,4.711105560321538,925,4.711105560321538,925,3.8066736543680446,1660,3.8066736543680446,1660,5.679916362450399,2392,5.679916362450399,2392,0.551039720421702,2359,0.551039720421702,2359,3.963356699132678,2389,3.963356699132678,2389,3.663585088145298,787,3.663585088145298,787,3.395251173389585,787,3.395251173389585,787,3.613931680374617,787,3.613931680374617,787,0.42422644233611745,2389,0.42422644233611745,2389
inject,385,0.12755017080262743,1428.1271536660074,44.49630819121424,807,5.08897817330798,32.0,4.114245117888234,1125,4.114245117888234,1125,4.443583862783789,1125,4.443583862783789,1125,4.106552083533351,1470,4.106552083533351,1470,4.053031123879009,2012,4.053031123879009,2012,0.41244852734967463,1965,0.41244852734967463,1965,4.719483276791031,663,4.719483276791031,663,5.266673894587777,663,5.266673894587777,663,3.58377926319599,1123,3.58377926319599,1123,3.2116273839524974,312,3.2116273839524974,312,0.4197656767805451,657,0.4197656767805451,657,5.040495386687263,549,5.040495386687263,549,5.322895479394398,549,5.322895479394398,549,4.474753730761492,1469,4.474753730761492,1469,4.521356025144293,989,4.521356025144293,989,0.43226050217813805,1404,0.43226050217813805,1404,5.203329709016916,1458,5.203329709016916,1458,5.518631810424306,1023,5.518631810424306,1023,4.155150836979408,1126,4.155150836979408,1126,4.316868959506935,1592,4.316868959506935,1592,0.4882231015998748,2052,0.4882231015998748,2052,3.4338638755797395,1012,3.4338638755797395,1012,3.7968038246970948,1012,3.7968038246970948,1012,3.3178339613789802,1805,3.3178339613789802,1805,3.732591590028416,1473,3.732591590028416,1473,0.39301604135890933,19,0.39301604135890933,19
inject,572,0.23809915815400517,806.3194280224637,35.971956188774755,387,1.5482548106038097,32.0,4.287123340283324,1791,4.287123340283324,1791,5.982777639260447,744,5.982777639260447,744,4.413639916765161,1791,4.413639916765161,1791,4.084475668291504,744,4.084475668291504,744,0.47462464762129497,696,0.47462464762129497,696,5.062351519704061,1789,5.062351519704061,1789,5.751930594521169,1789,5.751930594521169,1789,4.116884496468844,1789,4.116884496468844,1789,3.559960499417069,1667,3.559960499417069,1667,0.5609590830365183,1783,0.5609590830365183,1783,4.967922293771014,1791,4.967922293771014,1791,5.982777639260447,744,5.982777639260447,744,4.826969478955856,1791,4.826969478955856,1791,4.440585630458371,51,4.440585630458371,51,0.5340541345816724,1719,0.5340541345816724,1719,5.427865974029903,1791,5.427865974029903,1791,6.9214215948625135,744,6.9214215948625135,744,4.21936048347537,1792,4.21936048347537,1792,4.736437693169528,485,4.736437693169528,485,0.5622268963523752,1759,0.5622268963523752,1759,3.2175932174759243,1788,3.2175932174759243,1788,4.665760208142854,745,4.665760208142854,745,3.182000459209529,1752,3.182000459209529,1752,3.8012066351931324,1752,3.8012066351931324,1752,0.439791062732747,1854,0.439791062732747,1854
inject,740,0.027793489953073958,527.2246031670784,37.07448176842257,1509,4.521591588427596,32.0,4.412058034085315,1342,4.412058034085315,1342,4.639327561183219,213,4.639327561183219,213,4.851768663454106,884,4.851768663454106,884,4.511087529358135,884,4.511087529358135,884,0.4165095400963988,165,0.4165095400963988,165,4.395511010942962,1341,4.395511010942962,1341,4.753325534524157,728,4.753325534524157,728,3.997461445069966,884,3.997461445069966,884,3.575695091392731,884,3.575695091392731,884,0.43468217612007315,722,0.43468217612007315,722,5.467365193838037,1343,5.467365193838037,1343,5.471257417309421,1343,5.471257417309421,1343,5.194376526964141,1343,5.194376526964141,1343,5.059282266202054,1541,5.059282266202054,1541,0.48479743906677764,1271,0.48479743906677764,1271,5.7249094692162865,1344,5.7249094692162865,1344,5.668219648593337,730,5.668219648593337,730,3.980598229135939,1541,3.980598229135939,1541,4.619994190848081,1541,4.619994190848081,1541,0.4867112722756453,698,0.4867112722756453,698,2.8043441644044265,1749,2.8043441644044265,1749,2.9664181897419537,763,2.9664181897419537,763,2.9084192954230224,1749,2.9084192954230224,1749,3.101882330081946,763,3.101882330081946,763,0.42704938113612984,919,0.42704938113612984,919
inject,1140,0.41309947671975955,751.4573238994453,35.1914412434921,2078,1.127271113348806,33.0,4.085621451290991,1841,4.085621451290991,1841,5.4398757816709695,1841,5.4398757816709695,1841,4.798977821863304,1841,4.798977821863304,1841,4.30721977389535,1841,4.30721977389535,1841,0.3661707131122898,1794,0.3661707131122898,1794,3.9924875300722844,1804,3.9924875300722844,1804,5.029686559056639,1804,5.029686559056639,1804,3.8074302838448264,1804,3.8074302838448264,1804,3.3493448451914225,1839,3.3493448451914225,1839,0.388521920179966,1798,0.388521920179966,1798,5.017992767206197,1802,5.017992767206197,1802,6.640447008401206,1802,6.640447008401206,1802,5.133758845028372,1841,5.133758845028372,1841,4.489972624374954,1841,4.489972624374954,1841,0.44069064849785655,1722,0.44069064849785655,1722,4.152480864392311,1800,4.152480864392311,1800,6.045648593122322,1824,6.045648593122322,1824,3.8611596303794276,1869,3.8611596303794276,1869,3.796592596323235,1869,3.796592596323235,1869,0.42890913244566553,1265,0.42890913244566553,1265,3.1395338737208753,544,3.1395338737208753,544,3.9771441389582254,1801,3.9771441389582254,1801,3.2045146766145787,258,3.2045146766145787,258,2.844938592706793,1969,2.844938592706793,1969,0.4007335380876141,544,0.4007335380876141,544
inject,1160,0.02077135411424591,405.94750968252504,43.016277003972235,1406,2.872458265196841,32.0,3.794705680390754,1092,3.794705680390754,1092,3.7849945446468922,1092,3.7849945446468922,1092,4.063988423838192,1092,4.063988423838192,1092,3.7304871580490353,2154,3.7304871580490353,2154,0.37383171606765697,1043,0.37383171606765697,1043,3.7740743561052414,1635,3.7740743561052414,1635,4.0699887473068594,86,4.0699887473068594,86,3.3837252644317535,1090,3.3837252644317535,1090,3.599202901964048,2155,3.599202901964048,2155,0.42514581783171573,80,0.42514581783171573,80,4.644714746339428,84,4.644714746339428,84,5.161886676217464,84,5.161886676217464,84,4.657543390620646,1092,4.657543390620646,1092,4.615999789692891,2154,4.615999789692891,2154,0.47950657737038327,2387,0.47950657737038327,2387,4.505088124154279,84,4.505088124154279,84,4.899449739760053,84,4.899449739760053,84,3.6286885385953673,1093,3.6286885385953673,1093,4.222286151195481,2282,4.222286151195481,2282,0.487876252712616,2311,0.487876252712616,2311,2.9247341030612324,1879,2.9247341030612324,1879,3.0541903594291426,85,3.0541903594291426,85,3.2733371565654203,461,3.2733371565654203,461,3.0941697458289803,978,3.0941697458289803,978,0.3811700989402251,1879,0.3811700989402251,1879
inject,175,0.0371883334032419,451.8581871974224,43.31965062876615,1571,3.7762805342789747,32.0,4.728045029655048,122,4.728045029655048,122,4.393901207671872,122,4.393901207671872,122,5.156551717396843,122,5.156551717396843,122,4.875771999124427,122,4.875771999124427,122,0.4390448017803131,74,0.4390448017803131,74,3.9765447411610633,1573,3.9765447411610633,1573,3.918054624576004,122,3.918054624576004,122,3.969832013714623,123,3.969832013714623,123,3.8225830324062593,123,3.8225830324062593,123,0.39721572127070576,1671,0.39721572127070576,1671,5.109354530554158,257,5.109354530554158,257,4.936267456397052,257,4.936267456397052,257,5.156551717396843,122,5.156551717396843,122,4.875771999124427,122,4.875771999124427,122,0.4390448017803131,74,0.4390448017803131,74,4.735501986669299,587,4.735501986669299,587,4.480528508950419,302,4.480528508950419,302,4.206331048256007,123,4.206331048256007,123,3.939829750687714,122,3.939829750687714,122,0.4455758579503695,555,0.4455758579503695,555,2.900444562258608,121,2.900444562258608,121,2.7884395225818994,121,2.7884395225818994,121,2.8980985839354414,1463,2.8980985839354414,1463,2.743078277623875,1533,2.743078277623875,1533,0.3918823861535083,1463,0.3918823861535083,1463
inject,711,0.0829567909519553,887.1453223421179,42.98028563664334,2069,6.572233053156959,32.0,4.922210342813881,2104,4.922210342813881,2104,5.149742529784501,2104,5.149742529784501,2104,5.378375980393766,2104,5.378375980393766,2104,4.757990706407638,1300,4.757990706407638,1300,0.40549296555949643,1252,0.40549296555949643,1252,4.956737857063663,1301,4.956737857063663,1301,5.238961297033272,2103,5.238961297033272,2103,4.104695369004451,2263,4.104695369004451,2263,4.088683045630387,1301,4.088683045630387,1301,0.4915384549763064,2257,0.4915384549763064,2257,5.476433487979806,2104,5.476433487979806,2104,5.792347261876052,2104,5.792347261876052,2104,5.813407770666994,2104,5.813407770666994,2104,5.139938455634869,1300,5.139938455634869,1300,0.4680882942367172,2274,0.4680882942367172,2274,5.746579964302926,2105,5.746579964302926,2105,6.524127965060693,2105,6.524127965060693,2105,4.739734100464178,2105,4.739734100464178,2105,4.328828494091392,1300,4.328828494091392,1300,0.4787021430235945,1657,0.4787021430235945,1657,3.3140565845805643,1298,3.3140565845805643,1298,3.3918501602643167,2104,3.3918501602643167,2104,3.007953247644403,1298,3.007953247644403,1298,3.367024008428798,150,3.367024008428798,150,0.39770769076769147,2080,0.39770769076769147,2080
inject,287,0.7370940953541523,1284.9805810076505,35.45382842553604,745,0.9133607497601324,33.0,3.593972096901333,483,3.593972096901333,483,5.435813970463166,809,5.435813970463166,809,3.8192125190119364,483,3.8192125190119364,483,3.3187635744014545,1480,3.3187635744014545,1480,0.38570131258478857,435,0.38570131258478857,435,4.106800485214535,808,4.106800485214535,808,7.669081703983925,808,7.669081703983925,808,3.503420503165545,481,3.503420503165545,481,3.4459631751183486,268,3.4459631751183486,268,0.4477649669531655,802,0.4477649669531655,802,3.9452061621550554,483,3.9452061621550554,483,6.486039212976508,808,6.486039212976508,808,4.085638537964139,484,4.085638537964139,484,4.273177651515139,1360,4.273177651515139,1360,0.4578792340446717,901,0.4578792340446717,901,4.163223302974917,809,4.163223302974917,809,7.8443446159132,809,7.8443446159132,809,3.9145829037999222,2158,3.9145829037999222,2158,4.65686308070882,2158,4.65686308070882,2158,0.48858365130905046,2126,0.48858365130905046,2126,3.2474553422383337,227,3.2474553422383337,227,5.3071429964371015,713,5.3071429964371015,713,3.2669993837162625,1360,3.2669993837162625,1360,4.103794339202119,1360,4.103794339202119,1360,0.41162298554251764,909,0.41162298554251764,909
inject,80,0.24045903462525975,1550.891113921643,34.01790189207584,1545,5.5682024400290855,33.0,4.881738598382431,882,4.881738598382431,882,4.728277344241829,1622,4.728277344241829,1622,5.591765858894436,1622,5.591765858894436,1622,4.871669629510485,1622,4.871669629510485,1622,0.37562395540249277,834,0.37562395540249277,834,4.710277447034621,1593,4.710277447034621,1593,4.8549905500835875,1593,4.8549905500835875,1593,4.648927684260645,1622,4.648927684260645,1622,4.128961728275486,1082,4.128961728275486,1082,0.4366799083594795,2164,0.4366799083594795,2164,5.048018250024548,1622,5.048018250024548,1622,5.0348100453352265,1622,5.0348100453352265,1622,5.916698238037911,1623,5.916698238037911,1623,5.529195425994678,1081,5.529195425994678,1081,0.48161412245182594,981,0.48161412245182594,981,6.337492302284083,1862,6.337492302284083,1862,6.273853912152276,1862,6.273853912152276,1862,4.515893202256858,882,4.515893202256858,882,4.5888502896459284,1082,4.5888502896459284,1082,0.4988545292305096,2,0.4988545292305096,2,3.0282200469638583,36,3.0282200469638583,36,3.0715968508228,1619,3.0715968508228,1619,3.166011990751689,1301,3.166011990751689,1301,3.470044174341781,1301,3.470044174341781,1301,0.45876546204221896,989,0.45876546204221896,989
inject,1274,0.2023126410996231,417.9245700216961,41.3260290880452,1684,4.167080522303726,32.0,3.998078494928175,1121,3.998078494928175,1121,4.115444501432649,1121,4.115444501432649,1121,4.073075261382624,159,4.073075261382624,159,3.8379699073212223,88,3.8379699073212223,88,0.3740966262275167,40,0.3740966262275167,40,4.510892986414543,88,4.510892986414543,88,4.577792909781745,88,4.577792909781745,88,3.870439879472023,88,3.870439879472023,88,3.6334375714596945,88,3.6334375714596945,88,0.4799198803015848,82,0.4799198803015848,82,4.609407859226592,1120,4.609407859226592,1120,4.767653233409848,1120,4.767653233409848,1120,4.553869610772146,160,4.553869610772146,160,4.632780710939995,1421,4.632780710939995,1421,0.4723747104287537,159,0.4723747104287537,159,5.522732990029021,1604,5.522732990029021,1604,5.28298823786044,1604,5.28298823786044,1604,4.035438003039504,1421,4.035438003039504,1421,4.579014973069512,1421,4.579014973069512,1421,0.4685429171022463,1571,0.4685429171022463,1571,3.4352664277874934,1443,3.4352664277874934,1443,3.5573211230854027,183,3.5573211230854027,183,3.51241132762669,1443,3.51241132762669,1443,3.7861569885939814,1422,3.7861569885939814,1422,0.42558899317999244,1422,0.42558899317999244,1422
inject,638,0.4123183341272181,953.3521402726597,37.3672023715599,1893,1.077673478509136,32.0,3.594679417355604,1809,3.594679417355604,1809,5.187570607317853,1809,5.187570607317853,1809,3.8032900829352236,1696,3.8032900829352236,1696,3.8308550448532,1696,3.8308550448532,1696,0.3789556629787072,0,0.3789556629787072,0,3.9697202759130206,1810,3.9697202759130206,1810,5.242533154265488,1810,5.242533154265488,1810,3.543514004287791,1810,3.543514004287791,1810,3.7892743122039714,1876,3.7892743122039714,1876,0.40985735715805216,1870,0.40985735715805216,1870,4.6961168554386905,1808,4.6961168554386905,1808,6.679435271154913,1809,6.679435271154913,1809,4.2065676401073056,1919,4.2065676401073056,1919,4.9398971342243625,1434,4.9398971342243625,1434,0.5455373161500258,1911,0.5455373161500258,1911,4.189861333978252,1606,4.189861333978252,1606,6.08973414625382,1788,6.08973414625382,1788,3.9649300321617504,1607,3.9649300321617504,1607,4.055123456012158,1828,4.055123456012158,1828,0.5119409417600028,2265,0.5119409417600028,2265,3.787254139407944,1919,3.787254139407944,1919,4.936363129424907,1919,4.936363129424907,1919,3.6428686899115696,1919,3.6428686899115696,1919,3.2564269668356807,1919,3.2564269668356807,1919,0.5265121581709632,1919,0.5265121581709632,1919
inject,1240,0.12441463560395638,775.6009570144638,38.08922599744143,538,6.444828318545689,32.0,5.201934321913125,514,5.201934321913125,514,6.066228901623489,514,6.066228901623489,514,5.456436658114425,514,5.456436658114425,514,4.3008820615491326,515,4.3008820615491326,515,0.45808115903437835,467,0.45808115903437835,467,5.529132993056751,929,5.529132993056751,929,6.991277399036783,929,6.991277399036783,929,4.823098067842232,513,4.823098067842232,513,4.045240705859834,1995,4.045240705859834,1995,0.5628319902356538,754,0.5628319902356538,754,6.410128157648058,512,6.410128157648058,512,7.5091393385486445,512,7.5091393385486445,512,6.221343298393123,512,6.221343298393123,512,5.813560425604577,790,5.813560425604577,790,0.5859847007775222,432,0.5859847007775222,432,5.955180175970052,930,5.955180175970052,930,7.648609517495548,930,7.648609517495548,930,4.956691740228213,514,4.956691740228213,514,5.255097414680017,790,5.255097414680017,790,0.6339512286694207,718,0.6339512286694207,718,4.516331856697622,335,4.516331856697622,335,5.482601913038458,2112,5.482601913038458,2112,4.638788200305747,1630,4.638788200305747,1630,4.558172915721674,1630,4.558172915721674,1630,0.5896969783687502,1919,0.5896969783687502,1919
inject,761,0.3004097077419855,455.75021501039873,32.562375125696015,1030,4.395948473386462,33.0,4.10949900727158,1056,4.10949900727158,1056,4.118638934763858,1056,4.118638934763858,1056,4.545433637294482,1056,4.545433637294482,1056,4.374238512603116,1025,4.374238512603116,1025,0.40604798485760385,1008,0.40604798485760385,1008,4.260825267914817,1197,4.260825267914817,1197,4.354663366752292,1197,4.354663366752292,1197,3.7303434276640233,1057,3.7303434276640233,1057,3.5594393906567983,1058,3.5594393906567983,1058,0.44646843790482277,1191,0.44646843790482277,1191,4.272313024043378,1347,4.272313024043378,1347,4.2456278142961335,1056,4.2456278142961335,1056,4.730613961689258,1026,4.730613961689258,1026,4.751452727380717,36,4.751452727380717,36,0.4651255318586056,1621,0.4651255318586056,1621,5.234420147297126,904,5.234420147297126,904,4.991879040511343,904,4.991879040511343,904,4.5758951948434365,675,4.5758951948434365,675,4.766926807672936,1038,4.766926807672936,1038,0.4935284075770381,1589,0.4935284075770381,1589,3.0641615671918867,1001,3.0641615671918867,1001,3.1612264426161834,2132,3.1612264426161834,2132,3.1654313131475638,1860,3.1654313131475638,1860,4.057490740012018,1001,4.057490740012018,1001,0.4142496219926015,1629,0.4142496219926015,1629
inject,272,0.17891124384960577,971.1101306892674,41.73023709012065,1973,6.43565225146426,32.0,6.926338394987191,1930,6.926338394987191,1930,7.847817998942976,1474,7.847817998942976,1474,7.256063726358328,1930,7.256063726358328,1930,6.713810320832947,1930,6.713810320832947,1930,0.6029837512147549,1882,0.6029837512147549,1882,7.795464241925129,1475,7.795464241925129,1475,9.512047431133558,1475,9.512047431133558,1475,7.321392782730072,1931,7.321392782730072,1931,6.728908604320764,1931,6.728908604320764,1931,0.7292037554846484,1925,0.7292037554846484,1925,7.079458351064547,1930,7.079458351064547,1930,7.997733156234925,1930,7.997733156234925,1930,7.402215992656555,1930,7.402215992656555,1930,7.521220967029247,1930,7.521220967029247,1930,0.6309563457108857,1898,0.6309563457108857,1898,7.576745741230568,1474,7.576745741230568,1474,9.178017938667677,1475,9.178017938667677,1475,7.273829207219994,1930,7.273829207219994,1930,7.153211248013913,1930,7.153211248013913,1930,0.7068230032951519,1898,0.7068230032951519,1898,4.189481861719856,1473,4.189481861719856,1473,5.052612391827374,1473,5.052612391827374,1473,4.036763202842152,1929,4.036763202842152,1929,4.931286648493777,2178,4.931286648493777,2178,0.5479086349163366,2067,0.5479086349163366,2067
inject,361,0.08057875777777557,701.9090343164013,33.01263383323891,1369,3.539646039349962,33.0,3.573785901964467,1425,3.573785901964467,1425,3.3814326036960494,1158,3.3814326036960494,1158,4.359789121000815,2325,4.359789121000815,2325,4.344368379353858,2325,4.344368379353858,2325,0.3829151854388696,1377,0.3829151854388696,1377,4.324470667886756,646,4.324470667886756,646,4.30251363754674,646,4.30251363754674,646,3.7706985882449318,1483,3.7706985882449318,1483,3.829407129064683,1483,3.829407129064683,1483,0.4514140223638481,640,0.4514140223638481,640,3.8573151403531916,2253,3.8573151403531916,2253,4.190271134538429,1072,4.190271134538429,1072,4.359789121000815,2325,4.359789121000815,2325,4.65166877339766,1072,4.65166877339766,1072,0.503298367750407,2237,0.503298367750407,2237,4.858877656941494,647,4.858877656941494,647,4.7698905744183815,647,4.7698905744183815,647,4.423426351842019,647,4.423426351842019,647,4.5480556854097705,647,4.5480556854097705,647,0.5198310685771158,615,0.5198310685771158,615,3.3288008160891764,1159,3.3288008160891764,1159,3.2315680206449287,1159,3.2315680206449287,1159,3.1690644242018604,1159,3.1690644242018604,1159,3.1326113940986056,1140,3.1326113940986056,1140,0.39456578786102764,1159,0.39456578786102764,1159
inject,336,0.3570269919107021,899.8379411265669,37.502213713468194,1132,7.412745520418826,32.0,5.498075202475747,1132,5.498075202475747,1132,5.5654431146068735,1132,5.5654431146068735,1132,6.008820407604623,1132,6.008820407604623,1132,5.6352706182463645,1131,5.6352706182463645,1131,0.5086536934825436,1083,0.5086536934825436,1083,5.895913382526998,1132,5.895913382526998,1132,5.998154432713983,1132,5.998154432713983,1132,6.058872421744167,1132,6.058872421744167,1132,5.884363538855236,1132,5.884363538855236,1132,0.5184434940551602,1126,0.5184434940551602,1126,5.923060427414145,1131,5.923060427414145,1131,6.002936795312591,1131,6.002936795312591,1131,6.328858443331247,1131,6.328858443331247,1131,6.679336334390803,1131,6.679336334390803,1131,0.667807283966029,2030,0.667807283966029,2030,6.251582812719164,1132,6.251582812719164,1132,6.358477243624761,1132,6.358477243624761,1132,6.4691160222075625,1132,6.4691160222075625,1132,6.4649037819759805,1132,6.4649037819759805,1132,0.5775601766441257,1100,0.5775601766441257,1100,3.7162187334875094,2038,3.7162187334875094,2038,4.038118814288289,2038,4.038118814288289,2038,4.430826428754168,2038,4.430826428754168,2038,4.4429086587543045,2038,4.4429086587543045,2038,0.6448183338913581,2038,0.6448183338913581,2038
inject,463,0.02809079159029082,598.0754034847898,40.481454596248106,1847,1.28033799469331,32.0,5.224120146833642,1780,5.224120146833642,1780,5.341702830663774,1780,5.341702830663774,1780,5.833584865227619,1780,5.833584865227619,1780,6.046552980988908,1780,6.046552980988908,1780,0.5580088472762152,1732,0.5580088472762152,1732,3.6684483212244636,1781,3.6684483212244636,1781,3.854626015791841,1781,3.854626015791841,1781,4.171105568081761,1781,4.171105568081761,1781,4.784539492800084,1781,4.784539492800084,1781,0.40913779957415347,1774,0.40913779957415347,1774,5.224120146833642,1780,5.224120146833642,1780,5.341702830663774,1780,5.341702830663774,1780,5.833584865227619,1780,5.833584865227619,1780,6.0898266018133365,1780,6.0898266018133365,1780,0.5580088472762152,1732,0.5580088472762152,1732,4.637166266218122,2246,4.637166266218122,2246,4.858909002215048,693,4.858909002215048,693,4.417832573516358,1781,4.417832573516358,1781,4.916493164798194,1780,4.916493164798194,1780,0.45572614126282734,1749,0.45572614126282734,1749,2.9062569023887863,2167,2.9062569023887863,2167,2.921683893418851,588,2.921683893418851,588,3.0207290543668526,2167,3.0207290543668526,2167,3.1875001467517547,2167,3.1875001467517547,2167,0.404501219158955,2114,0.404501219158955,2114
inject,719,0.12172000900783198,878.0011573120519,30.98886168389076,1424,0.9780291557237814,33.0,5.065166092778497,1216,5.065166092778497,1216,5.402608021064266,573,5.402608021064266,573,5.464073416596619,1216,5.464073416596619,1216,4.868166249348536,1216,4.868166249348536,1216,0.48358387061794417,1169,0.48358387061794417,1169,4.204957632829557,1217,4.204957632829557,1217,5.562168585215337,574,5.562168585215337,574,4.018416638555983,1217,4.018416638555983,1217,3.7716190814118478,378,3.7716190814118478,378,0.3780701116043387,568,0.3780701116043387,568,5.383987848196986,1216,5.383987848196986,1216,6.065666002563031,574,6.065666002563031,574,5.698069900965356,1216,5.698069900965356,1216,4.868166249348536,1216,4.868166249348536,1216,0.5121048203462295,1160,0.5121048203462295,1160,4.992160079700468,1217,4.992160079700468,1217,5.720604990703321,574,5.720604990703321,574,4.638230060378722,1217,4.638230060378722,1217,4.366355282089826,377,4.366355282089826,377,0.5309867194105726,653,0.5309867194105726,653,4.148897766385076,1293,4.148897766385076,1293,4.275877956952036,1293,4.275877956952036,1293,4.088533788778937,1293,4.088533788778937,1293,3.311091757413535,1196,3.311091757413535,1196,0.49693036127983503,1293,0.49693036127983503,1293
inject,1205,0.5405558759415181,1013.2010812769724,38.37350897042031,336,4.237896107603996,32.0,4.668810892342643,2302,4.668810892342643,2302,4.6412889942564695,2302,4.6412889942564695,2302,5.169178887447197,2301,5.169178887447197,2301,5.017657017357669,2301,5.017657017357669,2301,0.5471650067614864,2253,0.5471650067614864,2253,5.031130856411991,337,5.031130856411991,337,5.169740238657557,337,5.169740238657557,337,4.377714647528824,337,4.377714647528824,337,4.448218076071212,337,4.448218076071212,337,0.5475901664570308,330,0.5475901664570308,330,5.422034531500422,337,5.422034531500422,337,5.508814459207361,337,5.508814459207361,337,5.489299697553093,337,5.489299697553093,337,6.250629785850309,337,6.250629785850309,337,0.6295717356738195,312,0.6295717356738195,312,5.580779044656812,337,5.580779044656812,337,5.72995547518268,337,5.72995547518268,337,4.921612074781969,337,4.921612074781969,337,4.984006113484744,336,4.984006113484744,336,0.6065886705136945,305,0.6065886705136945,305,3.455038124726271,369,3.455038124726271,369,3.5231029412031405,369,3.5231029412031405,369,3.336907272365907,369,3.336907272365907,369,3.1828005750065045,406,3.1828005750065045,406,0.4381835485760622,369,0.4381835485760622,369
inject,840,0.19253388076514988,887.5692397129003,32.62030529657926,529,5.3844259978974165,33.0,3.926569642268461,1053,3.926569642268461,1053,3.7890971358028653,1053,3.7890971358028653,1053,3.9984377445751864,1053,3.9984377445751864,1053,4.086672099907256,2363,4.086672099907256,2363,0.395756776028282,1005,0.395756776028282,1005,3.4879994425782885,1011,3.4879994425782885,1011,3.4668220433663164,1872,3.4668220433663164,1872,3.6477702500260145,2097,3.6477702500260145,2097,3.7477797069123078,2097,3.7477797069123078,2097,0.36701368236335435,1731,0.36701368236335435,1731,4.242073399133558,854,4.242073399133558,854,4.266032418804922,854,4.266032418804922,854,4.401141517101924,854,4.401141517101924,854,5.047032713458687,854,5.047032713458687,854,0.4528732943528747,1329,0.4528732943528747,1329,4.887955239043973,1095,4.887955239043973,1095,4.8907601763545445,1095,4.8907601763545445,1095,3.9181333125869355,2097,3.9181333125869355,2097,4.085900685046333,1368,4.085900685046333,1368,0.4759011832586722,1307,0.4759011832586722,1307,3.0866606235870044,1337,3.0866606235870044,1337,3.063236011646209,878,3.063236011646209,878,3.0732331966426676,878,3.0732331966426676,878,2.5643990810531485,878,2.5643990810531485,878,0.4546251867448489,1337,0.4546251867448489,1337
inject,41,0.1189623120125809,847.0104958235744,42.19278550644101,1248,2.7218188786583437,32.0,3.5838667783981895,265,3.5838667783981895,265,3.9982942164023796,265,3.9982942164023796,265,3.9525218234469626,265,3.9525218234469626,265,4.045513259772323,4,4.045513259772323,4,0.40329230024459156,26,0.40329230024459156,26,4.110666308526888,210,4.110666308526888,210,4.745312419307614,210,4.745312419307614,210,3.1803402159687426,1723,3.1803402159687426,1723,3.932843923531865,1723,3.932843923531865,1723,0.3943092449697197,30,0.3943092449697197,30,4.980480518970923,31,4.980480518970923,31,5.727445164019856,31,5.727445164019856,31,4.643438810288759,1722,4.643438810288759,1722,5.62847633317522,1722,5.62847633317522,1722,0.5174509503022209,2343,0.5174509503022209,2343,4.503351252498528,29,4.503351252498528,29,5.823072625167323,30,5.823072625167323,30,3.672874192477865,1722,3.672874192477865,1722,4.4085344679281,1722,4.4085344679281,1722,0.4632423842277567,470,0.4632423842277567,470,3.1590358167197348,212,3.1590358167197348,212,3.673235370671928,212,3.673235370671928,212,2.905687238142555,870,2.905687238142555,870,3.7547767042467393,1534,3.7547767042467393,1534,0.37168845126783323,2080,0.37168845126783323,2080
inject,518,0.3161773783731425,1756.0776192330075,36.31656486964792,759,1.9055424107186119,32.0,4.46331887994345,2291,4.46331887994345,2291,3.8901721185893408,802,3.8901721185893408,802,4.706003127396168,2291,4.706003127396168,2291,4.641258067434666,2291,4.641258067434666,2291,0.4206434311854886,2243,0.4206434311854886,2243,3.4639500814319004,2290,3.4639500814319004,2290,3.3683865244515268,1766,3.3683865244515268,1766,3.854477040077719,2290,3.854477040077719,2290,3.5896201192935813,825,3.5896201192935813,825,0.32608935479427686,1042,0.32608935479427686,1042,4.46331887994345,2291,4.46331887994345,2291,4.454843660185313,803,4.454843660185313,803,4.706003127396168,2291,4.706003127396168,2291,5.045581442704694,825,5.045581442704694,825,0.46896198641343445,1397,0.46896198641343445,1397,3.907054561106355,788,3.907054561106355,788,4.007251254110868,788,4.007251254110868,788,4.039430275446611,2291,4.039430275446611,2291,4.492507933614061,1048,4.492507933614061,1048,0.5104300246606351,1381,0.5104300246606351,1381,3.1899644942975374,319,3.1899644942975374,319,3.4213065214081615,537,3.4213065214081615,537,3.314396107622953,501,3.314396107622953,501,3.3827207736322937,1049,3.3827207736322937,1049,0.4580146778596765,501,0.4580146778596765,501
inject,851,0.2015277329569004,1420.1325131977644,34.8508222331038,1100,5.321446755826368,33.0,4.618022413187896,1804,4.618022413187896,1804,4.998178776073155,1804,4.998178776073155,1804,4.721466797074371,455,4.721466797074371,455,4.879940935960851,755,4.879940935960851,755,0.360762513732704,1756,0.360762513732704,1756,6.150381947453776,1803,6.150381947453776,1803,6.753204734966532,1803,6.753204734966532,1803,4.7213157607154335,1803,4.7213157607154335,1803,4.130907847097409,2027,4.130907847097409,2027,0.5115103793706237,1797,0.5115103793706237,1797,5.476179186288838,1802,5.476179186288838,1802,5.950199178388389,1802,5.950199178388389,1802,5.0022337695632535,1804,5.0022337695632535,1804,4.879940935960851,755,4.879940935960851,755,0.46523080999480704,1446,0.46523080999480704,1446,6.313675352549987,1804,6.313675352549987,1804,7.037227450614311,1804,7.037227450614311,1804,4.928955372535824,1803,4.928955372535824,1803,5.181429134804188,1462,5.181429134804188,1462,0.540829059671233,1771,0.540829059671233,1771,3.5176791543980825,1802,3.5176791543980825,1802,3.833510153113103,1802,3.833510153113103,1802,3.138470608404631,785,3.138470608404631,785,3.1146137589693907,1067,3.1146137589693907,1067,0.44240956148677535,989,0.44240956148677535,989
inject,203,0.20796042039367268,378.59984631665543,30.65886097214961,1033,4.004135017239767,33.0,5.1049024911226875,1827,5.1049024911226875,1827,5.326198325368085,492,5.326198325368085,492,5.350646820383109,492,5.350646820383109,492,5.524524899598831,492,5.524524899598831,492,0.46703253863964406,444,0.46703253863964406,444,4.35015940471897,493,4.35015940471897,493,5.033480286970425,493,5.033480286970425,493,4.415151964895585,493,4.415151964895585,493,4.521192058891618,493,4.521192058891618,493,0.46410833074996105,487,0.46410833074996105,487,5.617571307011447,1047,5.617571307011447,1047,6.040988054424318,1047,6.040988054424318,1047,5.4436365350996025,492,5.4436365350996025,492,5.743344689387598,492,5.743344689387598,492,0.47456964104574506,452,0.47456964104574506,452,5.025482599103723,1825,5.025482599103723,1825,5.510005863552527,1050,5.510005863552527,1050,4.770154884325709,1825,4.770154884325709,1825,4.720238083063115,492,4.720238083063115,492,0.481424343731784,2039,0.481424343731784,2039,3.276635414400303,1765,3.276635414400303,1765,3.333620499188494,2086,3.333620499188494,2086,3.6488127465744666,1765,3.6488127465744666,1765,3.506929352873996,1765,3.506929352873996,1765,0.4354977744249154,2086,0.4354977744249154,2086
inject,516,0.09569223926364412,581.9902334087358,37.448881295313925,1452,7.033620105872586,32.0,4.434390619302613,2156,4.434390619302613,2156,4.790317365555799,2156,4.790317365555799,2156,4.731871403664403,2157,4.731871403664403,2157,4.643909730586725,2156,4.643909730586725,2156,0.41660483314021,2108,0.41660483314021,2108,4.528892539340051,783,4.528892539340051,783,5.182966607580905,783,5.182966607580905,783,4.471292129458939,1145,4.471292129458939,1145,4.327538340364416,1145,4.327538340364416,1145,0.46868594036613564,1139,0.46868594036613564,1139,4.828410302259137,782,4.828410302259137,782,5.153235470905201,782,5.153235470905201,782,4.904193335391657,66,4.904193335391657,66,5.4831496009504335,782,5.4831496009504335,782,0.664021188731074,58,0.664021188731074,58,4.84747597993512,782,4.84747597993512,782,5.440152520829706,782,5.440152520829706,782,4.6113582967281745,1145,4.6113582967281745,1145,4.677021505754363,20,4.677021505754363,20,0.5091415690836016,1519,0.5091415690836016,1519,4.233279615012505,66,4.233279615012505,66,4.509285645007965,66,4.509285645007965,66,4.250389309091576,66,4.250389309091576,66,3.5529986753448832,66,3.5529986753448832,66,0.6446725203166278,66,0.6446725203166278,66
inject,134,0.09940099389416979,1540.0235227116466,33.95976712783695,846,5.223012674914295,33.0,4.658970012666115,576,4.658970012666115,576,4.524797329592668,2228,4.524797329592668,2228,5.5217539631675505,576,5.5217539631675505,576,5.447155786302224,2228,5.447155786302224,2228,0.3957974953713828,1509,0.3957974953713828,1509,4.930422375912755,576,4.930422375912755,576,5.017288506497896,2251,5.017288506497896,2251,4.83512650147539,576,4.83512650147539,576,4.952736520069627,576,4.952736520069627,576,0.4609886631584581,570,0.4609886631584581,570,5.736908532391151,95,5.736908532391151,95,5.926297733250866,95,5.926297733250866,95,5.6822953744812565,576,5.6822953744812565,576,5.995827335201324,1288,5.995827335201324,1288,0.4889804956539875,1256,0.4889804956539875,1256,5.6708746778627805,2260,5.6708746778627805,2260,6.627640077649961,2260,6.627640077649961,2260,5.07200450026499,113,5.07200450026499,113,4.985827811560137,575,4.985827811560137,575,0.5209706560997808,1294,0.5209706560997808,1294,3.3301289890325467,1557,3.3301289890325467,1557,3.3809774562375075,2228,3.3809774562375075,2228,3.4774753167876784,1557,3.4774753167876784,1557,3.3276130041127745,2227,3.3276130041127745,2227,0.3997279267756718,1140,0.3997279267756718,1140
inject,1045,0.09705662487634692,947.2268473822234,32.604036333924114,465,4.832899404581266,33.0,4.1168358518829375,413,4.1168358518829375,413,4.09182490066963,1675,4.09182490066963,1675,4.375913109720924,1675,4.375913109720924,1675,4.184839163131513,2011,4.184839163131513,2011,0.4089293996984433,365,0.4089293996984433,365,4.471527010382219,412,4.471527010382219,412,4.641306665531432,2013,4.641306665531432,2013,4.343847426093265,412,4.343847426093265,412,4.327868426282597,2012,4.327868426282597,2012,0.4644693506018431,406,0.4644693506018431,406,5.308268520519709,2012,5.308268520519709,2012,5.384184044385628,2012,5.384184044385628,2012,5.344514753667101,2012,5.344514753667101,2012,6.297263661078423,2012,6.297263661078423,2012,0.5512377447995255,1980,0.5512377447995255,1980,4.781498028049278,2012,4.781498028049278,2012,5.113293038269602,2012,5.113293038269602,2012,4.491103426541828,412,4.491103426541828,412,4.919992003542512,2012,4.919992003542512,2012,0.4954986212770614,380,0.4954986212770614,380,3.712687340233781,131,3.712687340233781,131,3.6143412503952694,131,3.6143412503952694,131,3.5600917784661794,131,3.5600917784661794,131,3.5658308790849085,1744,3.5658308790849085,1744,0.430266790276548,131,0.430266790276548,131
inject,724,0.750546135659246,1858.7212984618714,43.571148624419656,616,2.0304173605544014,32.0,4.341126755511393,619,4.341126755511393,619,5.460226852744973,619,5.460226852744973,619,4.861447825520631,619,4.861447825520631,619,5.61715347354078,2393,5.61715347354078,2393,0.41652904570717786,571,0.41652904570717786,571,3.640197588728373,1930,3.640197588728373,1930,3.3906341017647916,1930,3.3906341017647916,1930,3.021863028595656,1247,3.021863028595656,1247,5.3341340563077,2394,5.3341340563077,2394,0.38489727892181813,1241,0.38489727892181813,1241,4.853594606106806,1521,4.853594606106806,1521,5.460226852744973,619,5.460226852744973,619,4.861447825520631,619,4.861447825520631,619,5.64339253606521,2393,5.64339253606521,2393,0.4438681893526887,1744,0.4438681893526887,1744,5.637952750967886,85,5.637952750967886,85,6.192812749023045,85,6.192812749023045,85,4.297904771405366,631,4.297904771405366,631,5.656192552723807,2393,5.656192552723807,2393,0.5164068904322456,53,0.5164068904322456,53,3.217155532978221,1735,3.217155532978221,1735,3.3509734421633897,672,3.3509734421633897,672,3.032555991979353,1735,3.032555991979353,1735,3.205876590803367,1735,3.205876590803367,1735,0.3887580900785417,982,0.3887580900785417,982
inject,515,0.3281883614587663,1737.3211278223819,43.81262566783268,264,1.6669930408343554,32.0,4.122924447216988,1642,4.122924447216988,1642,4.5377318390985115,1642,4.5377318390985115,1642,4.337842180854021,1642,4.337842180854021,1642,3.734264091177675,1642,3.734264091177675,1642,0.4564738619760663,1594,0.4564738619760663,1594,4.168665517131122,1645,4.168665517131122,1645,4.419176061404409,1645,4.419176061404409,1645,3.6202462667000335,1645,3.6202462667000335,1645,3.7011260089022056,883,3.7011260089022056,883,0.4401586178784392,1639,0.4401586178784392,1639,4.361684669812603,1642,4.361684669812603,1642,4.811878048151455,1642,4.811878048151455,1642,4.494383241602961,1642,4.494383241602961,1642,4.712371384563236,883,4.712371384563236,883,0.4907290817437794,1578,0.4907290817437794,1578,4.407452293855649,1641,4.407452293855649,1641,4.92554702531004,1000,4.92554702531004,1000,3.964505796644517,125,3.964505796644517,125,4.714352303920688,125,4.714352303920688,125,0.4771713350006007,1609,0.4771713350006007,1609,3.307088499135037,2364,3.307088499135037,2364,3.4384628057643662,743,3.4384628057643662,743,3.2399071428832387,2364,3.2399071428832387,2364,2.9896929076327186,476,2.9896929076327186,476,0.4148137737613842,1056,0.4148137737613842,1056
inject,574,0.2624020948063486,785.6842674199947,34.565482739497796,1873,1.2823945051821317,33.0,4.5464179864007574,1297,4.5464179864007574,1297,5.572055673940407,733,5.572055673940407,733,5.061652788422933,1297,5.061652788422933,1297,5.126101417858309,1297,5.126101417858309,1297,0.44911717976678134,1249,0.44911717976678134,1249,4.225880679404518,735,4.225880679404518,735,5.528538164354971,735,5.528538164354971,735,3.6973431502924647,1298,3.6973431502924647,1298,3.960359984820458,805,3.960359984820458,805,0.4227196244293977,729,0.4227196244293977,729,4.655751721218028,1297,4.655751721218028,1297,5.739888529508313,733,5.739888529508313,733,5.061652788422933,1297,5.061652788422933,1297,5.301086137917424,1297,5.301086137917424,1297,0.49862407543244586,2082,0.49862407543244586,2082,4.639726255011441,1549,4.639726255011441,1549,5.923190324235699,733,5.923190324235699,733,3.902542545910049,1298,3.902542545910049,1298,4.535513511472517,805,4.535513511472517,805,0.46966987834226903,2307,0.46966987834226903,2307,4.212876026414628,2090,4.212876026414628,2090,3.949438290600503,1952,3.949438290600503,1952,4.126838502793324,2090,4.126838502793324,2090,3.4667103678368436,803,3.4667103678368436,803,0.5365906636356649,2090,0.5365906636356649,2090
inject,470,0.07156570467401269,793.0240146026366,44.35446334635239,1312,4.5849330549170455,32.0,4.357158407243108,1063,4.357158407243108,1063,4.467443770467679,1063,4.467443770467679,1063,4.824108208664846,1063,4.824108208664846,1063,4.283428673401328,1063,4.283428673401328,1063,0.39424904457699156,1015,0.39424904457699156,1015,4.270177062798081,1021,4.270177062798081,1021,4.549132673137992,1021,4.549132673137992,1021,3.687451552736599,1063,3.687451552736599,1063,3.6227419678148305,1151,3.6227419678148305,1151,0.40595723019428465,1599,0.40595723019428465,1599,4.437609696227683,1254,4.437609696227683,1254,4.546424742687303,1064,4.546424742687303,1064,4.92819915634367,1064,4.92819915634367,1064,5.060469459855717,1254,5.060469459855717,1254,0.4646307859830916,618,0.4646307859830916,618,4.219157789859377,1021,4.219157789859377,1021,4.53486187358653,1021,4.53486187358653,1021,3.959148235740034,1604,3.959148235740034,1604,4.551072407117,2394,4.551072407117,2394,0.453752103363788,4,0.453752103363788,4,3.04201789282985,1060,3.04201789282985,1060,3.181500612748549,1060,3.181500612748549,1060,3.095758876341834,1060,3.095758876341834,1060,2.7703811584047173,2006,2.7703811584047173,2006,0.4848022409776406,626,0.4848022409776406,626
inject,760,0.007869115867534027,1593.80252836448,44.244359703966566,877,4.81951136475398,32.0,4.247215862503182,1036,4.247215862503182,1036,4.481221616923414,1036,4.481221616923414,1036,4.492493726646459,1414,4.492493726646459,1414,4.072457090014004,1414,4.072457090014004,1414,0.3851208644012373,988,0.3851208644012373,988,5.332043764527723,515,5.332043764527723,515,5.502223054996781,515,5.502223054996781,515,4.379889499159499,1037,4.379889499159499,1037,4.487862610172628,515,4.487862610172628,515,0.5411714062620415,509,0.5411714062620415,509,5.110499937421497,2043,5.110499937421497,2043,5.969503423650588,2043,5.969503423650588,2043,5.290949780767464,2043,5.290949780767464,2043,5.974987380641677,2043,5.974987380641677,2043,0.565215471176601,2027,0.565215471176601,2027,6.073150146720097,2057,6.073150146720097,2057,6.87768908284483,2057,6.87768908284483,2057,5.166116474517572,2043,5.166116474517572,2043,6.120649684101288,4,6.120649684101288,4,0.5648601505814951,2011,0.5648601505814951,2011,3.51277590041797,1124,3.51277590041797,1124,3.6391281756571936,1124,3.6391281756571936,1124,3.383053277979348,2153,3.383053277979348,2153,3.7071189428785742,2043,3.7071189428785742,2043,0.4695842223168142,1124,0.4695842223168142,1124
inject,1260,0.24726123279679124,949.8011157586477,39.15729834170073,1606,1.3391721682016775,32.0,3.217902354245251,693,3.217902354245251,693,3.6881754660578565,693,3.6881754660578565,693,3.707122656927575,2237,3.707122656927575,2237,3.9514518332375066,2259,3.9514518332375066,2259,0.3524623541680311,2189,0.3524623541680311,2189,3.8803647901490486,637,3.8803647901490486,637,4.255119008066279,637,4.255119008066279,637,3.8828813829075868,693,3.8828813829075868,693,4.2536554794829025,693,4.2536554794829025,693,0.42506024411029175,631,0.42506024411029175,631,4.686280296435182,488,4.686280296435182,488,5.167618444584491,692,5.167618444584491,692,4.953171090493206,692,4.953171090493206,692,5.714329466563086,488,5.714329466563086,488,0.5386630139922814,464,0.5386630139922814,464,4.753043688769522,2347,4.753043688769522,2347,5.488729643049786,937,5.488729643049786,937,4.702278084827772,692,4.702278084827772,692,5.241427237283485,692,5.241427237283485,692,0.46558938780032905,545,0.46558938780032905,545,3.485296173626883,692,3.485296173626883,692,3.8716157261431707,692,3.8716157261431707,692,3.7718111162161567,692,3.7718111162161567,692,4.017797577853329,692,4.017797577853329,692,0.38711163430439083,431,0.38711163430439083,431
inject,682,0.3950277596502362,1497.0677366637844,31.786327437668145,926,5.842783840076455,33.0,4.365419410363465,88,4.365419410363465,88,5.001735443391338,88,5.001735443391338,88,4.565021252264416,88,4.565021252264416,88,4.276135842763349,88,4.276135842763349,88,0.453049577011817,40,0.453049577011817,40,5.135815564567149,760,5.135815564567149,760,6.273285697369765,760,6.273285697369765,760,4.423541475153264,89,4.423541475153264,89,4.3180933775378705,89,4.3180933775378705,89,0.5088162125089539,754,0.5088162125089539,754,4.990029759892853,924,4.990029759892853,924,5.614947797667427,924,5.614947797667427,924,4.981373557268019,89,4.981373557268019,89,5.604606128528661,1515,5.604606128528661,1515,0.519328974855457,1810,0.519328974855457,1810,5.519626839370302,760,5.519626839370302,760,6.576987469324879,760,6.576987469324879,760,4.922126862661106,760,4.922126862661106,760,5.190717068020391,1926,5.190717068020391,1926,0.6012343385947292,728,0.6012343385947292,728,4.227184347122543,1516,4.227184347122543,1516,4.924057532645482,1516,4.924057532645482,1516,4.011320688129015,1516,4.011320688129015,1516,4.835466896620288,1515,4.835466896620288,1515,0.45529275454504275,1827,0.45529275454504275,1827
inject,314,0.08274980238054541,519.7629521951853,30.989042917551316,2127,4.112642664184628,33.0,4.973617376302072,874,4.973617376302072,874,5.689998910664705,874,5.689998910664705,874,4.907711697871343,874,4.907711697871343,874,4.523932729423885,1494,4.523932729423885,1494,0.48814792894814146,826,0.48814792894814146,826,4.872486174338927,877,4.872486174338927,877,5.649651746096117,877,5.649651746096117,877,4.300439216308696,877,4.300439216308696,877,4.023703565615123,1494,4.023703565615123,1494,0.45507012275454845,871,0.45507012275454845,871,5.216536781349229,873,5.216536781349229,873,5.988572612217482,873,5.988572612217482,873,4.907711697871343,874,4.907711697871343,874,4.703498307480668,2382,4.703498307480668,2382,0.49898482472560857,810,0.49898482472560857,810,5.579840133982856,873,5.579840133982856,873,6.48011078812961,873,6.48011078812961,873,4.807607225420127,873,4.807607225420127,873,4.558684415251419,2392,4.558684415251419,2392,0.5484426633426254,841,0.5484426633426254,841,3.306952545105989,1982,3.306952545105989,1982,3.3889954582383783,951,3.3889954582383783,951,3.070339688106368,1398,3.070339688106368,1398,3.0033658238090997,2157,3.0033658238090997,2157,0.4508898094957236,1875,0.4508898094957236,1875
inject,74,0.2730531199977839,470.00825368199185,31.088765586496756,1506,1.3532509844753715,33.0,4.28219997197779,242,4.28219997197779,242,4.770505875143817,242,4.770505875143817,242,4.907501903800246,242,4.907501903800246,242,4.676055519870654,242,4.676055519870654,242,0.3969125369710971,193,0.3969125369710971,193,3.494170499847052,2059,3.494170499847052,2059,3.803769468113798,243,3.803769468113798,243,4.029889419021658,243,4.029889419021658,243,4.146234203957956,243,4.146234203957956,243,0.3814636156334424,2053,0.3814636156334424,2053,4.330753040185983,242,4.330753040185983,242,4.839315063077946,242,4.839315063077946,242,4.990037191629165,242,4.990037191629165,242,4.676055519870654,242,4.676055519870654,242,0.4661610175960162,298,0.4661610175960162,298,4.310580037888026,431,4.310580037888026,431,4.6466307623807,431,4.6466307623807,431,4.228302608289243,242,4.228302608289243,242,4.442646608732518,242,4.442646608732518,242,0.5788370245803799,399,0.5788370245803799,399,2.9456921281495325,322,2.9456921281495325,322,3.521838519449074,654,3.521838519449074,654,3.1074255496484366,244,3.1074255496484366,244,3.4036412925461286,322,3.4036412925461286,322,0.398401249915297,965,0.398401249915297,965
inject,359,0.14866571166462705,1444.440001345168,39.918775863058386,2143,5.628177237724443,32.0,5.336100879886996,690,5.336100879886996,690,5.763080388664486,690,5.763080388664486,690,5.6751847655370415,690,5.6751847655370415,690,5.228744262097801,690,5.228744262097801,690,0.5411985550554389,642,0.5411985550554389,642,6.366292154774069,690,6.366292154774069,690,7.262048992474311,690,7.262048992474311,690,5.384956852587176,690,5.384956852587176,690,4.971646106181421,690,4.971646106181421,690,0.6515388299395084,684,0.6515388299395084,684,5.355583973136135,691,5.355583973136135,691,5.786429621206785,691,5.786429621206785,691,5.6751847655370415,690,5.6751847655370415,690,5.307303461065503,690,5.307303461065503,690,0.5411985550554389,642,0.5411985550554389,642,6.162523343347283,690,6.162523343347283,690,7.054657276979138,690,7.054657276979138,690,5.31602150563866,690,5.31602150563866,690,5.0705671386651945,690,5.0705671386651945,690,0.621215865806933,658,0.621215865806933,658,3.3451857157861213,688,3.3451857157861213,688,3.7787587840342116,688,3.7787587840342116,688,3.122784839778576,1921,3.122784839778576,1921,3.240254541243493,688,3.240254541243493,688,0.4037238469318408,926,0.4037238469318408,926
inject,668,0.1200459245474208,924.2727317053183,36.8077822744142,1512,5.799536434672913,32.0,3.809832033128237,1797,3.809832033128237,1797,3.698312949173241,1797,3.698312949173241,1797,3.7173948346731462,1796,3.7173948346731462,1796,3.5399424722406203,1414,3.5399424722406203,1414,0.4070144934482386,1749,0.4070144934482386,1749,3.49185058382675,953,3.49185058382675,953,3.4959827880326793,1797,3.4959827880326793,1797,3.5762246781175397,1152,3.5762246781175397,1152,3.6501958286061704,2200,3.6501958286061704,2200,0.36206781243147645,1660,0.36206781243147645,1660,4.353965241233641,2109,4.353965241233641,2109,4.24925089151982,2108,4.24925089151982,2108,4.070157263410771,2239,4.070157263410771,2239,4.7724056005320055,2238,4.7724056005320055,2238,0.4864638155558989,2214,0.4864638155558989,2214,5.296587075973248,2108,5.296587075973248,2108,5.311067904733372,2107,5.311067904733372,2107,4.06517841769074,723,4.06517841769074,723,4.325160533210442,2368,4.325160533210442,2368,0.485734110166811,690,0.485734110166811,690,3.0335471280077444,952,3.0335471280077444,952,3.062030543150428,952,3.062030543150428,952,3.0077929462765276,723,3.0077929462765276,723,3.643931981826805,2239,3.643931981826805,2239,0.37165983242337514,1414,0.37165983242337514,1414
inject,218,0.6311436850858527,1149.6705942940632,40.20305127781788,779,4.682298113578102,32.0,5.755803646061961,779,5.755803646061961,779,5.800055078104868,779,5.800055078104868,779,6.334170000231056,779,6.334170000231056,779,6.079171837279681,779,6.079171837279681,779,0.5018812046478908,731,0.5018812046478908,731,6.253750267254905,780,6.253750267254905,780,6.4612956450291925,780,6.4612956450291925,780,5.862201231335869,780,5.862201231335869,780,5.490747093041925,780,5.490747093041925,780,0.5931686914142443,774,0.5931686914142443,774,5.755803646061961,779,5.755803646061961,779,5.800055078104868,779,5.800055078104868,779,6.334170000231056,779,6.334170000231056,779,6.144895202564731,780,6.144895202564731,780,0.5203225073830328,2007,0.5203225073830328,2007,5.984008581457531,780,5.984008581457531,780,6.179479893530589,780,6.179479893530589,780,5.674352728399391,780,5.674352728399391,780,5.655340837290229,234,5.655340837290229,234,0.5383993866674751,748,0.5383993866674751,748,3.393692721812208,2015,3.393692721812208,2015,3.421556734911623,2015,3.421556734911623,2015,3.6901419396116983,2015,3.6901419396116983,2015,3.1180959041158998,799,3.1180959041158998,799,0.5209144972528051,2015,0.5209144972528051,2015
inject,699,0.1265522799018256,881.7449937558486,38.515319663890025,1506,4.2065481697446705,32.0,5.627448562060865,1570,5.627448562060865,1570,5.236703471707501,1570,5.236703471707501,1570,6.384976038364413,1570,6.384976038364413,1570,6.035075891799541,1570,6.035075891799541,1570,0.5262694026951054,1522,0.5262694026951054,1522,4.645244422946691,1570,4.645244422946691,1570,4.628072868318234,398,4.628072868318234,398,5.306042956005216,1570,5.306042956005216,1570,5.406420093946463,1570,5.406420093946463,1570,0.42162228211857466,1564,0.42162228211857466,1564,5.670333533562281,1570,5.670333533562281,1570,5.521177602080689,2201,5.521177602080689,2201,6.384976038364413,1570,6.384976038364413,1570,6.267004087995209,1570,6.267004087995209,1570,0.5340867075637339,1530,0.5340867075637339,1530,5.901414422202016,1111,5.901414422202016,1111,5.919186325000402,392,5.919186325000402,392,5.674721514496013,1570,5.674721514496013,1570,5.7604331059671665,1570,5.7604331059671665,1570,0.6198520613503219,1651,0.6198520613503219,1651,3.2777100014554383,1682,3.2777100014554383,1682,3.074910026949709,1682,3.074910026949709,1682,3.1420819993774933,1981,3.1420819993774933,1981,3.463271331732372,2142,3.463271331732372,2142,0.4171013257835493,1679,0.4171013257835493,1679
inject,400,0.1657661005618224,449.6996626591981,36.30369843680565,373,4.635408566977934,32.0,5.067719402048534,1105,5.067719402048534,1105,4.951420366555511,1105,4.951420366555511,1105,5.5379863345700695,1105,5.5379863345700695,1105,4.744058124354022,1105,4.744058124354022,1105,0.43797194974766374,1057,0.43797194974766374,1057,4.414555859331438,1583,4.414555859331438,1583,4.6546475781073555,2229,4.6546475781073555,2229,4.394948068277423,1105,4.394948068277423,1105,4.723765260198918,282,4.723765260198918,282,0.4169847223266894,277,0.4169847223266894,277,5.259098982082299,1105,5.259098982082299,1105,5.417035336689668,2024,5.417035336689668,2024,5.676030922309253,1105,5.676030922309253,1105,5.438456694998549,282,5.438456694998549,282,0.47430048195808017,250,0.47430048195808017,250,5.082795480305176,2229,5.082795480305176,2229,5.600526145815325,2229,5.600526145815325,2229,4.638617528965627,1105,4.638617528965627,1105,5.126980442677276,282,5.126980442677276,282,0.5426805866491939,2216,0.5426805866491939,2216,3.236047093301773,518,3.236047093301773,518,3.310443788677886,2226,3.310443788677886,2226,2.9804765562208937,518,2.9804765562208937,518,3.0275735744126924,1004,3.0275735744126924,1004,0.4399507762760145,2299,0.4399507762760145,2299
inject,693,0.13784363568243096,1384.8871360296016,39.99215456700679,1238,1.9566166247030565,32.0,3.807254749579876,1821,3.807254749579876,1821,4.284522945737215,1821,4.284522945737215,1821,3.8671933417967357,1821,3.8671933417967357,1821,3.719305147143793,2203,3.719305147143793,2203,0.3883050399444772,1588,0.3883050399444772,1588,4.283254658336011,1049,4.283254658336011,1049,4.297088149375422,395,4.297088149375422,395,3.4136649393824197,1820,3.4136649393824197,1820,3.4968201201361206,1420,3.4968201201361206,1420,0.4061044088382901,1043,0.4061044088382901,1043,4.329063958061729,2363,4.329063958061729,2363,4.544481466016508,1821,4.544481466016508,1821,4.590937097589808,2363,4.590937097589808,2363,5.333443219899195,2363,5.333443219899195,2363,0.5509229671389543,2347,0.5509229671389543,2347,5.106717136571396,2363,5.106717136571396,2363,4.9890216690072835,1992,4.9890216690072835,1992,5.3629997096389275,2363,5.3629997096389275,2363,6.035002055324772,2363,6.035002055324772,2363,0.6885392752636137,2331,0.6885392752636137,2331,3.5370530134303757,2122,3.5370530134303757,2122,3.393107507034814,2122,3.393107507034814,2122,3.571150820250618,2122,3.571150820250618,2122,3.4430615313465047,2363,3.4430615313465047,2363,0.48441117192393524,2122,0.48441117192393524,2122
inject,221,0.24386528304832822,1315.6102219959075,35.83793895872019,630,1.6277074385655963,32.0,4.980309764052915,983,4.980309764052915,983,4.571286591001696,983,4.571286591001696,983,5.397581696095367,982,5.397581696095367,982,5.92540624435077,982,5.92540624435077,982,0.4988086048542827,935,0.4988086048542827,935,4.8653908811679205,983,4.8653908811679205,983,5.199248682151537,1812,5.199248682151537,1812,5.4445415670073,983,5.4445415670073,983,5.940901803352138,983,5.940901803352138,983,0.47984128972137585,977,0.47984128972137585,977,6.2362014600953,982,6.2362014600953,982,5.702954696613924,982,5.702954696613924,982,6.4605458328606575,982,6.4605458328606575,982,7.542782373402405,982,7.542782373402405,982,0.6266219366699693,950,0.6266219366699693,950,5.314477341610639,965,5.314477341610639,965,5.804290790856644,965,5.804290790856644,965,5.4489194710718305,983,5.4489194710718305,983,6.214918799346578,983,6.214918799346578,983,0.47660439680300026,2208,0.47660439680300026,2208,2.980927059461018,1186,2.980927059461018,1186,3.201355828105772,1186,3.201355828105772,1186,3.040099524105314,26,3.040099524105314,26,3.1390817562114774,26,3.1390817562114774,26,0.41543306471230235,922,0.41543306471230235,922
inject,258,0.316707875984499,539.1290772311528,40.44421928844997,285,8.54845663160048,32.0,5.0770976904650595,1536,5.0770976904650595,1536,5.296430299954077,1536,5.296430299954077,1536,5.147708138427793,1536,5.147708138427793,1536,4.581187947401782,2193,4.581187947401782,2193,0.4565219023029887,1488,0.4565219023029887,1488,5.170045548585586,1536,5.170045548585586,1536,5.666823359248516,1536,5.666823359248516,1536,4.43685238906554,286,4.43685238906554,286,4.261177587121907,286,4.261177587121907,286,0.4796640341781165,280,0.4796640341781165,280,5.992517759589103,1532,5.992517759589103,1532,6.278997978674932,1532,6.278997978674932,1532,5.147830421959135,1774,5.147830421959135,1774,5.824870842626726,1774,5.824870842626726,1774,0.5553963926337852,1758,0.5553963926337852,1758,6.252742091495811,1535,6.252742091495811,1535,6.927112641377411,1535,6.927112641377411,1535,5.316345993594698,1774,5.316345993594698,1774,5.6671997819221245,1774,5.6671997819221245,1774,0.5682018046610722,1742,0.5682018046610722,1742,3.992311920038288,1773,3.992311920038288,1773,4.259660500837032,1773,4.259660500837032,1773,4.206429063508546,884,4.206429063508546,884,4.467332640279642,1774,4.467332640279642,1774,0.5448369222964572,884,0.5448369222964572,884
inject,1073,0.8252929019189328,1392.4272413063418,39.109394876873296,861,7.677330831361472,32.0,8.492988845062555,861,8.492988845062555,861,10.213988814230687,860,10.213988814230687,860,8.779992174598728,860,8.779992174598728,860,8.387252803110117,861,8.387252803110117,861,0.7661488591989772,813,0.7661488591989772,813,11.191154461292943,861,11.191154461292943,861,13.990456836690056,861,13.990456836690056,861,10.105348951838948,861,10.105348951838948,861,10.00866990890043,861,10.00866990890043,861,1.0125950979088771,855,1.0125950979088771,855,10.65182276381612,861,10.65182276381612,861,12.709068536742816,861,12.709068536742816,861,11.001381638044224,861,11.001381638044224,861,12.294035308850317,861,12.294035308850317,861,0.9845636031579772,837,0.9845636031579772,837,11.562864433578307,861,11.562864433578307,861,14.364486443053355,861,14.364486443053355,861,10.643126742693086,861,10.643126742693086,861,10.769131386779604,861,10.769131386779604,861,1.0482540372504687,829,1.0482540372504687,829,5.70228474106823,860,5.70228474106823,860,7.055662496780227,860,7.055662496780227,860,5.2935401758758305,860,5.2935401758758305,860,5.559364106639188,861,5.559364106639188,861,0.5923670547213143,2377,0.5923670547213143,2377
inject,1006,0.3791526633705762,914.5794870949089,31.915529861974775,1405,1.7485547807564468,33.0,4.10424198151643,471,4.10424198151643,471,4.119961317660119,471,4.119961317660119,471,4.528647090593127,471,4.528647090593127,471,4.139725858787728,471,4.139725858787728,471,0.4276710935678899,423,0.4276710935678899,423,3.734298959465599,758,3.734298959465599,758,4.376468848539231,758,4.376468848539231,758,3.6589731832395493,472,3.6589731832395493,472,3.828190833100124,1314,3.828190833100124,1314,0.38227203169867324,417,0.38227203169867324,417,4.341232516209775,470,4.341232516209775,470,4.384685598847751,756,4.384685598847751,756,4.730693088914043,470,4.730693088914043,470,4.759274302044779,1313,4.759274302044779,1313,0.47432337189667856,2153,0.47432337189667856,2153,4.04204397609996,518,4.04204397609996,518,4.534792593878857,756,4.534792593878857,756,3.947658420387804,472,3.947658420387804,472,4.263654287775031,2259,4.263654287775031,2259,0.44628765538210013,2100,0.44628765538210013,2100,3.727359301260524,1842,3.727359301260524,1842,3.886089036246613,221,3.886089036246613,221,3.8623018362977866,2161,3.8623018362977866,2161,3.5991900107537758,2161,3.5991900107537758,2161,0.5039945184176085,1842,0.5039945184176085,1842
inject,1125,0.2940055365753288,541.9318316447245,33.493147453631416,2045,3.791285851571053,33.0,3.659055149129799,1321,3.659055149129799,1321,3.6351491453479943,1322,3.6351491453479943,1322,3.912392654700317,1322,3.912392654700317,1322,3.908142667648117,1322,3.908142667648117,1322,0.3550705721226623,1274,0.3550705721226623,1274,3.5669017257904385,1242,3.5669017257904385,1242,3.730398070852439,2044,3.730398070852439,2044,3.33048768795827,1242,3.33048768795827,1242,3.768037856910719,5,3.768037856910719,5,0.3939387922872799,1259,0.3939387922872799,1259,3.9026737079361213,494,3.9026737079361213,494,4.06953134967822,494,4.06953134967822,494,4.013685079413076,1960,4.013685079413076,1960,4.426958988497078,2196,4.426958988497078,2196,0.5081786363261577,1500,0.5081786363261577,1500,4.004760022550141,2052,4.004760022550141,2052,4.225923087355483,183,4.225923087355483,183,3.8221801442848333,1241,3.8221801442848333,1241,4.16585264142887,2195,4.16585264142887,2195,0.46402342860125334,1694,0.46402342860125334,1694,3.7261743473840765,1721,3.7261743473840765,1721,3.9983463179615737,1721,3.9983463179615737,1721,3.9112128882630794,1508,3.9112128882630794,1508,3.402837536032881,1508,3.402837536032881,1508,0.4892112696309734,1508,0.4892112696309734,1508
inject,626,0.11253746490600347,1204.7171749761378,44.573094733997735,2106,8.56551221570463,32.0,4.591575003270542,1496,4.591575003270542,1496,4.746002279084137,1496,4.746002279084137,1496,5.124819055581601,1495,5.124819055581601,1495,4.474956247178394,1495,4.474956247178394,1495,0.4203133548988138,1448,0.4203133548988138,1448,4.44410785675944,1611,4.44410785675944,1611,4.777611608499923,2092,4.777611608499923,2092,3.5720991641827085,697,3.5720991641827085,697,3.666700068471304,1588,3.666700068471304,1588,0.3897336017927867,2085,0.3897336017927867,2085,5.012738420488911,1496,5.012738420488911,1496,5.174711822108002,1496,5.174711822108002,1496,5.481177393534356,1496,5.481177393534356,1496,4.849846161602318,2302,4.849846161602318,2302,0.5519912001126346,1927,0.5519912001126346,1927,5.3119799861896615,1739,5.3119799861896615,1739,5.840842487233604,2099,5.840842487233604,2099,4.917613569927564,1482,4.917613569927564,1482,4.315439501736265,1482,4.315439501736265,1482,0.5023830868970671,1163,0.5023830868970671,1163,3.3721468647460817,69,3.3721468647460817,69,3.4381234464601667,69,3.4381234464601667,69,3.5370647524823275,69,3.5370647524823275,69,3.5108540856556387,1002,3.5108540856556387,1002,0.505166553453096,1041,0.505166553453096,1041
inject,482,0.6571904171273499,1984.7706036874563,34.8987415845808,2142,5.860146814390649,33.0,6.511158420293793,2142,6.511158420293793,2142,6.843644053150731,2142,6.843644053150731,2142,6.879261794510621,2142,6.879261794510621,2142,6.278981608717739,2142,6.278981608717739,2142,0.6890737189992523,2094,0.6890737189992523,2094,7.3535825159553205,2143,7.3535825159553205,2143,7.844915371125505,2143,7.844915371125505,2143,6.248116865166581,2143,6.248116865166581,2143,5.688838905932727,2142,5.688838905932727,2142,0.7357930270490103,2136,0.7357930270490103,2136,6.576806126597201,2142,6.576806126597201,2142,6.924267263721677,2142,6.924267263721677,2142,6.948972091702458,2142,6.948972091702458,2142,6.938321115195905,2142,6.938321115195905,2142,0.7029779513294155,2102,0.7029779513294155,2102,7.845102941482877,2142,7.845102941482877,2142,8.3714915764869,2142,8.3714915764869,2142,6.587593648019572,2142,6.587593648019572,2142,6.044631304501007,2142,6.044631304501007,2142,0.8035481803508338,2110,0.8035481803508338,2110,3.8023134988573792,2141,3.8023134988573792,2141,4.048645364442102,2141,4.048645364442102,2141,3.7426303585008114,671,3.7426303585008114,671,3.364642160660276,2141,3.364642160660276,2141,0.5037612616957835,671,0.5037612616957835,671
inject,685,0.1055770050414272,603.1279300440492,43.61486714699403,2069,1.5745288278321057,32.0,3.333178557148047,714,3.333178557148047,714,3.5806788397947438,714,3.5806788397947438,714,3.497356715819263,1848,3.497356715819263,1848,3.383209705370875,155,3.383209705370875,155,0.35085750752495515,107,0.35085750752495515,107,3.561009642793549,716,3.561009642793549,716,4.112218297601319,716,4.112218297601319,716,3.2204517814378266,1268,3.2204517814378266,1268,3.8203482805679783,2223,3.8203482805679783,2223,0.3716645285360495,1262,0.3716645285360495,1262,5.235786470015647,717,5.235786470015647,717,5.65637883823263,717,5.65637883823263,717,4.091754476717013,717,4.091754476717013,717,4.540827102399446,2222,4.540827102399446,2222,0.5354336873857068,1519,0.5354336873857068,1519,4.854628785599569,1917,4.854628785599569,1917,5.3868151782647775,1917,5.3868151782647775,1917,3.966560310735341,592,3.966560310735341,592,4.033974580406221,2223,4.033974580406221,2223,0.4547063015445349,560,0.4547063015445349,560,2.9146442410373705,1527,2.9146442410373705,1527,3.15885823471217,820,3.15885823471217,820,3.113740459765966,239,3.113740459765966,239,3.0803928675995165,1391,3.0803928675995165,1391,0.42831241652312235,1527,0.42831241652312235,1527
inject,753,0.7726253879899948,1588.5124422624524,30.560198830987854,1789,4.86182668962399,33.0,6.880264746718937,1789,6.880264746718937,1789,7.322953151264103,1789,7.322953151264103,1789,6.754078627378084,1789,6.754078627378084,1789,6.128835772167999,1789,6.128835772167999,1789,0.6172777308226075,1741,0.6172777308226075,1741,7.585022187949155,1790,7.585022187949155,1790,7.871066692321607,1790,7.871066692321607,1790,6.428185062024249,1790,6.428185062024249,1790,5.794112944962652,1790,5.794112944962652,1790,0.6222591905605988,1783,0.6222591905605988,1783,6.880264746718937,1789,6.880264746718937,1789,7.322953151264103,1789,7.322953151264103,1789,6.879026013401134,1789,6.879026013401134,1789,6.903363900868448,1789,6.903363900868448,1789,0.6181811067081476,1749,0.6181811067081476,1749,8.025617172763749,1790,8.025617172763749,1790,8.332985548266828,1790,8.332985548266828,1790,6.8415694252017065,1790,6.8415694252017065,1790,6.204063211951601,1790,6.204063211951601,1790,0.7032631191723647,1757,0.7032631191723647,1757,4.140460787580815,1789,4.140460787580815,1789,4.318248637539623,1789,4.318248637539623,1789,3.7379114307689583,1789,3.7379114307689583,1789,3.5110859613590453,1790,3.5110859613590453,1790,0.47329005327328877,739,0.47329005327328877,739
inject,1071,0.1291444029324501,692.0101374374549,35.152135685965554,1443,2.9652728043239582,33.0,4.1487107683505515,1623,4.1487107683505515,1623,3.897085617324459,1623,3.897085617324459,1623,4.682424793193625,1623,4.682424793193625,1623,5.080880655127838,1623,5.080880655127838,1623,0.38050513409085895,1575,0.38050513409085895,1575,3.1474671314185567,63,3.1474671314185567,63,3.166104215761658,63,3.166104215761658,63,3.4466934371667195,1390,3.4466934371667195,1390,3.5194998877985655,1390,3.5194998877985655,1390,0.3555191167027082,57,0.3555191167027082,57,4.2298927149734356,1623,4.2298927149734356,1623,4.027756176547879,906,4.027756176547879,906,4.682424793193625,1623,4.682424793193625,1623,5.121189714385282,1623,5.121189714385282,1623,0.5145542787774251,890,0.5145542787774251,890,4.581513996608041,1688,4.581513996608041,1688,5.381343570682483,552,5.381343570682483,552,4.318251568551511,1477,4.318251568551511,1477,4.412643218612539,1477,4.412643218612539,1477,0.4515196916391728,874,0.4515196916391728,874,3.005353727104687,1642,3.005353727104687,1642,2.9995784506963523,598,2.9995784506963523,598,2.976251329894721,541,2.976251329894721,541,3.197471576038943,1391,3.197471576038943,1391,0.38435058687570145,915,0.38435058687570145,915
inject,80,0.5796787686792303,1174.6029004578293,40.3133349742845,1282,5.5682024400290855,32.0,5.938055785246011,1282,5.938055785246011,1282,6.151504032128277,1282,6.151504032128277,1282,5.924630268246181,1282,5.924630268246181,1282,4.942868989919218,1282,4.942868989919218,1282,0.4384339342483483,1234,0.4384339342483483,1234,6.622269898006937,1282,6.622269898006937,1282,7.059970680678558,1282,7.059970680678558,1282,5.520389874026093,1282,5.520389874026093,1282,4.4042280211664995,1282,4.4042280211664995,1282,0.47779546158860503,1276,0.47779546158860503,1276,6.494708804922628,1281,6.494708804922628,1281,6.740841270021562,1281,6.740841270021562,1281,6.005947408044959,1282,6.005947408044959,1282,5.083821726390839,2023,5.083821726390839,2023,0.481567633585874,1185,0.481567633585874,1185,7.035678309170275,1281,7.035678309170275,1281,7.54762547093614,1281,7.54762547093614,1281,5.634455668501788,1282,5.634455668501788,1282,4.86923883587595,126,4.86923883587595,126,0.5404192596052044,1666,0.5404192596052044,1666,3.486750958411471,812,3.486750958411471,812,3.743490326076129,1406,3.743490326076129,1406,3.405378336965312,812,3.405378336965312,812,3.4574627499987374,1778,3.4574627499987374,1778,0.4745578178992857,1406,0.4745578178992857,1406
inject,720,0.12733717417626944,1426.2744969184544,43.0131837152246,1938,1.6989421995593197,32.0,3.9369004484891574,50,3.9369004484891574,50,4.75345574377983,2335,4.75345574377983,2335,4.130949268528353,50,4.130949268528353,50,3.7018264616512786,1302,3.7018264616512786,1302,0.34550388756949457,1006,0.34550388756949457,1006,4.586124809869822,511,4.586124809869822,511,4.717586146928605,2337,4.717586146928605,2337,4.243282896364199,52,4.243282896364199,52,3.745363311651398,1776,3.745363311651398,1776,0.4287150272920173,1770,0.4287150272920173,1770,5.686081345288316,509,5.686081345288316,509,5.575661250454068,509,5.575661250454068,509,5.312026797156806,50,5.312026797156806,50,4.91699435928451,1776,4.91699435928451,1776,0.48231600760557514,1393,0.48231600760557514,1393,4.792335950339207,506,4.792335950339207,506,5.061814609049885,1776,5.061814609049885,1776,4.389213374928521,1776,4.389213374928521,1776,4.936602262754479,1776,4.936602262754479,1776,0.5001736640022499,1744,0.5001736640022499,1744,3.881675702768549,1692,3.881675702768549,1692,4.722421149851745,1692,4.722421149851745,1692,3.8243008462993204,1692,3.8243008462993204,1692,3.542998946482947,1692,3.542998946482947,1692,0.516578939620391,1692,0.516578939620391,1692
inject,1188,0.3360133814686015,1784.6290750741127,35.37479461140357,748,7.601403562512292,33.0,5.9261213921195,1755,5.9261213921195,1755,6.872084103465667,748,6.872084103465667,748,6.2287000206500025,1755,6.2287000206500025,1755,5.6202700834934545,1755,5.6202700834934545,1755,0.5103445122755076,700,0.5103445122755076,700,6.455126292911199,748,6.455126292911199,748,8.100635794258784,748,8.100635794258784,748,5.637683970754845,748,5.637683970754845,748,5.025814704761482,1026,5.025814704761482,1026,0.5847486961088723,742,0.5847486961088723,742,6.109364347881583,1755,6.109364347881583,1755,7.094714210345462,748,7.094714210345462,748,6.289629926457609,1755,6.289629926457609,1755,5.713845022794348,1609,5.713845022794348,1609,0.6024973711296306,197,0.6024973711296306,197,6.6631574969164395,748,6.6631574969164395,748,8.38972856658933,748,8.38972856658933,748,5.77169405252331,748,5.77169405252331,748,5.091976720173249,1026,5.091976720173249,1026,0.6095058921627212,716,0.6095058921627212,716,4.756381141963835,1221,4.756381141963835,1221,5.424790324188006,1221,5.424790324188006,1221,4.836726641854129,1221,4.836726641854129,1221,4.369702455950904,1221,4.369702455950904,1221,0.6021193263715424,1221,0.6021193263715424,1221
inject,790,0.09157363415913922,557.1560353672858,44.76096189872341,1794,7.205347070132269,32.0,4.388700193543757,315,4.388700193543757,315,4.513192189491292,315,4.513192189491292,315,4.473547850907154,315,4.473547850907154,315,4.411444397929726,315,4.411444397929726,315,0.4385775242076017,267,0.4385775242076017,267,4.477573106531412,1992,4.477573106531412,1992,4.647443028577731,1992,4.647443028577731,1992,4.072445725134468,317,4.072445725134468,317,3.8564316941356767,317,3.8564316941356767,317,0.4538402723126215,311,0.4538402723126215,311,4.727519605387546,1991,4.727519605387546,1991,4.870656301063492,1991,4.870656301063492,1991,4.618581544580084,315,4.618581544580084,315,4.824933036267363,315,4.824933036267363,315,0.5052504557844325,221,0.5052504557844325,221,5.162358036968745,1991,5.162358036968745,1991,5.358306742451834,1991,5.358306742451834,1991,4.244514138217415,316,4.244514138217415,316,4.5591826710618895,1936,4.5591826710618895,1936,0.5267526837495753,1896,0.5267526837495753,1896,3.847807564393051,250,3.847807564393051,250,3.8939966648721707,250,3.8939966648721707,250,4.228698221962022,29,4.228698221962022,29,3.909930808285307,317,3.909930808285307,317,0.5746078063631741,29,0.5746078063631741,29
inject,759,0.1981224540502312,1095.6345355915646,35.258260174477094,1563,4.812990320380425,33.0,4.40276575431852,898,4.40276575431852,898,4.746900514465526,898,4.746900514465526,898,4.5089387773269,898,4.5089387773269,898,4.158236339084643,2008,4.158236339084643,2008,0.36146769656161093,1178,0.36146769656161093,1178,5.125089288395369,896,5.125089288395369,896,5.321480990252477,896,5.321480990252477,896,3.614775472548853,896,3.614775472548853,896,3.516529341427938,1226,3.516529341427938,1226,0.4883265063923441,2300,0.4883265063923441,2300,5.136957677047538,897,5.136957677047538,897,5.522696990418393,897,5.522696990418393,897,4.8028907962685645,898,4.8028907962685645,898,4.833654733475328,2305,4.833654733475328,2305,0.5633185600224313,2281,0.5633185600224313,2281,6.466901373077598,897,6.466901373077598,897,6.697234988491425,897,6.697234988491425,897,4.5909694221900095,897,4.5909694221900095,897,4.661531125763653,2361,4.661531125763653,2361,0.5644331233713461,2330,0.5644331233713461,2330,3.5878565932757356,2007,3.5878565932757356,2007,3.6044198500518205,2007,3.6044198500518205,2007,3.6120836829352028,2007,3.6120836829352028,2007,3.7345191889630702,221,3.7345191889630702,221,0.4180162370160061,1529,0.4180162370160061,1529
inject,972,0.2961081642028851,1474.6808189546718,35.76721159376189,921,6.194710454265009,32.0,3.7610733795237654,40,3.7610733795237654,40,4.122279677287662,40,4.122279677287662,40,4.180907983292228,624,4.180907983292228,624,4.300422185918266,624,4.300422185918266,624,0.36220533996139226,576,0.36220533996139226,576,4.089262067243539,1177,4.089262067243539,1177,4.404834471340714,703,4.404834471340714,703,3.881236354830745,921,3.881236354830745,921,3.927556698962767,2395,3.927556698962767,2395,0.43259798495720325,697,0.43259798495720325,697,4.258168117384317,2046,4.258168117384317,2046,4.496827485813711,2046,4.496827485813711,2046,4.374966651849038,624,4.374966651849038,624,4.854962951903718,500,4.854962951903718,500,0.44680615984818806,476,0.44680615984818806,476,4.305029910010046,300,4.305029910010046,300,4.508629739525121,921,4.508629739525121,921,4.403611435453631,921,4.403611435453631,921,4.498492006700883,921,4.498492006700883,921,0.4763941599561456,889,0.4763941599561456,889,3.1482022468847974,769,3.1482022468847974,769,3.405613565203612,769,3.405613565203612,769,3.3154675846677435,769,3.3154675846677435,769,3.121773260738673,769,3.121773260738673,769,0.42627310865191226,1400,0.42627310865191226,1400
inject,1098,0.25389219740955005,464.1583914146256,44.616377078144765,1520,2.7018201236205863,32.0,3.3568276245647044,2169,3.3568276245647044,2169,3.9127355511809103,84,3.9127355511809103,84,4.012015116237376,2169,4.012015116237376,2169,3.7334190810491954,2168,3.7334190810491954,2168,0.3587209593311519,2120,0.3587209593311519,2120,4.405141944102605,2066,4.405141944102605,2066,4.307797725557723,84,4.307797725557723,84,3.3856657420847145,84,3.3856657420847145,84,3.462044014383077,1943,3.462044014383077,1943,0.4126509539739695,1000,0.4126509539739695,1000,4.492893244440152,1152,4.492893244440152,1152,4.546599279648147,90,4.546599279648147,90,4.216652101283552,2169,4.216652101283552,2169,4.169444793544229,1942,4.169444793544229,1942,0.43504084587530806,666,0.43504084587530806,666,5.885932026392071,2070,5.885932026392071,2070,6.375148288091803,2155,6.375148288091803,2155,4.635284519910951,1936,4.635284519910951,1936,4.822162013449498,4,4.822162013449498,4,0.49190959721665317,2335,0.49190959721665317,2335,3.5835418235096808,1110,3.5835418235096808,1110,3.7855988182558877,1110,3.7855988182558877,1110,3.759328623865629,1110,3.759328623865629,1110,3.8394615585708634,1207,3.8394615585708634,1207,0.40628386606862055,1110,0.40628386606862055,1110
inject,874,0.4710479659690715,760.8518651283282,44.72423919258031,1365,3.3856912684136766,32.0,4.367574199831407,284,4.367574199831407,284,4.553550247775458,283,4.553550247775458,283,4.582340251413066,284,4.582340251413066,284,4.288582206666879,283,4.288582206666879,283,0.41632704961230116,235,0.41632704961230116,235,4.649160686514157,794,4.649160686514157,794,5.03556841123542,515,5.03556841123542,515,4.193264379283174,283,4.193264379283174,283,4.022070910604956,817,4.022070910604956,817,0.4981541592409425,2106,0.4981541592409425,2106,4.9344274097532255,1632,4.9344274097532255,1632,5.0779634386796335,514,5.0779634386796335,514,4.751940026095065,283,4.751940026095065,283,5.41549699190897,227,5.41549699190897,227,0.526294359390929,0,0.526294359390929,0,5.091027466749618,1610,5.091027466749618,1610,5.315161576580375,1632,5.315161576580375,1632,4.720492159076788,227,4.720492159076788,227,5.087746619504644,227,5.087746619504644,227,0.5660329545470106,2079,0.5660329545470106,2079,3.0962239257438604,1640,3.0962239257438604,1640,3.262290618200579,185,3.262290618200579,185,3.0963183051079897,185,3.0963183051079897,185,3.1624354796721046,1594,3.1624354796721046,1594,0.47304240164504857,2109,0.47304240164504857,2109
inject,863,0.022668729549780053,414.18860281104674,34.47924454630069,790,6.821798366650984,33.0,4.265684662033672,2356,4.265684662033672,2356,4.139201710976783,2356,4.139201710976783,2356,4.714797074881531,2356,4.714797074881531,2356,4.294369527621431,1166,4.294369527621431,1166,0.42459677206516133,2308,0.42459677206516133,2308,4.629128177763269,2357,4.629128177763269,2357,4.7963025024422965,2357,4.7963025024422965,2357,4.670922803442908,2357,4.670922803442908,2357,4.399581236749107,2357,4.399581236749107,2357,0.48206076812842724,2351,0.48206076812842724,2351,4.265684662033672,2356,4.265684662033672,2356,4.499687118690172,766,4.499687118690172,766,4.714797074881531,2356,4.714797074881531,2356,4.797395311594297,2357,4.797395311594297,2357,0.4489560709606307,714,0.4489560709606307,714,5.56748748286206,1730,5.56748748286206,1730,5.806721956178604,1730,5.806721956178604,1730,4.814275071176543,2357,4.814275071176543,2357,4.944501922750794,2357,4.944501922750794,2357,0.5383573541394929,1698,0.5383573541394929,1698,3.338877338817812,2357,3.338877338817812,2357,3.4990050928896363,768,3.4990050928896363,768,3.347174311951004,2357,3.347174311951004,2357,3.5762815178192673,2326,3.5762815178192673,2326,0.3784540872139347,2,0.3784540872139347,2
inject,107,0.11130783801250121,385.56285434695405,40.29230924370391,1847,4.907479160339508,32.0,3.9472959870809348,1573,3.9472959870809348,1573,4.442872899246593,2357,4.442872899246593,2357,4.9722248842425865,1573,4.9722248842425865,1573,4.682796963196985,1573,4.682796963196985,1573,0.3663916610200278,2309,0.3663916610200278,2309,4.448943108522821,1531,4.448943108522821,1531,4.664308634873167,1531,4.664308634873167,1531,4.013572154136208,523,4.013572154136208,523,4.007513952183524,523,4.007513952183524,523,0.4176184737271279,2104,0.4176184737271279,2104,4.362216017926064,522,4.362216017926064,522,4.676885902825185,2357,4.676885902825185,2357,5.0721154602335465,1574,5.0721154602335465,1574,4.928913958533651,522,4.928913958533651,522,0.4987397243273675,1558,0.4987397243273675,1558,5.87995682563272,1537,5.87995682563272,1537,6.136758388181495,1537,6.136758388181495,1537,4.634819293352643,433,4.634819293352643,433,4.380595283361552,332,4.380595283361552,332,0.46672799367389767,2078,0.46672799367389767,2078,3.838364541970009,1530,3.838364541970009,1530,4.05206113310832,1530,4.05206113310832,1530,3.2639929491352055,1530,3.2639929491352055,1530,3.512514500330786,795,3.512514500330786,795,0.4806413948174928,437,0.4806413948174928,437
inject,786,0.6891983661545756,1786.950802832034,39.679443077298934,2089,6.792253108740554,32.0,8.251028884825034,2089,8.251028884825034,2089,8.873357814010506,2089,8.873357814010506,2089,8.791679878205953,2089,8.791679878205953,2089,8.629456211368678,2089,8.629456211368678,2089,0.7740445882151307,2041,0.7740445882151307,2041,8.650480641474177,2089,8.650480641474177,2089,9.566295413394071,2089,9.566295413394071,2089,7.653085955398799,2089,7.653085955398799,2089,7.424897477100437,2089,7.424897477100437,2089,0.698190583649461,2083,0.698190583649461,2083,8.506099169083503,2089,8.506099169083503,2089,9.138616586705139,2089,9.138616586705139,2089,9.081401330816593,2089,9.081401330816593,2089,9.337158047541752,2089,9.337158047541752,2089,0.7964564850741153,2049,0.7964564850741153,2049,9.174383715090405,2089,9.174383715090405,2089,10.143359516562505,2089,10.143359516562505,2089,8.172081692385143,2089,8.172081692385143,2089,7.897703815021988,2089,7.897703815021988,2089,0.8014572452658737,2057,0.8014572452658737,2057,4.4702308067053576,2088,4.4702308067053576,2088,4.907451316586712,2088,4.907451316586712,2088,4.062339431521064,2088,4.062339431521064,2088,4.19490795702665,1061,4.19490795702665,1061,0.528330585768118,2200,0.528330585768118,2200
inject,897,0.07672058396313741,514.081697498978,42.45628196708118,1662,1.1600099701995388,32.0,4.1866813077551255,2172,4.1866813077551255,2172,4.584873549332262,330,4.584873549332262,330,4.478822356810518,2172,4.478822356810518,2172,3.7742169264955265,128,3.7742169264955265,128,0.3817650332424652,1937,0.3817650332424652,1937,3.556161602685342,2171,3.556161602685342,2171,4.937267060678507,242,4.937267060678507,242,3.356960755117489,1330,3.356960755117489,1330,3.4690908739496633,1303,3.4690908739496633,1303,0.3668198280981993,1857,0.3668198280981993,1857,4.776389037060062,2172,4.776389037060062,2172,5.533954577628223,253,5.533954577628223,253,4.902707709810675,2173,4.902707709810675,2173,4.247948355108657,799,4.247948355108657,799,0.44955031090031006,2122,0.44955031090031006,2122,4.401100659534265,1908,4.401100659534265,1908,7.532999735282495,283,7.532999735282495,283,3.864817992960965,2172,3.864817992960965,2172,3.8637559178751477,799,3.8637559178751477,799,0.44005007338588126,2292,0.44005007338588126,2292,3.2552476454885597,334,3.2552476454885597,334,4.91546883403977,334,4.91546883403977,334,3.4695816978188123,1946,3.4695816978188123,1946,3.1187504996852593,1985,3.1187504996852593,1985,0.42772502756370306,334,0.42772502756370306,334
inject,227,0.7611691012451678,1629.8654756512185,35.014776870179105,1660,8.174845463258569,33.0,9.760819608356183,1659,9.760819608356183,1659,10.281221270539767,1659,10.281221270539767,1659,9.967595770133967,1659,9.967595770133967,1659,8.775897392477374,1660,8.775897392477374,1660,0.8603769630013831,1611,0.8603769630013831,1611,11.579422625340465,1661,11.579422625340465,1661,12.364050012696696,1661,12.364050012696696,1661,10.59815275230967,1661,10.59815275230967,1661,9.79425247349564,1660,9.79425247349564,1660,1.004056384650941,1655,1.004056384650941,1655,10.83950515237873,1660,10.83950515237873,1660,11.43572254378092,1660,11.43572254378092,1660,11.171797193869445,1660,11.171797193869445,1660,11.531968982008735,1660,11.531968982008735,1660,0.9976190606338744,1628,0.9976190606338744,1628,11.98493808351302,1660,11.98493808351302,1660,12.788811726396714,1660,12.788811726396714,1660,11.01753642877377,1660,11.01753642877377,1660,10.454013344455102,1660,10.454013344455102,1660,1.060363208529899,1628,1.060363208529899,1628,6.220843063448519,1660,6.220843063448519,1660,6.6275325869605215,1660,6.6275325869605215,1660,5.84641872552317,1660,5.84641872552317,1660,5.430187706765787,1660,5.430187706765787,1660,0.4201071215482989,2305,0.4201071215482989,2305
inject,884,0.1753191191540634,920.3192045395838,42.01950630017189,2089,5.472903915585764,32.0,4.332142503500359,1093,4.332142503500359,1093,4.513400435145077,1093,4.513400435145077,1093,4.976891898562907,1094,4.976891898562907,1094,5.1307711297437955,5,5.1307711297437955,5,0.46531116482159146,1046,0.46531116482159146,1046,4.038910570710809,1553,4.038910570710809,1553,4.361918343327071,1553,4.361918343327071,1553,4.440076417583629,1095,4.440076417583629,1095,5.589006437143791,5,5.589006437143791,5,0.4468147501301814,1089,0.4468147501301814,1089,4.867998497044062,1093,4.867998497044062,1093,5.073514892576802,1093,5.073514892576802,1093,5.464383104231272,1093,5.464383104231272,1093,5.184630683616246,1343,5.184630683616246,1343,0.5790423473177682,1335,0.5790423473177682,1335,4.216615018600699,1552,4.216615018600699,1552,4.566159514784788,1552,4.566159514784788,1552,4.177971513375274,761,4.177971513375274,761,5.712895155874165,5,5.712895155874165,5,0.46470887932149035,1320,0.46470887932149035,1320,3.6178218135950106,1343,3.6178218135950106,1343,3.6197159570218744,1343,3.6197159570218744,1343,3.8186634241500834,1343,3.8186634241500834,1343,4.020365908718862,5,4.020365908718862,5,0.4920235468926531,1343,0.4920235468926531,1343
inject,946,0.08397363447614714,428.5034146150048,43.71335583416358,1883,3.783045394211303,32.0,3.9244046574478024,867,3.9244046574478024,867,4.002895449519947,867,4.002895449519947,867,4.5744254649582325,867,4.5744254649582325,867,4.316879270847413,867,4.316879270847413,867,0.36752132951826694,819,0.36752132951826694,819,3.428475888167008,1625,3.428475888167008,1625,3.4339388593511253,1866,3.4339388593511253,1866,3.5183979499733935,869,3.5183979499733935,869,3.581364650110019,869,3.581364650110019,869,0.3700330683670639,1289,0.3700330683670639,1289,3.9244046574478024,867,3.9244046574478024,867,4.002895449519947,867,4.002895449519947,867,4.5744254649582325,867,4.5744254649582325,867,4.390427214811287,287,4.390427214811287,287,0.4215922070076992,2275,0.4215922070076992,2275,4.109235731278354,2085,4.109235731278354,2085,4.173792956511412,2085,4.173792956511412,2085,3.820603445779661,869,3.820603445779661,869,4.368141386175442,6,4.368141386175442,6,0.49342556933907605,2053,0.49342556933907605,2053,3.055202261612742,403,3.055202261612742,403,3.142452606837794,403,3.142452606837794,403,3.0656405230158,1013,3.0656405230158,1013,3.2562954384314797,610,3.2562954384314797,610,0.4141766565708075,1297,0.4141766565708075,1297
inject,162,0.3240407192095527,1784.8538936260422,43.355790739925695,1760,2.3898144869092794,32.0,4.693672527089418,1453,4.693672527089418,1453,4.0102681450026365,1453,4.0102681450026365,1453,4.9858315412338685,1453,4.9858315412338685,1453,4.499510261522677,1453,4.499510261522677,1453,0.4176562054847523,1405,0.4176562054847523,1405,4.558228100148235,695,4.558228100148235,695,4.636359038308137,695,4.636359038308137,695,3.880096072690969,1453,3.880096072690969,1453,3.50892193422417,2245,3.50892193422417,2245,0.4385665469106836,689,0.4385665469106836,689,4.8033300946637025,1755,4.8033300946637025,1755,4.984094829982051,1755,4.984094829982051,1755,5.061862558264559,1453,5.061862558264559,1453,4.80062893792195,2244,4.80062893792195,2244,0.4545106118116724,2212,0.4545106118116724,2212,5.175180951587267,2037,5.175180951587267,2037,5.4134176121603765,2037,5.4134176121603765,2037,4.265302304634867,1453,4.265302304634867,1453,4.245443624756731,74,4.245443624756731,74,0.47606433812779525,42,0.47606433812779525,42,3.074852488166627,693,3.074852488166627,693,3.066309746743923,693,3.066309746743923,693,3.4983034943663287,887,3.4983034943663287,887,3.5585792134753773,1659,3.5585792134753773,1659,0.4332612821833781,1962,0.4332612821833781,1962
inject,772,0.741419380916682,1191.977506036072,40.3893579674282,575,5.772285855892979,32.0,7.070857657013707,574,7.070857657013707,574,7.083582328965292,574,7.083582328965292,574,6.914483916066851,574,6.914483916066851,574,6.7726149883990185,574,6.7726149883990185,574,0.6561969730226699,526,0.6561969730226699,526,7.866534187149059,575,7.866534187149059,575,8.264313687432217,575,8.264313687432217,575,7.722185414503242,575,7.722185414503242,575,7.729414425007866,575,7.729414425007866,575,0.7501331655184966,569,0.7501331655184966,569,8.651835660107619,575,8.651835660107619,575,8.712136002296862,575,8.712136002296862,575,8.68101694362571,575,8.68101694362571,575,9.91532803520336,575,9.91532803520336,575,0.9029827106254777,551,0.9029827106254777,551,8.595333310230316,575,8.595333310230316,575,8.917428755833726,575,8.917428755833726,575,8.540366097218788,575,8.540366097218788,575,8.958566500524993,575,8.958566500524993,575,0.8795959065523494,543,0.8795959065523494,543,4.639747404330149,574,4.639747404330149,574,4.8174950751374075,574,4.8174950751374075,574,4.607004466741572,574,4.607004466741572,574,4.642185156009905,574,4.642185156009905,574,0.4697309245998765,1490,0.4697309245998765,1490
inject,640,0.4234482389165538,677.1484216750389,37.47314301091988,522,3.452306819968702,32.0,3.738130606230515,273,3.738130606230515,273,3.96026952045765,273,3.96026952045765,273,4.066468885244893,274,4.066468885244893,274,3.8786140760569707,1626,3.8786140760569707,1626,0.3690510823180457,635,0.3690510823180457,635,3.884295358261309,597,3.884295358261309,597,4.083834836806152,597,4.083834836806152,597,3.358827406885236,273,3.358827406885236,273,3.2816524595546226,2329,3.2816524595546226,2329,0.38290236754297785,678,0.38290236754297785,678,4.413088331294767,275,4.413088331294767,275,4.689429594763311,275,4.689429594763311,275,4.676318125553622,275,4.676318125553622,275,4.055231841848002,1715,4.055231841848002,1715,0.47951959015016166,780,0.47951959015016166,780,4.916813708047939,606,4.916813708047939,606,5.726614530787414,544,5.726614530787414,544,3.7347061529255074,1882,3.7347061529255074,1882,3.9574658283259248,1406,3.9574658283259248,1406,0.476306131184476,2106,0.476306131184476,2106,3.292184114742941,788,3.292184114742941,788,3.2770579340310584,788,3.2770579340310584,788,3.6633941529485026,788,3.6633941529485026,788,3.669458391050655,788,3.669458391050655,788,0.49488652429840685,788,0.49488652429840685,788
inject,1079,0.31279222690930375,1765.957758478465,34.155385597548005,1653,1.684933122208047,33.0,3.9084697347979915,1282,3.9084697347979915,1282,3.8930537235098757,1282,3.8930537235098757,1282,4.098052275121466,1282,4.098052275121466,1282,3.927870631715616,1281,3.927870631715616,1281,0.42363111697289574,1459,0.42363111697289574,1459,4.17895941113385,64,4.17895941113385,64,4.214830113917663,643,4.214830113917663,643,3.3683395801440996,1897,3.3683395801440996,1897,3.7080363733544535,1897,3.7080363733544535,1897,0.42080019755783066,58,0.42080019755783066,58,4.193440154540706,1467,4.193440154540706,1467,3.8930537235098757,1282,3.8930537235098757,1282,4.379183207554434,1467,4.379183207554434,1467,4.990533213125002,1467,4.990533213125002,1467,0.4775605020703001,445,0.4775605020703001,445,4.463194532017219,64,4.463194532017219,64,4.951492161451799,636,4.951492161451799,636,4.10499852570387,1896,4.10499852570387,1896,4.3735895620942005,64,4.3735895620942005,64,0.49310075879209925,23,0.49310075879209925,23,3.509173259922887,1956,3.509173259922887,1956,3.67656406255662,1956,3.67656406255662,1956,3.23014153853354,1956,3.23014153853354,1956,3.2580287839131827,461,3.2580287839131827,461,0.43339911868550324,1956,0.43339911868550324,1956
inject,1096,0.08596730231998684,680.5206220857756,40.2711554576798,1724,5.183090619561146,32.0,4.2620893026812485,2051,4.2620893026812485,2051,4.487606116858718,2051,4.487606116858718,2051,4.66087755882066,2051,4.66087755882066,2051,4.355912363092974,2080,4.355912363092974,2080,0.34686071225497905,603,0.34686071225497905,603,4.644244388049493,654,4.644244388049493,654,4.974851925947961,1106,4.974851925947961,1106,4.440929166137877,1553,4.440929166137877,1553,4.248475551752556,1553,4.248475551752556,1553,0.43102704061087094,199,0.43102704061087094,199,5.448336341074295,2050,5.448336341074295,2050,5.739985420074545,2050,5.739985420074545,2050,5.379340724661025,2051,5.379340724661025,2051,4.355912363092974,2080,4.355912363092974,2080,0.4276802835758166,423,0.4276802835758166,423,5.606717746530896,651,5.606717746530896,651,6.401020910863818,654,6.401020910863818,654,4.629935130123355,1553,4.629935130123355,1553,4.672991948775104,1553,4.672991948775104,1553,0.5487607544286902,1689,0.5487607544286902,1689,2.9749883321333312,892,2.9749883321333312,892,3.080040150051253,1106,3.080040150051253,1106,3.0922053784188104,2307,3.0922053784188104,2307,3.472025051756253,161,3.472025051756253,161,0.37449696229633966,892,0.37449696229633966,892
inject,304,0.08002579754931416,835.5763298473346,33.40390313561245,1828,1.4350052279521774,33.0,3.621352916958655,1623,3.621352916958655,1623,3.7665604353590143,2126,3.7665604353590143,2126,3.80286293177603,525,3.80286293177603,525,3.885981365904475,1275,3.885981365904475,1275,0.3871212107837785,1575,0.3871212107837785,1575,4.280346936347412,474,4.280346936347412,474,4.020545858576474,474,4.020545858576474,474,4.026037518076602,1347,4.026037518076602,1347,4.2960163570894965,1347,4.2960163570894965,1347,0.4926554574152432,1341,0.4926554574152432,1341,4.516938827969291,1347,4.516938827969291,1347,4.69133803335247,590,4.69133803335247,590,4.602113781805436,1347,4.602113781805436,1347,5.427937719161882,1347,5.427937719161882,1347,0.5767453510791729,1323,0.5767453510791729,1323,4.7794466568695935,462,4.7794466568695935,462,4.97336864024354,540,4.97336864024354,540,4.339590200885261,1347,4.339590200885261,1347,4.657158423033373,1347,4.657158423033373,1347,0.5356910258802938,1315,0.5356910258802938,1315,3.142732600566593,501,3.142732600566593,501,3.2532775637286786,501,3.2532775637286786,501,3.536710425492748,501,3.536710425492748,501,2.9463404642002975,2240,2.9463404642002975,2240,0.4681422505020905,501,0.4681422505020905,501
inject,133,0.3912599725981982,770.7355044214149,44.71816020525261,1434,6.533277668193141,32.0,4.6203343063123405,1454,4.6203343063123405,1454,4.833159129359231,1454,4.833159129359231,1454,4.563035016367597,2093,4.563035016367597,2093,4.822245496888727,897,4.822245496888727,897,0.40840083071139405,849,0.40840083071139405,849,5.25587551866974,1453,5.25587551866974,1453,5.6624674547338865,1453,5.6624674547338865,1453,4.394174892569002,1453,4.394174892569002,1453,4.523654465093936,898,4.523654465093936,898,0.5053272707958213,65,0.5053272707958213,65,5.240113592495959,897,5.240113592495959,897,5.377927338845244,897,5.377927338845244,897,5.319084558752392,897,5.319084558752392,897,6.131141033158274,897,6.131141033158274,897,0.52568017322761,865,0.52568017322761,865,5.1499012247778095,1453,5.1499012247778095,1453,5.556985746990658,1453,5.556985746990658,1453,4.380555117029567,610,4.380555117029567,610,4.876428252465846,1435,4.876428252465846,1435,0.5993637590935949,1537,0.5993637590935949,1537,3.742936720877448,793,3.742936720877448,793,4.12058895412364,966,4.12058895412364,966,3.890891554872508,181,3.890891554872508,181,4.1453850052771015,1094,4.1453850052771015,1094,0.5463076350133208,181,0.5463076350133208,181
inject,96,0.35142332755572736,1577.1092028099315,34.676891399380665,466,6.173703184851589,33.0,4.953277845184771,1270,4.953277845184771,1270,5.056616983000991,1270,5.056616983000991,1270,5.023469586059172,1271,5.023469586059172,1271,4.583256886089691,973,4.583256886089691,973,0.4546438731885029,419,0.4546438731885029,419,4.797709100012465,468,4.797709100012465,468,5.111606032312256,468,5.111606032312256,468,3.898295612206432,1271,3.898295612206432,1271,3.5043867912352096,1930,3.5043867912352096,1930,0.4483978495184496,462,0.4483978495184496,462,6.542426424515222,1270,6.542426424515222,1270,6.65013561058597,1270,6.65013561058597,1270,5.973319051066797,1271,5.973319051066797,1271,4.933312906071508,973,4.933312906071508,973,0.5716693875875217,2216,0.5716693875875217,2216,5.466711609540285,940,5.466711609540285,940,6.169780963666365,940,6.169780963666365,940,4.541323327860886,1270,4.541323327860886,1270,4.245592943075232,476,4.245592943075232,476,0.4899315076864235,436,0.4899315076864235,436,4.0621066849685254,1429,4.0621066849685254,1429,4.401949022357913,924,4.401949022357913,924,4.007106927464047,1429,4.007106927464047,1429,4.329373991781843,1429,4.329373991781843,1429,0.5452005700060613,2224,0.5452005700060613,2224
inject,666,0.24016948858995135,733.5825289714562,33.26773551971771,1784,4.5607673605134025,33.0,4.211846620339072,1483,4.211846620339072,1483,3.7770661958089615,1483,3.7770661958089615,1483,4.666663184438119,1300,4.666663184438119,1300,4.111325230406784,1300,4.111325230406784,1300,0.43969313379898955,1435,0.43969313379898955,1435,4.223280063626533,2346,4.223280063626533,2346,3.9790978675973574,2346,3.9790978675973574,2346,4.013699581973165,1484,4.013699581973165,1484,3.754851869870915,1484,3.754851869870915,1484,0.4128907247556131,2340,0.4128907247556131,2340,4.211846620339072,1483,4.211846620339072,1483,3.901269131754795,2122,3.901269131754795,2122,4.916711379992344,1299,4.916711379992344,1299,4.591699047822575,2122,4.591699047822575,2122,0.48150101960762814,321,0.48150101960762814,321,4.774615186665712,641,4.774615186665712,641,4.967548902678496,641,4.967548902678496,641,4.576700817510544,641,4.576700817510544,641,4.496285059526234,641,4.496285059526234,641,0.5003299574938225,1328,0.5003299574938225,1328,3.1526030827484006,1109,3.1526030827484006,1109,3.080992206855859,1109,3.080992206855859,1109,3.4122214415486893,1109,3.4122214415486893,1109,3.328496562865797,1353,3.328496562865797,1353,0.44477801173536274,1109,0.44477801173536274,1109
inject,958,0.25099916209962614,1661.1309050860364,43.89369176674711,503,7.652895609988703,32.0,4.127012238752931,503,4.127012238752931,503,4.0830881572579685,503,4.0830881572579685,503,4.360332235572138,1436,4.360332235572138,1436,4.722559816658681,813,4.722559816658681,813,0.37835331928788574,765,0.37835331928788574,765,4.3166672063361196,504,4.3166672063361196,504,4.051496772995859,813,4.051496772995859,813,3.9923812280670017,1927,3.9923812280670017,1927,4.693004121886469,813,4.693004121886469,813,0.41132870316442605,807,0.41132870316442605,807,5.389707840723694,813,5.389707840723694,813,5.5848260051870495,813,5.5848260051870495,813,5.5637340947999645,813,5.5637340947999645,813,6.436763247255328,813,6.436763247255328,813,0.5397133773840863,781,0.5397133773840863,781,5.21474753437298,974,5.21474753437298,974,5.795930718588533,971,5.795930718588533,971,4.325746936471662,974,4.325746936471662,974,4.937321673390567,813,4.937321673390567,813,0.525212679081488,2294,0.525212679081488,2294,2.9335599915272685,2276,2.9335599915272685,2276,2.876576478161214,2070,2.876576478161214,2070,3.0577560005934767,1929,3.0577560005934767,1929,3.0914972065706414,1218,3.0914972065706414,1218,0.3953826236269877,660,0.3953826236269877,660
inject,246,0.02310683100037514,451.3600342459756,36.671897412333564,1136,3.3416928693003443,32.0,4.342895920707587,1088,4.342895920707587,1088,4.093413619620974,1088,4.093413619620974,1088,5.091690297667098,1088,5.091690297667098,1088,4.7676919364832875,1088,4.7676919364832875,1088,0.43057799667332547,1040,0.43057799667332547,1040,3.6257377554516177,1194,3.6257377554516177,1194,3.3666965364281913,1115,3.3666965364281913,1115,3.9509732410675733,1115,3.9509732410675733,1115,3.4507219149750696,1115,3.4507219149750696,1115,0.3832088635427349,1566,0.3832088635427349,1566,4.466861498759249,1116,4.466861498759249,1116,4.189356492656463,1088,4.189356492656463,1088,5.2797103087672905,1088,5.2797103087672905,1088,4.846568428284635,1088,4.846568428284635,1088,0.45004358395867017,267,0.45004358395867017,267,4.252100229176256,1438,4.252100229176256,1438,3.9882805834278994,283,3.9882805834278994,283,4.090931212864362,1116,4.090931212864362,1116,4.029149282529782,283,4.029149282529782,283,0.4683787127818299,1568,0.4683787127818299,1568,3.545464879834213,1944,3.545464879834213,1944,3.199169295623458,1944,3.199169295623458,1944,3.7147199030247493,1944,3.7147199030247493,1944,3.0771781114528607,1665,3.0771781114528607,1665,0.47319938659804756,1944,0.47319938659804756,1944
inject,719,0.46446444807640175,793.8734557826535,34.997675109913196,508,0.9780291557237814,33.0,4.351034104952248,115,4.351034104952248,115,6.769228969830318,960,6.769228969830318,960,4.084953143141518,1433,4.084953143141518,1433,4.2170874503328575,115,4.2170874503328575,115,0.38235651141323007,67,0.38235651141323007,67,4.0968430037192585,116,4.0968430037192585,116,5.054075786563064,908,5.054075786563064,908,3.4562142473924227,116,3.4562142473924227,116,4.367760658063722,5,4.367760658063722,5,0.3723170406093694,526,0.3723170406093694,526,4.723532846958447,114,4.723532846958447,114,6.769228969830318,960,6.769228969830318,960,4.5042508651132565,114,4.5042508651132565,114,5.000417803225815,114,5.000417803225815,114,0.4854362337816372,902,0.4854362337816372,902,4.431312181173812,114,4.431312181173812,114,5.667797870848537,858,5.667797870848537,858,3.7126663440858825,114,3.7126663440858825,114,4.290569287479698,857,4.290569287479698,857,0.46467280191451643,2290,0.46467280191451643,2290,4.4283105149771025,910,4.4283105149771025,910,7.407917863104592,910,7.407917863104592,910,4.3669898848546165,910,4.3669898848546165,910,3.3568640739783375,910,3.3568640739783375,910,0.5501231824417424,910,0.5501231824417424,910
inject,1069,0.19436449973283632,1922.2161536862889,33.453071464898734,633,2.546156573917435,33.0,4.056972395095657,1404,4.056972395095657,1404,3.5104110373295105,1404,3.5104110373295105,1404,4.428919166346834,1404,4.428919166346834,1404,4.361489399388511,1404,4.361489399388511,1404,0.40984807138681423,1356,0.40984807138681423,1356,3.6869120001101425,1376,3.6869120001101425,1376,3.664142630979435,786,3.664142630979435,786,3.5766374948789674,857,3.5766374948789674,857,3.799770415453728,857,3.799770415453728,857,0.37945976493878286,1371,0.37945976493878286,1371,4.2845487578147115,1372,4.2845487578147115,1372,3.808708941195327,1031,3.808708941195327,1031,4.428919166346834,1404,4.428919166346834,1404,4.627059133476564,1031,4.627059133476564,1031,0.4584334875896138,1283,0.4584334875896138,1283,4.2608411248461415,1371,4.2608411248461415,1371,4.492279839382798,423,4.492279839382798,423,4.046676805130172,856,4.046676805130172,856,4.435555692652344,948,4.435555692652344,948,0.4649726554844699,916,0.4649726554844699,916,3.1902416162543465,774,3.1902416162543465,774,3.4066698724581213,774,3.4066698724581213,774,3.165808304302602,266,3.165808304302602,266,3.868059265048067,858,3.868059265048067,858,0.40934121463931145,816,0.40934121463931145,816
inject,1263,0.3728104318845582,1341.326552266781,33.5217882176786,1560,4.874775633912223,33.0,3.817602182457435,2002,3.817602182457435,2002,4.07906588978183,2268,4.07906588978183,2268,3.952484794003769,2002,3.952484794003769,2002,4.01620242387016,2002,4.01620242387016,2002,0.3702317257307712,1954,0.3702317257307712,1954,3.7225234921144184,548,3.7225234921144184,548,3.7029780796102334,548,3.7029780796102334,548,3.2574411650516173,879,3.2574411650516173,879,3.5139446661988885,878,3.5139446661988885,878,0.436640318947468,542,0.436640318947468,542,4.382230840062758,800,4.382230840062758,800,4.544872806284224,2268,4.544872806284224,2268,4.442358521413018,800,4.442358521413018,800,5.412626351722117,800,5.412626351722117,800,0.5182862040329097,784,0.5182862040329097,784,4.510074921486988,1675,4.510074921486988,1675,4.7807476063182825,1675,4.7807476063182825,1675,4.526432609657627,800,4.526432609657627,800,5.595219123575742,800,5.595219123575742,800,0.5672473770048992,768,0.5672473770048992,768,3.256545198851455,730,3.256545198851455,730,3.2860735954055724,1934,3.2860735954055724,1934,3.1806777105681627,730,3.1806777105681627,730,3.3810679836164192,3,3.3810679836164192,3,0.4280554926132515,11,0.4280554926132515,11
inject,937,0.004708078346376099,1882.4387977167557,40.37202077371121,1090,4.143379844432772,32.0,5.323541661784289,688,5.323541661784289,688,4.817645620678085,688,4.817645620678085,688,6.081552612818969,688,6.081552612818969,688,4.944879573269016,688,4.944879573269016,688,0.42945954060119035,474,0.42945954060119035,474,5.207463216366632,522,5.207463216366632,522,5.098277330343656,522,5.098277330343656,522,5.302022975056491,522,5.302022975056491,522,5.282681073879385,523,5.282681073879385,523,0.47228773742241054,517,0.47228773742241054,517,6.234563677773613,688,6.234563677773613,688,5.864276795445194,1648,5.864276795445194,1648,7.046164569393905,688,7.046164569393905,688,6.549987379050263,522,6.549987379050263,522,0.5530321404204919,490,0.5530321404204919,490,6.344109356880219,608,6.344109356880219,608,6.077386836063691,41,6.077386836063691,41,5.423465711531841,522,5.423465711531841,522,5.425222698655719,522,5.425222698655719,522,0.5579327023219345,2235,0.5579327023219345,2235,3.172399698619034,521,3.172399698619034,521,3.223472780247887,1874,3.223472780247887,1874,3.258328146280156,521,3.258328146280156,521,3.599085490728948,520,3.599085490728948,520,0.4130818699409906,857,0.4130818699409906,857
inject,318,0.20282845967058594,1565.9809952820744,39.065359237940335,309,1.4793878081072735,32.0,3.682863595402523,2166,3.682863595402523,2166,3.964855519178965,744,3.964855519178965,744,3.575513251379695,2166,3.575513251379695,2166,3.3007194591950832,1710,3.3007194591950832,1710,0.3581861061882112,2350,0.3581861061882112,2350,3.8823164197092797,1915,3.8823164197092797,1915,4.054176389229443,745,4.054176389229443,745,3.3220110500805484,1915,3.3220110500805484,1915,3.4020400836575146,1709,3.4020400836575146,1709,0.4037547121489049,739,0.4037547121489049,739,4.556073186486716,2165,4.556073186486716,2165,4.386876960870308,865,4.386876960870308,865,3.722735323763045,2165,3.722735323763045,2165,4.247119183723229,1915,4.247119183723229,1915,0.3939100425547447,1974,0.3939100425547447,1974,4.393042966209596,833,4.393042966209596,833,5.564052344852518,833,5.564052344852518,833,3.9713436959751975,711,3.9713436959751975,711,4.715194074604093,1065,4.715194074604093,1065,0.5602377377611609,679,0.5602377377611609,679,3.0337839679124565,869,3.0337839679124565,869,3.4745046953551113,869,3.4745046953551113,869,2.839561125931911,869,2.839561125931911,869,3.222475062504437,1710,3.222475062504437,1710,0.3800424009164493,459,0.3800424009164493,459
inject,515,0.03156893440427755,1753.0060197194568,35.38621944305203,1988,1.6669930408343554,33.0,3.8243809585727817,1475,3.8243809585727817,1475,3.768646224922255,924,3.768646224922255,924,4.0749915326090855,1475,4.0749915326090855,1475,3.828511957234853,1475,3.828511957234853,1475,0.3960791582119921,1427,0.3960791582119921,1427,3.5753999991030585,947,3.5753999991030585,947,4.117784921616,947,4.117784921616,947,3.476024764539069,1474,3.476024764539069,1474,3.5120611138965483,1474,3.5120611138965483,1474,0.3808485946691931,941,0.3808485946691931,941,4.120396228691573,1629,4.120396228691573,1629,5.0185487702685165,947,5.0185487702685165,947,4.250072056483589,1629,4.250072056483589,1629,4.755009510351482,991,4.755009510351482,991,0.43169992494808745,28,0.43169992494808745,28,4.216730833701872,947,4.216730833701872,947,5.063259444739964,947,5.063259444739964,947,3.952807620338587,948,3.952807620338587,948,4.67670475547821,948,4.67670475547821,948,0.46831228242683315,1633,0.46831228242683315,1633,2.996327099834419,474,2.996327099834419,474,3.0742651769487535,474,3.0742651769487535,474,3.352574658679257,474,3.352574658679257,474,3.3116897743314304,1653,3.3116897743314304,1653,0.4054270207566193,36,0.4054270207566193,36
inject,876,0.05589387082388131,1873.2841968507225,44.529179672169995,1535,3.0496092265804737,32.0,4.7540289731208185,2108,4.7540289731208185,2108,4.638995344074467,2108,4.638995344074467,2108,5.186048072153185,2108,5.186048072153185,2108,4.777123089688717,2108,4.777123089688717,2108,0.47438614547367486,2060,0.47438614547367486,2060,3.8550023217523037,2108,3.8550023217523037,2108,3.6963892730996313,2108,3.6963892730996313,2108,3.9360006266447236,2108,3.9360006266447236,2108,3.9511008336033933,237,3.9511008336033933,237,0.37951066153550644,148,0.37951066153550644,148,5.423478340708208,912,5.423478340708208,912,5.546890673855696,912,5.546890673855696,912,5.2926568156812905,2108,5.2926568156812905,2108,5.412473665414052,1962,5.412473665414052,1962,0.541964734199476,1946,0.541964734199476,1946,5.133470735857587,1962,5.133470735857587,1962,5.43244554267296,1962,5.43244554267296,1962,5.045913834263692,1962,5.045913834263692,1962,5.928466964687272,1962,5.928466964687272,1962,0.6297225805392774,1930,0.6297225805392774,1930,3.4766956262886164,762,3.4766956262886164,762,3.6226020371038654,762,3.6226020371038654,762,3.5742137907297664,762,3.5742137907297664,762,3.6480886219584936,2296,3.6480886219584936,2296,0.49862943533984533,997,0.49862943533984533,997
inject,232,0.07829351013966468,448.43481903671625,43.17965206649055,771,2.7560721378263953,32.0,5.006082365465764,747,5.006082365465764,747,5.747649122484107,747,5.747649122484107,747,5.233048762450731,2256,5.233048762450731,2256,7.450791003178804,5,7.450791003178804,5,0.5317641553733433,2208,0.5317641553733433,2208,5.589146366748336,746,5.589146366748336,746,6.2994810309253655,746,6.2994810309253655,746,5.1882273708688444,746,5.1882273708688444,746,6.825763011955728,4,6.825763011955728,4,0.5481162689446697,740,0.5481162689446697,740,5.19997493772751,747,5.19997493772751,747,5.970760898530442,747,5.970760898530442,747,5.345231754232081,154,5.345231754232081,154,7.450791003178804,5,7.450791003178804,5,0.5342232273697657,2216,0.5342232273697657,2216,5.792838498210908,746,5.792838498210908,746,6.549615715057864,746,6.549615715057864,746,5.48018657334842,746,5.48018657334842,746,7.297320092106921,4,7.297320092106921,4,0.591215356313322,714,0.591215356313322,714,3.652568832879986,1871,3.652568832879986,1871,3.723805773121358,1871,3.723805773121358,1871,3.7138024138582635,2257,3.7138024138582635,2257,3.993562679023957,4,3.993562679023957,4,0.4080621957788633,634,0.4080621957788633,634
inject,816,0.2956971630980648,486.0961321608157,31.306287100508875,564,4.353221918954431,33.0,4.402821647976036,1749,4.402821647976036,1749,4.618993066498119,1749,4.618993066498119,1749,4.566258237930041,1749,4.566258237930041,1749,4.573410648352066,1749,4.573410648352066,1749,0.43453258263095224,1701,0.43453258263095224,1701,5.414941955197598,431,5.414941955197598,431,5.705493864897507,431,5.705493864897507,431,4.8066078497312725,431,4.8066078497312725,431,4.660734223290036,432,4.660734223290036,432,0.589093806675644,425,0.589093806675644,425,5.677980793388669,2134,5.677980793388669,2134,5.432264258347579,2133,5.432264258347579,2133,5.062842438759537,2134,5.062842438759537,2134,5.059273382006631,550,5.059273382006631,550,0.5213592047411336,2053,0.5213592047411336,2053,5.678073998494655,1344,5.678073998494655,1344,5.947722537190327,431,5.947722537190327,431,5.237054630685133,431,5.237054630685133,431,5.40022063503457,431,5.40022063503457,431,0.632885926900026,399,0.632885926900026,399,4.073407015594669,1346,4.073407015594669,1346,4.24571896859357,433,4.24571896859357,433,3.876607082313375,433,3.876607082313375,433,3.6260289797992096,433,3.6260289797992096,433,0.5092448755075355,433,0.5092448755075355,433
inject,886,0.05880666938038093,1517.1254317811836,33.953322658328815,1907,4.450073409081921,33.0,4.095392643566771,462,4.095392643566771,462,3.987594495687783,462,3.987594495687783,462,4.465106009790336,462,4.465106009790336,462,4.165623080601076,462,4.165623080601076,462,0.3942229819392347,414,0.3942229819392347,414,3.593186164527912,657,3.593186164527912,657,3.3897997148407786,77,3.3897997148407786,77,3.6672191837896495,462,3.6672191837896495,462,3.7799352331372034,2394,3.7799352331372034,2394,0.37445240400039514,71,0.37445240400039514,71,4.199014678302123,705,4.199014678302123,705,4.110335877149266,1316,4.110335877149266,1316,4.4805194884757915,461,4.4805194884757915,461,4.9111384921212675,1316,4.9111384921212675,1316,0.42471577038454267,1974,0.42471577038454267,1974,4.823770722833383,2153,4.823770722833383,2153,4.995032148251309,2153,4.995032148251309,2153,4.116300481917053,1990,4.116300481917053,1990,4.882734582453587,1990,4.882734582453587,1990,0.4869793698024609,1958,0.4869793698024609,1958,3.1089270754893534,647,3.1089270754893534,647,3.1209135057570148,1458,3.1209135057570148,1458,3.0075582883863516,445,3.0075582883863516,445,2.9028326889531577,1771,2.9028326889531577,1771,0.4263246150851027,280,0.4263246150851027,280
inject,501,0.3420955276673048,1582.001634507344,40.3959414562416,258,4.926081653404577,32.0,5.55726975290867,2052,5.55726975290867,2052,5.254550652920302,254,5.254550652920302,254,5.978218011447674,254,5.978218011447674,254,5.218366149653224,254,5.218366149653224,254,0.5329715792859303,2004,0.5329715792859303,2004,5.1136156037597305,2111,5.1136156037597305,2111,5.535685133153911,1397,5.535685133153911,1397,4.516975915521884,2111,4.516975915521884,2111,4.402860747011366,2112,4.402860747011366,2112,0.5791535602073713,2105,0.5791535602073713,2105,5.766531859905642,2051,5.766531859905642,2051,5.663935373371471,254,5.663935373371471,254,6.457662593984764,254,6.457662593984764,254,5.686328570594736,1395,5.686328570594736,1395,0.5504599417647658,1995,0.5504599417647658,1995,5.8496786131986305,541,5.8496786131986305,541,6.543924923769124,539,6.543924923769124,539,5.012774322453956,2051,5.012774322453956,2051,4.752626329721851,2112,4.752626329721851,2112,0.5724053508150524,2080,0.5724053508150524,2080,3.340233367224635,2113,3.340233367224635,2113,3.412664370626469,1394,3.412664370626469,1394,3.151527806920262,2113,3.151527806920262,2113,3.354037299622021,2245,3.354037299622021,2245,0.46982327811990704,1459,0.46982327811990704,1459
inject,886,0.35985142350468247,716.4686430252956,44.394603473101654,1409,4.450073409081921,32.0,4.712409091460739,1546,4.712409091460739,1546,4.99597918729096,1546,4.99597918729096,1546,5.2872427840734435,1546,5.2872427840734435,1546,4.4908931291117415,1546,4.4908931291117415,1546,0.4748529952566142,611,0.4748529952566142,611,3.8813491708461343,488,3.8813491708461343,488,3.953601544743965,488,3.953601544743965,488,4.092196259734216,1546,4.092196259734216,1546,3.670639500396446,1546,3.670639500396446,1546,0.4475487371137883,482,0.4475487371137883,482,5.457182071767472,1547,5.457182071767472,1547,5.782615067977319,1547,5.782615067977319,1547,5.924026755621856,1547,5.924026755621856,1547,5.418214675812625,733,5.418214675812625,733,0.48697225612914974,618,0.48697225612914974,618,5.2949315789057145,1532,5.2949315789057145,1532,5.85818453567811,1532,5.85818453567811,1532,4.6520121998769355,1532,4.6520121998769355,1532,4.651204310442236,733,4.651204310442236,733,0.5158886741687806,1731,0.5158886741687806,1731,3.3554394509892527,1900,3.3554394509892527,1900,3.480416695956125,1900,3.480416695956125,1900,3.631016607532287,1547,3.631016607532287,1547,3.33435583211653,733,3.33435583211653,733,0.438380485719724,1900,0.438380485719724,1900
inject,1199,0.12548099556617143,1914.632030848885,40.63173846064357,1542,4.06709587170586,32.0,3.9212431535625014,868,3.9212431535625014,868,3.9867546902042528,1789,3.9867546902042528,1789,4.677757000169826,868,4.677757000169826,868,4.179197502091692,1438,4.179197502091692,1438,0.3479628931155701,1741,0.3479628931155701,1741,4.153345689326941,366,4.153345689326941,366,4.055177803504064,1377,4.055177803504064,1377,4.096962288674249,2016,4.096962288674249,2016,3.9172211505515993,1437,3.9172211505515993,1437,0.38708762187005413,724,0.38708762187005413,724,4.884959662053193,2013,4.884959662053193,2013,4.64127449310791,2013,4.64127449310791,2013,5.277158346513118,2013,5.277158346513118,2013,4.919747433550083,1437,4.919747433550083,1437,0.5160703396660966,2277,0.5160703396660966,2277,5.744881793616419,1991,5.744881793616419,1991,5.202226125107067,1991,5.202226125107067,1991,4.274758584050346,745,4.274758584050346,745,4.8967491969683685,745,4.8967491969683685,745,0.5298028328589999,184,0.5298028328589999,184,3.7409880637770754,2285,3.7409880637770754,2285,4.264973201144069,2285,4.264973201144069,2285,3.429723797406222,320,3.429723797406222,320,3.78711332764273,320,3.78711332764273,320,0.505683092129766,2285,0.505683092129766,2285
inject,450,0.37328736512845573,799.5847246089011,41.431328792982264,580,1.7285207401134113,32.0,4.081053771862003,911,4.081053771862003,911,4.470670097381002,911,4.470670097381002,911,4.259335154155182,1932,4.259335154155182,1932,4.099485736168616,1932,4.099485736168616,1932,0.333893744884068,862,0.333893744884068,862,4.004353150073029,913,4.004353150073029,913,4.518806353179357,913,4.518806353179357,913,3.2517474211349384,917,3.2517474211349384,917,3.5551199614129816,1294,3.5551199614129816,1294,0.3918876901465967,360,0.3918876901465967,360,6.358801638013687,912,6.358801638013687,912,7.052660829863357,912,7.052660829863357,912,5.320171831488825,911,5.320171831488825,911,4.165189708593279,1932,4.165189708593279,1932,0.5361688159424336,823,0.5361688159424336,823,5.7385485799624485,910,5.7385485799624485,910,6.481874069638753,910,6.481874069638753,910,4.652476265087185,910,4.652476265087185,910,3.912376090953336,2139,3.912376090953336,2139,0.49910154998859296,878,0.49910154998859296,878,2.965499307965495,330,2.965499307965495,330,3.068975829632414,330,3.068975829632414,330,2.9697393287857365,1550,2.9697393287857365,1550,3.0995341561247107,1593,3.0995341561247107,1593,0.4136956904829609,330,0.4136956904829609,330
inject,634,0.1945535269216806,835.8838663978349,31.471413116634736,941,7.402608437203377,33.0,4.010982937994183,1868,4.010982937994183,1868,4.093023802881819,1868,4.093023802881819,1868,4.687135917650796,375,4.687135917650796,375,4.378131864969943,375,4.378131864969943,375,0.37879252932405383,327,0.37879252932405383,327,4.285127953014256,988,4.285127953014256,988,4.817180125277131,988,4.817180125277131,988,3.915822126445511,376,3.915822126445511,376,4.053395969526827,376,4.053395969526827,376,0.41138392745529834,1343,0.41138392745529834,1343,5.865078277958708,2026,5.865078277958708,2026,5.726246498484724,2026,5.726246498484724,2026,4.738268063156636,375,4.738268063156636,375,5.515943222738841,1083,5.515943222738841,1083,0.5346429230883142,1331,0.5346429230883142,1331,4.939903698752806,2029,4.939903698752806,2029,5.662580523802041,408,5.662580523802041,408,4.595086234742398,1083,4.595086234742398,1083,5.366187392112684,1083,5.366187392112684,1083,0.53914932605721,145,0.53914932605721,145,4.372841952044729,1346,4.372841952044729,1346,4.640496533469813,1346,4.640496533469813,1346,4.32173137875114,1346,4.32173137875114,1346,4.267404872528919,1084,4.267404872528919,1084,0.5788401784486163,1339,0.5788401784486163,1339
inject,562,0.8215854428422389,1792.921000317866,33.42736435805344,1292,6.503062249841522,33.0,11.193079229282308,1293,11.193079229282308,1293,11.348283931961486,1293,11.348283931961486,1293,11.85694179110105,1293,11.85694179110105,1293,11.476219050931947,1293,11.476219050931947,1293,0.9921448630684123,1245,0.9921448630684123,1245,11.392754295783428,1293,11.392754295783428,1293,12.037458928378731,1293,12.037458928378731,1293,10.256182832209177,1293,10.256182832209177,1293,9.876240062100425,1293,9.876240062100425,1293,0.9523626623036833,1287,0.9523626623036833,1287,11.325679581566169,1293,11.325679581566169,1293,11.498315958676585,1293,11.498315958676585,1293,11.882043903361632,1293,11.882043903361632,1293,12.242637277522444,1293,12.242637277522444,1293,1.0104328774437468,1253,1.0104328774437468,1253,11.845615971009847,1293,11.845615971009847,1293,12.525086526938432,1293,12.525086526938432,1293,10.662083139938634,1293,10.662083139938634,1293,10.25873896702491,1293,10.25873896702491,1293,1.010588673835411,1261,1.010588673835411,1261,5.179939301436649,1291,5.179939301436649,1291,5.427769114374246,1291,5.427769114374246,1291,4.686583054866787,1291,4.686583054866787,1291,4.886006232261876,1291,4.886006232261876,1291,0.5063927706849074,460,0.5063927706849074,460
inject,448,0.1434320703629226,1637.3218021565297,44.96281853880567,378,5.464979130001245,32.0,4.228514294473527,609,4.228514294473527,609,4.166228342934267,609,4.166228342934267,609,4.7108021342356725,609,4.7108021342356725,609,4.173386431634539,609,4.173386431634539,609,0.3561162794726451,561,0.3561162794726451,561,4.611291612892096,2203,4.611291612892096,2203,4.5745925052212595,2203,4.5745925052212595,2203,3.890323754368039,609,3.890323754368039,609,3.474390272470714,1667,3.474390272470714,1667,0.38878288722041254,239,0.38878288722041254,239,4.7541561841828095,2146,4.7541561841828095,2146,4.790961682483302,2146,4.790961682483302,2146,4.887265795695972,609,4.887265795695972,609,5.031523118522113,729,5.031523118522113,729,0.47892193483139395,713,0.47892193483139395,713,5.739175484714966,1163,5.739175484714966,1163,6.116771434826288,1163,6.116771434826288,1163,4.183287500945879,730,4.183287500945879,730,4.876080434855056,730,4.876080434855056,730,0.4772996668950743,1131,0.4772996668950743,1131,3.5919898241254926,529,3.5919898241254926,529,3.517099612704657,529,3.517099612704657,529,3.530330202647669,529,3.530330202647669,529,3.0280020137547257,1317,3.0280020137547257,1317,0.459845992818534,2169,0.459845992818534,2169
inject,292,0.16400189741054005,840.9078255395096,31.099516948312807,787,3.9083193680762016,33.0,4.793173640534125,1709,4.793173640534125,1709,5.022750779670437,1709,5.022750779670437,1709,4.873346825875419,1709,4.873346825875419,1709,4.535127318593359,1709,4.535127318593359,1709,0.5037552517063633,1661,0.5037552517063633,1661,5.254454009653462,936,5.254454009653462,936,5.7882145495856,936,5.7882145495856,936,4.813011895669999,1710,4.813011895669999,1710,4.460440788761438,1710,4.460440788761438,1710,0.5570886068562105,930,0.5570886068562105,930,4.793173640534125,1709,4.793173640534125,1709,5.022750779670437,1709,5.022750779670437,1709,4.873346825875419,1709,4.873346825875419,1709,4.851892374226464,935,4.851892374226464,935,0.5071476614698913,1669,0.5071476614698913,1669,5.143473853702438,936,5.143473853702438,936,5.656620699563,936,5.656620699563,936,4.694594512449847,1710,4.694594512449847,1710,4.571492408204383,1625,4.571492408204383,1625,0.5472845532270465,904,0.5472845532270465,904,3.280651239993887,934,3.280651239993887,934,3.6453021178569287,934,3.6453021178569287,934,3.1555478552346736,1708,3.1555478552346736,1708,3.256231400577086,1138,3.256231400577086,1138,0.443048509412104,15,0.443048509412104,15
inject,58,0.2857709078772279,1691.8018789236507,39.105824303780416,288,5.38016816977675,32.0,3.823531114796343,1827,3.823531114796343,1827,3.800589910922405,1827,3.800589910922405,1827,3.882515503517167,1827,3.882515503517167,1827,3.968475668604335,150,3.968475668604335,150,0.41112248463104467,1779,0.41112248463104467,1779,4.7778548005944455,288,4.7778548005944455,288,4.781178857179227,288,4.781178857179227,288,4.030357067939871,288,4.030357067939871,288,3.9152535729501863,150,3.9152535729501863,150,0.5089625755208712,282,0.5089625755208712,282,4.065289481641138,1410,4.065289481641138,1410,4.152624826145953,1410,4.152624826145953,1410,3.9689212535808,150,3.9689212535808,150,4.441989824099149,150,4.441989824099149,150,0.43189547310618936,126,0.43189547310618936,126,4.804293316102798,288,4.804293316102798,288,4.799926547655587,288,4.799926547655587,288,4.143970735199116,288,4.143970735199116,288,4.398410988564953,150,4.398410988564953,150,0.5184086129559545,256,0.5184086129559545,256,3.364367440304735,150,3.364367440304735,150,3.3316591050904765,150,3.3316591050904765,150,3.5718515893235923,925,3.5718515893235923,925,3.737279043896625,925,3.737279043896625,925,0.4480162870161252,43,0.4480162870161252,43
inject,1189,0.30316317056130915,1481.4397316067848,32.96571573136959,1851,3.727622963066959,33.0,7.134994450115142,709,7.134994450115142,709,5.94915305449602,709,5.94915305449602,709,7.709881901662759,709,7.709881901662759,709,7.060083795905579,709,7.060083795905579,709,0.5526729057277999,661,0.5526729057277999,661,5.929553365054914,954,5.929553365054914,954,5.237675463380932,954,5.237675463380932,954,4.991142007275455,708,4.991142007275455,708,4.754954378953198,5,4.754954378953198,5,0.4073004537755499,1351,0.4073004537755499,1351,7.762410604472963,952,7.762410604472963,952,6.446371409442607,952,6.446371409442607,952,7.840867356530336,709,7.840867356530336,709,7.060083795905579,709,7.060083795905579,709,0.5578553114959914,653,0.5578553114959914,653,6.656855657437088,948,6.656855657437088,948,6.038342735550677,948,6.038342735550677,948,6.27088315754926,709,6.27088315754926,709,5.469419695835175,709,5.469419695835175,709,0.4975030573144786,1711,0.4975030573144786,1711,3.8761779776385477,955,3.8761779776385477,955,3.3551103213870475,2381,3.3551103213870475,2381,3.4540309326386267,955,3.4540309326386267,955,3.240828322080576,997,3.240828322080576,997,0.5134729938003996,2098,0.5134729938003996,2098
inject,1031,0.33763540107150913,1995.9201791624118,39.69136979342186,1771,3.761902479886393,32.0,5.524988845494837,1770,5.524988845494837,1770,5.242582482011878,1770,5.242582482011878,1770,6.025167548837037,1770,6.025167548837037,1770,5.410914570419859,1770,5.410914570419859,1770,0.49037715160339895,1722,0.49037715160339895,1722,4.4519125306472525,1769,4.4519125306472525,1769,4.395035037414845,1769,4.395035037414845,1769,4.4717340446207485,1769,4.4717340446207485,1769,3.8358467951641746,1769,3.8358467951641746,1769,0.39059620304375287,416,0.39059620304375287,416,5.577351871049824,1770,5.577351871049824,1770,5.288059832513502,1770,5.288059832513502,1770,6.025167548837037,1770,6.025167548837037,1770,5.410914570419859,1770,5.410914570419859,1770,0.5047334958649728,1714,0.5047334958649728,1714,5.015443419081924,1771,5.015443419081924,1771,4.990995620967197,1771,4.990995620967197,1771,4.943609643565654,1769,4.943609643565654,1769,4.860350322029613,836,4.860350322029613,836,0.4989215078839304,804,0.4989215078839304,804,3.4416579398961704,1225,3.4416579398961704,1225,3.4793596144714054,1225,3.4793596144714054,1225,3.255470123961588,2354,3.255470123961588,2354,3.179423831167118,835,3.179423831167118,835,0.4578372096102501,835,0.4578372096102501,835
inject,1162,0.14151880584889287,1053.7511749079727,43.112657475208195,733,7.671681512922583,32.0,5.093343179889288,56,5.093343179889288,56,5.438726419076019,56,5.438726419076019,56,5.63834519821243,56,5.63834519821243,56,5.351927844767552,56,5.351927844767552,56,0.4926838065308434,8,0.4926838065308434,8,4.873470738961847,736,4.873470738961847,736,6.068081958117875,736,6.068081958117875,736,4.7756139743620105,58,4.7756139743620105,58,4.936500595995374,58,4.936500595995374,58,0.4985610651550535,730,0.4985610651550535,730,5.98027779568444,733,5.98027779568444,733,6.694249200185349,733,6.694249200185349,733,5.705062562157021,56,5.705062562157021,56,6.128970634010975,56,6.128970634010975,56,0.5917377999386354,40,0.5917377999386354,40,5.70664292370168,733,5.70664292370168,733,7.27763301178229,734,7.27763301178229,734,5.795311237543935,56,5.795311237543935,56,6.501514843029325,4,6.501514843029325,4,0.5936027990770678,24,0.5936027990770678,24,3.947222076984776,730,3.947222076984776,730,4.629660711067478,730,4.629660711067478,730,3.9967837557496284,56,3.9967837557496284,56,4.6120468678182585,56,4.6120468678182585,56,0.5541950474768667,18,0.5541950474768667,18
inject,400,0.0590644805965681,519.0685580926986,30.120003825037983,830,4.635408566977934,33.0,4.05452664724192,1647,4.05452664724192,1647,4.120399257757362,1892,4.120399257757362,1892,4.61089637178562,1083,4.61089637178562,1083,4.557173758097287,1083,4.557173758097287,1083,0.3837956196119799,1035,0.3837956196119799,1035,4.553018733694653,1648,4.553018733694653,1648,5.26789712633987,2185,5.26789712633987,2185,4.3568110275779075,1083,4.3568110275779075,1083,4.422201556697555,1083,4.422201556697555,1083,0.4364703628848174,1077,0.4364703628848174,1077,5.308999467293301,1297,5.308999467293301,1297,5.598713369695038,2320,5.598713369695038,2320,4.739226038871981,1056,4.739226038871981,1056,4.94165241270071,1863,4.94165241270071,1863,0.4684747207863995,1422,0.4684747207863995,1422,5.175885068380192,2317,5.175885068380192,2317,6.126672345764398,2317,6.126672345764398,2317,4.389812886117733,1071,4.389812886117733,1071,5.121616457065792,2394,5.121616457065792,2394,0.44470853390028753,1616,0.44470853390028753,1616,3.600385219006049,1082,3.600385219006049,1082,3.673658897774384,1082,3.673658897774384,1082,3.702652168182822,1082,3.702652168182822,1082,3.8399560165484408,1081,3.8399560165484408,1081,0.4239269551213247,1082,0.4239269551213247,1082
inject,1108,0.27234293366079254,1327.6223969915961,32.71295280579019,1150,5.663743225702895,33.0,5.2161134056033935,1354,5.2161134056033935,1354,5.779449381679182,177,5.779449381679182,177,5.387438705947312,177,5.387438705947312,177,5.268369704157741,177,5.268369704157741,177,0.47465433542161445,1696,0.47465433542161445,1696,5.551209080880554,1356,5.551209080880554,1356,6.591489725145089,177,6.591489725145089,177,5.459354558201176,177,5.459354558201176,177,5.659545274087969,178,5.659545274087969,178,0.49027311950409613,172,0.49027311950409613,172,6.1378933113298135,177,6.1378933113298135,177,6.906960890606635,177,6.906960890606635,177,6.376473279670488,177,6.376473279670488,177,6.905466733885273,177,6.905466733885273,177,0.5755737050523916,145,0.5755737050523916,145,6.250596983174213,1354,6.250596983174213,1354,7.503040846052373,1354,7.503040846052373,1354,5.562033163629032,177,5.562033163629032,177,5.792188187110209,177,5.792188187110209,177,0.505000684453911,146,0.505000684453911,146,3.860126231771987,1357,3.860126231771987,1357,4.360218202751121,1357,4.360218202751121,1357,3.766539325473683,2376,3.766539325473683,2376,4.138809000627312,1186,4.138809000627312,1186,0.5039136632541436,952,0.5039136632541436,952
inject,344,0.4770176877705956,720.0801582935633,37.72071958491924,332,4.340960786665368,32.0,4.298683842954942,888,4.298683842954942,888,4.505048196944045,1328,4.505048196944045,1328,4.474173515752894,887,4.474173515752894,887,4.344862665838259,627,4.344862665838259,627,0.3614887097594584,1280,0.3614887097594584,1280,4.215684811980815,147,4.215684811980815,147,4.397088295065675,147,4.397088295065675,147,3.8307163172817074,886,3.8307163172817074,886,3.7286568540320375,807,3.7286568540320375,807,0.41613760571169217,801,0.41613760571169217,801,6.162010887536836,888,6.162010887536836,888,5.980529834745219,485,5.980529834745219,485,5.741079134706929,888,5.741079134706929,888,4.7000030077499275,806,4.7000030077499275,806,0.4687575864914267,775,0.4687575864914267,775,5.982768078288027,140,5.982768078288027,140,6.324312451091341,140,6.324312451091341,140,4.340427538239486,888,4.340427538239486,888,4.112894764706236,807,4.112894764706236,807,0.5404812564848829,429,0.5404812564848829,429,3.3883242551094725,331,3.3883242551094725,331,3.5021148296767426,331,3.5021148296767426,331,3.2450794216873553,561,3.2450794216873553,561,3.4247945632873327,331,3.4247945632873327,331,0.3778352830155412,263,0.3778352830155412,263
inject,807,0.05272257886472109,571.33011645925,30.72602376488674,648,6.523601507576139,33.0,4.711882516983951,2084,4.711882516983951,2084,5.418558671878117,2084,5.418558671878117,2084,4.872658073776753,2084,4.872658073776753,2084,4.751150649413139,2084,4.751150649413139,2084,0.47421459988704273,2036,0.47421459988704273,2036,5.19173233726772,2083,5.19173233726772,2083,6.268471306331004,2083,6.268471306331004,2083,4.695019767154799,2083,4.695019767154799,2083,4.626241902844002,2083,4.626241902844002,2083,0.5427176352112706,2077,0.5427176352112706,2077,5.331313057534912,2244,5.331313057534912,2244,6.323640775288048,2244,6.323640775288048,2244,5.387807395512553,2244,5.387807395512553,2244,6.272512255065392,2244,6.272512255065392,2244,0.6564609629866016,2228,0.6564609629866016,2228,5.42653435338218,2084,5.42653435338218,2084,6.546620956575404,2084,6.546620956575404,2084,4.973022402044002,2244,4.973022402044002,2244,5.031826376473824,2082,5.031826376473824,2082,0.605663849006148,2212,0.605663849006148,2212,5.184168759367961,2243,5.184168759367961,2243,6.181139900167042,2243,6.181139900167042,2243,4.969473730575901,2243,4.969473730575901,2243,4.380211087486599,2243,4.380211087486599,2243,0.6797593092557414,2243,0.6797593092557414,2243
inject,530,0.15394970262738583,1504.5391846235825,31.263777927083947,499,2.03175584199546,33.0,3.7845945579581244,589,3.7845945579581244,589,4.405084108040301,589,4.405084108040301,589,3.9224885595992585,588,3.9224885595992585,588,3.6417233370394055,1071,3.6417233370394055,1071,0.40052405905226335,541,0.40052405905226335,541,3.822328926621477,592,3.822328926621477,592,4.441817169281932,592,4.441817169281932,592,3.266811393811009,833,3.266811393811009,833,3.643306169014006,832,3.643306169014006,832,0.44431951353621785,586,0.44431951353621785,586,4.960158480358817,447,4.960158480358817,447,4.897481818254271,447,4.897481818254271,447,4.314582328119793,587,4.314582328119793,587,4.468780929241988,182,4.468780929241988,182,0.47077246363889685,350,0.47077246363889685,350,4.423649804005205,401,4.423649804005205,401,4.906832747653962,588,4.906832747653962,588,3.8289573064087783,1070,3.8289573064087783,1070,4.574038195342863,2092,4.574038195342863,2092,0.46351020425222617,1038,0.46351020425222617,1038,3.2548532356744406,1068,3.2548532356744406,1068,3.234410603411867,1068,3.234410603411867,1068,3.2772178010387303,1068,3.2772178010387303,1068,3.747412275043951,1068,3.747412275043951,1068,0.4462134552753704,1068,0.4462134552753704,1068
inject,587,0.7860196343889332,1974.9606899580442,41.64915554217582,296,4.645403081950663,32.0,9.075641261244836,296,9.075641261244836,296,10.376299546761487,296,10.376299546761487,296,9.156438200451682,296,9.156438200451682,296,8.437554548615948,296,8.437554548615948,296,0.8758281475405543,248,0.8758281475405543,248,8.850530121553787,297,8.850530121553787,297,10.238773677156537,297,10.238773677156537,297,7.8847123406731585,297,7.8847123406731585,297,6.983291616005303,297,6.983291616005303,297,0.776082489192556,291,0.776082489192556,291,9.075641261244836,296,9.075641261244836,296,10.376299546761487,296,10.376299546761487,296,9.156438200451682,296,9.156438200451682,296,8.90526602233985,296,8.90526602233985,296,0.8758281475405543,248,0.8758281475405543,248,9.44970513903542,296,9.44970513903542,296,10.943203658794548,296,10.943203658794548,296,8.378246583896049,297,8.378246583896049,297,7.402679745792749,296,7.402679745792749,296,0.8596109772132583,264,0.8596109772132583,264,4.001576411694948,296,4.001576411694948,296,4.618523917241919,296,4.618523917241919,296,3.6026266133855525,296,3.6026266133855525,296,3.386534261800066,296,3.386534261800066,296,0.4576658956076807,1109,0.4576658956076807,1109
inject,838,0.774848694455631,1492.238212984938,31.875114192360904,1176,4.493292352053231,33.0,4.901083798283158,1175,4.901083798283158,1175,5.100644937422725,1175,5.100644937422725,1175,5.004685569831387,1175,5.004685569831387,1175,4.491436798455737,1175,4.491436798455737,1175,0.4730642369333471,1127,0.4730642369333471,1127,7.224317208366157,1177,7.224317208366157,1177,7.681231068336959,1177,7.681231068336959,1177,6.229444046671656,1177,6.229444046671656,1177,5.90178163323409,1177,5.90178163323409,1177,0.6996032559567485,1171,0.6996032559567485,1171,6.143592934049155,1176,6.143592934049155,1176,6.388240886694544,1176,6.388240886694544,1176,6.409420611517053,1176,6.409420611517053,1176,6.840958596826382,1176,6.840958596826382,1176,0.5834669292011089,1144,0.5834669292011089,1144,7.192474003536043,1177,7.192474003536043,1177,7.62977621295052,1177,7.62977621295052,1177,6.338631271744621,1177,6.338631271744621,1177,6.151241504729519,1177,6.151241504729519,1177,0.7010022557651607,1145,0.7010022557651607,1145,3.5430010820559144,1175,3.5430010820559144,1175,3.749705577302013,1175,3.749705577302013,1175,3.2768948259027755,794,3.2768948259027755,794,3.4226754948151177,794,3.4226754948151177,794,0.41773512269757007,485,0.41773512269757007,485
inject,312,0.683932029171564,1485.9259689057055,42.34807081994029,1394,6.315600384386832,32.0,7.154242983289828,1394,7.154242983289828,1394,6.860703973671935,1394,6.860703973671935,1394,7.154758662787937,1394,7.154758662787937,1394,6.980287595208027,1394,6.980287595208027,1394,0.7021360889746407,1346,0.7021360889746407,1346,8.277557264757043,1394,8.277557264757043,1394,8.090627570340638,1394,8.090627570340638,1394,7.800729682559605,1394,7.800729682559605,1394,7.81795378570159,1394,7.81795378570159,1394,0.8022531590930889,1388,0.8022531590930889,1388,8.037446914376064,1394,8.037446914376064,1394,7.71454591426526,1394,7.71454591426526,1394,8.064669642661073,1394,8.064669642661073,1394,9.3398222739859,1394,9.3398222739859,1394,0.8270149681123634,1362,0.8270149681123634,1362,8.69911629679606,1394,8.69911629679606,1394,8.48005898978005,1394,8.48005898978005,1394,8.286193217018571,1394,8.286193217018571,1394,8.603135320990056,1394,8.603135320990056,1394,0.8488531394869513,1362,0.8488531394869513,1362,4.62491098393502,1394,4.62491098393502,1394,4.501594814890718,1394,4.501594814890718,1394,4.44036124011024,1394,4.44036124011024,1394,4.7027080296195045,1394,4.7027080296195045,1394,0.4666660694833952,154,0.4666660694833952,154
inject,764,0.05140464526114363,363.2339579346895,37.58858490631002,412,4.301565823179941,32.0,3.897699134999604,309,3.897699134999604,309,3.914260621394584,309,3.914260621394584,309,4.342940661211772,309,4.342940661211772,309,4.573338049547007,309,4.573338049547007,309,0.39989783829494135,261,0.39989783829494135,261,4.3838042358600795,595,4.3838042358600795,595,4.946432061442121,595,4.946432061442121,595,3.7805301990181,309,3.7805301990181,309,4.23320381363038,310,4.23320381363038,310,0.4181365322991606,589,0.4181365322991606,589,4.463407189843889,309,4.463407189843889,309,4.699904729059567,1783,4.699904729059567,1783,4.756131325747489,309,4.756131325747489,309,5.25170281735427,309,5.25170281735427,309,0.46092984669294346,277,0.46092984669294346,277,5.7607370813956456,1779,5.7607370813956456,1779,6.340102845187246,1779,6.340102845187246,1779,4.0048287954477555,310,4.0048287954477555,310,4.465102703381093,310,4.465102703381093,310,0.4806055440650456,800,0.4806055440650456,800,3.3309828220576634,596,3.3309828220576634,596,3.6934000362133736,596,3.6934000362133736,596,3.2277842985626757,2177,3.2277842985626757,2177,3.488850693464233,596,3.488850693464233,596,0.39589537556931265,2266,0.39589537556931265,2266
inject,921,0.5710786828200191,1145.4768475912774,30.03854005695294,1453,4.36660407690056,33.0,4.591625328197855,2092,4.591625328197855,2092,5.1819381413577155,2092,5.1819381413577155,2092,5.05498738430611,2151,5.05498738430611,2151,5.287933873278183,2151,5.287933873278183,2151,0.43131366471723787,1989,0.43131366471723787,1989,4.535805228563613,1454,4.535805228563613,1454,4.928707674971361,267,4.928707674971361,267,4.564353633479828,1454,4.564353633479828,1454,5.526039314594611,1454,5.526039314594611,1454,0.45100055457119503,1448,0.45100055457119503,1448,6.391509909415867,1454,6.391509909415867,1454,6.6912528433090825,1454,6.6912528433090825,1454,6.5092789996821345,1454,6.5092789996821345,1454,7.777975113960247,1454,7.777975113960247,1454,0.5888077888555936,1422,0.5888077888555936,1422,5.421697844419693,263,5.421697844419693,263,6.329185538269408,261,6.329185538269408,261,5.57658731343016,2165,5.57658731343016,2165,6.474675520946976,2165,6.474675520946976,2165,0.5474803040295348,2133,0.5474803040295348,2133,3.0491626909907397,2037,3.0491626909907397,2037,3.4218043650497125,2037,3.4218043650497125,2037,3.3334694157774125,2037,3.3334694157774125,2037,3.170087845994203,440,3.170087845994203,440,0.43097631900541344,1177,0.43097631900541344,1177
inject,515,0.23388132187911992,1000.1905172695166,39.246859625858335,1588,1.6669930408343554,32.0,3.650740277737818,1612,3.650740277737818,1612,3.881974544744284,1612,3.881974544744284,1612,3.9734632399022716,1612,3.9734632399022716,1612,3.664673493103972,1612,3.664673493103972,1612,0.3715601155698865,1564,0.3715601155698865,1564,4.141668339734227,1614,4.141668339734227,1614,4.283953559312219,1614,4.283953559312219,1614,3.4814109693632544,1614,3.4814109693632544,1614,3.724520153235709,125,3.724520153235709,125,0.38222587696565974,1608,0.38222587696565974,1608,4.668209116337742,124,4.668209116337742,124,4.871950620151889,1684,4.871950620151889,1684,4.798722226205222,124,4.798722226205222,124,5.595030880082241,124,5.595030880082241,124,0.5189315240614878,1660,0.5189315240614878,1660,4.235616298821977,1611,4.235616298821977,1611,4.592613389966069,2091,4.592613389966069,2091,4.3035707915200305,1684,4.3035707915200305,1684,4.8385371856434345,124,4.8385371856434345,124,0.4418431617506531,1836,0.4418431617506531,1836,3.091829458228462,2084,3.091829458228462,2084,3.3278229743444996,2084,3.3278229743444996,2084,2.8406393279390114,2051,2.8406393279390114,2051,3.0312610076927973,2251,3.0312610076927973,2251,0.37317640628556287,685,0.37317640628556287,685
inject,749,0.45103673375248965,1937.298413680408,43.988341428781176,1458,1.2781022399639033,32.0,3.994482065042497,2022,3.994482065042497,2022,3.512781284933915,249,3.512781284933915,249,4.40315136346621,2022,4.40315136346621,2022,4.002978232683298,2021,4.002978232683298,2021,0.38294367504923515,201,0.38294367504923515,201,4.608715662509662,2023,4.608715662509662,2023,4.921252357605291,808,4.921252357605291,808,3.858332321498132,2023,3.858332321498132,2023,3.400662737097544,2023,3.400662737097544,2023,0.41084448719762545,2017,0.41084448719762545,2017,4.094766957980677,2028,4.094766957980677,2028,4.125932014349313,986,4.125932014349313,986,4.40315136346621,2022,4.40315136346621,2022,4.177509841096269,1852,4.177509841096269,1852,0.4437497189982201,1836,0.4437497189982201,1836,4.806335777123502,2022,4.806335777123502,2022,5.010085511856123,807,5.010085511856123,807,4.327552292922127,1853,4.327552292922127,1853,4.975890305045904,1853,4.975890305045904,1853,0.49949525447557513,1821,0.49949525447557513,1821,3.1161080247656345,1408,3.1161080247656345,1408,3.4354474594838837,807,3.4354474594838837,807,3.249767514772984,1933,3.249767514772984,1933,3.3758888829561284,1933,3.3758888829561284,1933,0.3932170344146126,2298,0.3932170344146126,2298
inject,335,0.5121881310955523,1897.6389377347625,43.161773061983865,1808,5.381604009492395,32.0,6.270131055556681,1809,6.270131055556681,1809,6.594471547600749,1809,6.594471547600749,1809,6.385835309531447,1809,6.385835309531447,1809,5.390501003275892,1809,5.390501003275892,1809,0.5706456195709553,1761,0.5706456195709553,1761,6.160193780408745,1809,6.160193780408745,1809,6.790044083086106,1809,6.790044083086106,1809,5.715917391314881,1809,5.715917391314881,1809,4.782850524686479,1809,4.782850524686479,1809,0.5318729392648265,1803,0.5318729392648265,1803,6.675428363582273,1808,6.675428363582273,1808,7.03189134151746,1808,7.03189134151746,1808,6.559591675180246,1808,6.559591675180246,1808,5.893707888006881,1124,5.893707888006881,1124,0.5898826549565135,1745,0.5898826549565135,1745,6.390745395039695,1809,6.390745395039695,1809,7.0866559173097,1809,7.0866559173097,1809,5.9240128978658255,1809,5.9240128978658255,1809,4.98205397175959,1809,4.98205397175959,1809,0.5686383931682585,1778,0.5686383931682585,1778,3.184725062920427,78,3.184725062920427,78,3.3266856942661747,78,3.3266856942661747,78,3.2310847282816373,78,3.2310847282816373,78,3.81855296532525,1124,3.81855296532525,1124,0.48067438574341215,78,0.48067438574341215,78
inject,986,0.04510395325094929,456.2022317811703,32.91466002228513,1513,4.496953616818572,33.0,3.656873545676539,1483,3.656873545676539,1483,3.7727602658931323,770,3.7727602658931323,770,3.8462156099061686,1483,3.8462156099061686,1483,3.7106617312545205,1483,3.7106617312545205,1483,0.40147527760518553,1435,0.40147527760518553,1435,3.716546076986214,1337,3.716546076986214,1337,3.9550638247157908,1881,3.9550638247157908,1881,3.7621431199652,1881,3.7621431199652,1881,4.26887718435316,1881,4.26887718435316,1881,0.4016535934330042,1875,0.4016535934330042,1875,4.744374323215634,1330,4.744374323215634,1330,4.8929638024025985,561,4.8929638024025985,561,4.579842410788932,561,4.579842410788932,561,5.508064500015261,561,5.508064500015261,561,0.5279317760211052,231,0.5279317760211052,231,5.748984972970471,1330,5.748984972970471,1330,6.056948648692806,1330,6.056948648692806,1330,4.322098515404341,561,4.322098515404341,561,5.1107311361098855,561,5.1107311361098855,561,0.530760104998743,1298,0.530760104998743,1298,3.6775423112976346,1855,3.6775423112976346,1855,3.8877728602720323,1855,3.8877728602720323,1855,3.734049448794122,1855,3.734049448794122,1855,4.165596985482192,239,4.165596985482192,239,0.43442725424192824,1855,0.43442725424192824,1855
inject,777,0.09800718908829065,411.30709642219495,34.57885315309862,1368,1.1482242595030494,33.0,3.758051566344531,1249,3.758051566344531,1249,4.249659525043611,1249,4.249659525043611,1249,3.937406689901148,1249,3.937406689901148,1249,4.003821135936899,175,4.003821135936899,175,0.39091891115680205,1201,0.39091891115680205,1201,4.491921219471833,533,4.491921219471833,533,4.6002193305569286,533,4.6002193305569286,533,3.6796760626687113,176,3.6796760626687113,176,4.1787845395294525,176,4.1787845395294525,176,0.49175029364965794,527,0.49175029364965794,527,4.323092061833102,175,4.323092061833102,175,4.649933303021476,1801,4.649933303021476,1801,4.287347373040897,175,4.287347373040897,175,5.16515275511946,175,5.16515275511946,175,0.47117355938371347,38,0.47117355938371347,38,4.687069748807315,532,4.687069748807315,532,4.85680016626242,532,4.85680016626242,532,4.074456462241506,175,4.074456462241506,175,4.904172783397282,175,4.904172783397282,175,0.5039096727901643,500,0.5039096727901643,500,3.5724138761516864,530,3.5724138761516864,530,3.7311366174679983,530,3.7311366174679983,530,3.1674415427857436,530,3.1674415427857436,530,3.13849984476458,176,3.13849984476458,176,0.39894441276959164,84,0.39894441276959164,84
inject,511,0.16798400623360255,1899.5952569243093,42.045301108456954,1031,6.558635467370443,32.0,4.22369892312216,921,4.22369892312216,921,4.290112036644044,921,4.290112036644044,921,4.511619406453862,921,4.511619406453862,921,4.0646421456331545,921,4.0646421456331545,921,0.4220541626148031,872,0.4220541626148031,872,5.186647576587562,1312,5.186647576587562,1312,5.06344571109748,1312,5.06344571109748,1312,3.8710947113541208,1312,3.8710947113541208,1312,3.7516273154784376,2395,3.7516273154784376,2395,0.5956529594059775,1306,0.5956529594059775,1306,4.47833500936842,1066,4.47833500936842,1066,4.726928456035482,1066,4.726928456035482,1066,4.609269383177669,1066,4.609269383177669,1066,5.00302333285069,1066,5.00302333285069,1066,0.6136466091042742,1058,0.6136466091042742,1058,5.470874024469058,1312,5.470874024469058,1312,5.365667050517478,1312,5.365667050517478,1312,4.491071372116252,1312,4.491071372116252,1312,4.822421485949665,1312,4.822421485949665,1312,0.6540185919042761,1280,0.6540185919042761,1280,4.82455629155006,1066,4.82455629155006,1066,5.01002272410808,1066,5.01002272410808,1066,4.643985142656027,1066,4.643985142656027,1066,4.494450697781435,1066,4.494450697781435,1066,0.6044675574334186,1066,0.6044675574334186,1066
inject,997,0.6975245578194009,1629.8139993590319,39.391280667716906,1465,1.0817945405570648,32.0,3.803642995489592,2021,3.803642995489592,2021,4.411061294297555,2021,4.411061294297555,2021,4.036216526164642,2021,4.036216526164642,2021,4.055818292699004,733,4.055818292699004,733,0.4028386002912037,2393,0.4028386002912037,2393,3.819099139460903,1817,3.819099139460903,1817,4.238573977541028,1817,4.238573977541028,1817,3.2897187287967533,655,3.2897187287967533,655,3.4384350594494784,655,3.4384350594494784,655,0.46109628591180424,649,0.46109628591180424,649,4.879679757134849,1825,4.879679757134849,1825,5.53836039105848,1825,5.53836039105848,1825,4.036216526164642,2021,4.036216526164642,2021,4.670293651903845,1833,4.670293651903845,1833,0.48101921716902274,1729,0.48101921716902274,1729,4.711949386874648,1824,4.711949386874648,1824,5.97183327081436,1696,5.97183327081436,1696,3.9167548565048786,1832,3.9167548565048786,1832,4.157637534901376,1796,4.157637534901376,1796,0.49531098564014153,1800,0.49531098564014153,1800,3.4185074910385143,154,3.4185074910385143,154,3.7562865576818902,154,3.7562865576818902,154,3.29831680517621,734,3.29831680517621,734,3.6171673512931815,1795,3.6171673512931815,1795,0.44412794781209325,154,0.44412794781209325,154
inject,103,0.3360532149965554,1612.4045490242875,42.2964332105831,804,7.352751793957728,32.0,6.337808242252708,803,6.337808242252708,803,6.157886790006252,803,6.157886790006252,803,6.540815470839431,804,6.540815470839431,804,5.743547019747104,803,5.743547019747104,803,0.5780602796950409,755,0.5780602796950409,755,6.317725227050603,804,6.317725227050603,804,6.265633074799558,804,6.265633074799558,804,5.941225816751625,804,5.941225816751625,804,5.357292382515571,805,5.357292382515571,805,0.5481231148720929,798,0.5481231148720929,798,6.337808242252708,803,6.337808242252708,803,6.160305644617321,803,6.160305644617321,803,6.540815470839431,804,6.540815470839431,804,6.171072527479994,804,6.171072527479994,804,0.5780602796950409,755,0.5780602796950409,755,6.67509220190555,805,6.67509220190555,805,6.619045066131398,805,6.619045066131398,805,6.314039004689733,805,6.314039004689733,805,5.641666779634123,804,5.641666779634123,804,0.6082442545545775,773,0.6082442545545775,773,3.7208215473921924,806,3.7208215473921924,806,3.6920807435452114,14,3.6920807435452114,14,3.6340262982417912,806,3.6340262982417912,806,3.626597163886632,321,3.626597163886632,321,0.5249805008775918,1561,0.5249805008775918,1561
inject,246,0.21909338604376116,1615.143394652335,30.107566423475628,2125,3.3416928693003443,33.0,3.3245411078514664,155,3.3245411078514664,155,3.7428817185955694,608,3.7428817185955694,608,3.708695985021541,608,3.708695985021541,608,3.8332471226824234,1459,3.8332471226824234,1459,0.373538424459933,560,0.373538424459933,560,3.8147482813411755,224,3.8147482813411755,224,3.8101166144962892,224,3.8101166144962892,224,3.3089947389388015,224,3.3089947389388015,224,3.7616133256956474,1602,3.7616133256956474,1602,0.4033333693813556,218,0.4033333693813556,218,4.719646369260497,225,4.719646369260497,225,5.043673895901576,225,5.043673895901576,225,4.066830431256519,608,4.066830431256519,608,4.904746464902494,1459,4.904746464902494,1459,0.5077248235804688,2269,0.5077248235804688,2269,3.9819025966776236,1787,3.9819025966776236,1787,4.343878617398192,186,4.343878617398192,186,3.837487726413818,2325,3.837487726413818,2325,4.452504583025576,2325,4.452504583025576,2325,0.4479454302370925,191,0.4479454302370925,191,3.8673562058940405,372,3.8673562058940405,372,4.174695560113814,372,4.174695560113814,372,4.29702926945626,372,4.29702926945626,372,3.751642857759113,372,3.751642857759113,372,0.5591615750888306,372,0.5591615750888306,372
inject,636,0.5251405725809737,1943.3777167107805,37.19881483201578,292,5.69405170740302,32.0,4.244456626566447,1113,4.244456626566447,1113,4.20184413766073,1113,4.20184413766073,1113,4.546251992594919,1113,4.546251992594919,1113,4.2423266123562025,569,4.2423266123562025,569,0.4206863608720217,522,0.4206863608720217,522,3.986680557506511,292,3.986680557506511,292,4.073359238052898,292,4.073359238052898,292,4.3365824422360495,1534,4.3365824422360495,1534,4.506883607221599,292,4.506883607221599,292,0.45508194897929083,1528,0.45508194897929083,1528,5.186835272101074,292,5.186835272101074,292,5.087168030325363,292,5.087168030325363,292,5.2502891675428005,292,5.2502891675428005,292,6.0957733610211395,292,6.0957733610211395,292,0.5464321139778264,1655,0.5464321139778264,1655,4.992718010140051,293,4.992718010140051,293,5.042400444624782,89,5.042400444624782,89,5.139355238875369,293,5.139355238875369,293,5.689689528428213,293,5.689689528428213,293,0.5184936703650425,261,0.5184936703650425,261,3.981891381653603,1663,3.981891381653603,1663,3.948784880594934,1663,3.948784880594934,1663,4.231286244972417,1663,4.231286244972417,1663,4.395244711480067,1663,4.395244711480067,1663,0.5146674413438699,1663,0.5146674413438699,1663
inject,1024,0.06310763057931135,884.5154918102937,40.96264619982674,1673,1.494858504348209,32.0,3.532310564167914,1721,3.532310564167914,1721,3.5882873192369007,1876,3.5882873192369007,1876,4.256525073131611,1721,4.256525073131611,1721,4.302163444326515,1721,4.302163444326515,1721,0.41652918016049106,1673,0.41652918016049106,1673,3.4041922965211815,1876,3.4041922965211815,1876,3.8521096299323148,854,3.8521096299323148,854,3.0416956539242324,1876,3.0416956539242324,1876,3.151691020944605,854,3.151691020944605,854,0.37612890936849974,1870,0.37612890936849974,1870,3.907932261039904,2089,3.907932261039904,2089,4.360156873052721,853,4.360156873052721,853,4.256525073131611,1721,4.256525073131611,1721,4.302163444326515,1721,4.302163444326515,1721,0.5260038168269866,24,0.5260038168269866,24,4.549479102395525,2088,4.549479102395525,2088,4.8076002065769785,854,4.8076002065769785,854,3.9712212591333254,38,3.9712212591333254,38,4.617938087548136,38,4.617938087548136,38,0.4877538186348891,6,0.4877538186348891,6,3.0710721945688606,1545,3.0710721945688606,1545,3.5043744614969707,853,3.5043744614969707,853,3.097810415455654,1545,3.097810415455654,1545,3.059351796278667,1416,3.059351796278667,1416,0.4130128745537532,32,0.4130128745537532,32
inject,713,0.15316520082972196,486.4311619961385,36.210253252651405,1718,8.387891195261235,32.0,4.211770085260746,473,4.211770085260746,473,4.072036034202155,473,4.072036034202155,473,4.437117379727636,436,4.437117379727636,436,4.019522494969233,1242,4.019522494969233,1242,0.3863980498601533,1195,0.3863980498601533,1195,5.191123292836052,474,5.191123292836052,474,5.186759459147812,474,5.186759459147812,474,4.313187869894209,437,4.313187869894209,437,4.209359217467311,438,4.209359217467311,438,0.4509416988299238,1237,0.4509416988299238,1237,4.544120785182099,474,4.544120785182099,474,4.437183170907476,474,4.437183170907476,474,4.731564694938184,437,4.731564694938184,437,4.90808345970233,437,4.90808345970233,437,0.45810058474415905,1694,0.45810058474415905,1694,5.295903954478271,473,5.295903954478271,473,5.39095591081083,700,5.39095591081083,700,4.61123561798343,437,4.61123561798343,437,4.577507653066366,437,4.577507653066366,437,0.49386294245600815,1798,0.49386294245600815,1798,3.4964543016226317,2139,3.4964543016226317,2139,3.503124332168485,2139,3.503124332168485,2139,3.6064097998355957,2139,3.6064097998355957,2139,3.2031221188984933,2139,3.2031221188984933,2139,0.4633196536038042,2139,0.4633196536038042,2139
inject,426,0.06832176368455778,1914.6177734747082,39.87882511220996,831,3.716204894255417,32.0,3.6473655623609913,29,3.6473655623609913,29,3.834730764798484,700,3.834730764798484,700,3.978396332634052,1903,3.978396332634052,1903,4.047916980415062,700,4.047916980415062,700,0.39637512395847513,1855,0.39637512395847513,1855,4.11824566646872,2393,4.11824566646872,2393,4.228260634953334,2393,4.228260634953334,2393,3.7337333625687608,2328,3.7337333625687608,2328,4.595444414933785,2393,4.595444414933785,2393,0.4935807511488595,2322,0.4935807511488595,2322,4.858372239698129,86,4.858372239698129,86,4.61496551463313,86,4.61496551463313,86,4.040565444516149,1901,4.040565444516149,1901,4.6695325132237295,2271,4.6695325132237295,2271,0.4987297297345861,2390,0.4987297297345861,2390,4.820301330209624,2110,4.820301330209624,2110,4.819548961496259,2110,4.819548961496259,2110,3.8884959079251895,1903,3.8884959079251895,1903,4.457082979647614,2394,4.457082979647614,2394,0.48551936880130525,2327,0.48551936880130525,2327,3.2711055677857424,2395,3.2711055677857424,2395,3.4235784869591996,2395,3.4235784869591996,2395,3.1288694828616626,2330,3.1288694828616626,2330,3.4602488509638762,2395,3.4602488509638762,2395,0.4558717144784672,2395,0.4558717144784672,2395
inject,401,0.27913240949828977,1945.6558909881069,44.34431341859807,562,5.133398664227713,32.0,4.817188186792053,2025,4.817188186792053,2025,4.666679923607529,2025,4.666679923607529,2025,5.084836515218185,2025,5.084836515218185,2025,4.694065895902279,2025,4.694065895902279,2025,0.48292916908441147,1977,0.48292916908441147,1977,4.17709590519016,669,4.17709590519016,669,3.7834398544164207,669,3.7834398544164207,669,3.97859835815972,669,3.97859835815972,669,3.9690055377675004,668,3.9690055377675004,668,0.41314185486306737,2303,0.41314185486306737,2303,4.859778456240385,2025,4.859778456240385,2025,4.72320081883813,2025,4.72320081883813,2025,5.084836515218185,2025,5.084836515218185,2025,5.015397768261487,668,5.015397768261487,668,0.4890158966464222,1969,0.4890158966464222,1969,4.9185770175545285,1676,4.9185770175545285,1676,5.061730053382895,1210,5.061730053382895,1210,4.441767587876624,669,4.441767587876624,669,4.471861987714592,669,4.471861987714592,669,0.45730717522015235,637,0.45730717522015235,637,3.485544614255074,669,3.485544614255074,669,3.131126722503469,669,3.131126722503469,669,3.452630451523863,669,3.452630451523863,669,3.5826408423682468,2206,3.5826408423682468,2206,0.3903979327542486,669,0.3903979327542486,669
inject,1214,0.1045280950209867,894.989575041522,41.5194205149273,734,6.0584015635395385,32.0,5.607636476591846,1375,5.607636476591846,1375,6.390393178323463,1375,6.390393178323463,1375,6.073555558850541,1375,6.073555558850541,1375,5.595087916320798,1375,5.595087916320798,1375,0.48622436429643207,1327,0.48622436429643207,1327,5.427952519618108,645,5.427952519618108,645,6.474825441523118,1192,6.474825441523118,1192,4.991343830709235,1376,4.991343830709235,1376,4.799750547707972,1376,4.799750547707972,1376,0.4761691746801907,66,0.4761691746801907,66,5.607636476591846,1375,5.607636476591846,1375,6.390393178323463,1375,6.390393178323463,1375,6.073555558850541,1375,6.073555558850541,1375,5.815076681215563,1375,5.815076681215563,1375,0.49595184766573375,1199,0.49595184766573375,1199,6.4259976834407295,1189,6.4259976834407295,1189,8.323565602594929,1189,8.323565602594929,1189,5.318135193582436,1376,5.318135193582436,1376,5.258815179888219,1223,5.258815179888219,1223,0.6502832469006099,43,0.6502832469006099,43,3.713076945456814,73,3.713076945456814,73,4.29281349166654,73,4.29281349166654,73,3.7942253534490105,1926,3.7942253534490105,1926,3.7177061334477237,1926,3.7177061334477237,1926,0.4327361005290864,99,0.4327361005290864,99
inject,275,0.12279708607953876,605.4896793983532,35.49671364716199,1709,2.3310557276712647,33.0,4.2405214798825,1179,4.2405214798825,1179,4.448538230490947,2387,4.448538230490947,2387,4.375464293564488,2386,4.375464293564488,2386,3.9399698750770975,1179,3.9399698750770975,1179,0.4050437966700385,2338,0.4050437966700385,2338,4.752320786040379,1810,4.752320786040379,1810,4.928043948588913,1810,4.928043948588913,1810,3.71270614972303,1178,3.71270614972303,1178,3.48489950656507,1178,3.48489950656507,1178,0.40333244138244323,1804,0.40333244138244323,1804,4.677307742524795,1806,4.677307742524795,1806,4.723508732300705,1806,4.723508732300705,1806,4.382765876127161,2387,4.382765876127161,2387,4.3477135349389595,1178,4.3477135349389595,1178,0.4695514563338775,1218,0.4695514563338775,1218,5.75694225065883,1800,5.75694225065883,1800,6.190775382993788,1800,6.190775382993788,1800,3.8707283348027306,1178,3.8707283348027306,1178,4.153579106398612,1768,4.153579106398612,1768,0.5023622020282119,1768,0.5023622020282119,1768,3.1291532588787243,1530,3.1291532588787243,1530,3.467918802051363,737,3.467918802051363,737,3.2589561655625934,1530,3.2589561655625934,1530,3.260798696040323,1598,3.260798696040323,1598,0.4298061640212565,410,0.4298061640212565,410
inject,133,0.049214266751288926,714.0982175692893,35.021676368588984,1116,6.533277668193141,33.0,5.961148916698981,2092,5.961148916698981,2092,5.969105816509566,2092,5.969105816509566,2092,6.313179790595466,2092,6.313179790595466,2092,5.39451340097182,2091,5.39451340097182,2091,0.5303275426234033,2044,0.5303275426234033,2044,5.360808187406416,2092,5.360808187406416,2092,5.35200988437264,2092,5.35200988437264,2092,5.13127044400295,2092,5.13127044400295,2092,4.718186386039028,1667,4.718186386039028,1667,0.49720703585429066,1661,0.49720703585429066,1661,6.565041022247425,2093,6.565041022247425,2093,6.521543532497721,2093,6.521543532497721,2093,6.595043778880672,2092,6.595043778880672,2092,5.935835998904253,1667,5.935835998904253,1667,0.578181104313067,2029,0.578181104313067,2029,5.7354121949799195,2092,5.7354121949799195,2092,6.122155765386048,706,6.122155765386048,706,5.358685082260221,2092,5.358685082260221,2092,5.255315938093481,1352,5.255315938093481,1352,0.5705100223758481,1320,0.5705100223758481,1320,3.7826799504493165,440,3.7826799504493165,440,3.877612110458695,440,3.877612110458695,440,3.6954321737412257,440,3.6954321737412257,440,3.8872342535816977,1354,3.8872342535816977,1354,0.5023076142664056,1993,0.5023076142664056,1993
inject,1270,0.39323947190617303,1666.9351756043802,33.04665320614102,1724,4.148972923055141,33.0,4.1450142909281125,95,4.1450142909281125,95,3.949277216103888,95,3.949277216103888,95,4.456113005417933,95,4.456113005417933,95,4.730625313474177,95,4.730625313474177,95,0.3615517241707587,47,0.3615517241707587,47,4.157607248405294,95,4.157607248405294,95,4.036407396606151,1724,4.036407396606151,1724,3.786004198789284,95,3.786004198789284,95,3.947948646445844,95,3.947948646445844,95,0.4205242546355975,2,0.4205242546355975,2,4.504907531762002,95,4.504907531762002,95,4.50279762887459,2298,4.50279762887459,2298,4.773221833640646,95,4.773221833640646,95,5.154253083565575,95,5.154253083565575,95,0.48894054020679684,7,0.48894054020679684,7,4.42962983960936,2281,4.42962983960936,2281,5.446202968560193,2282,5.446202968560193,2282,4.208518021510584,31,4.208518021510584,31,4.895423655088119,23,4.895423655088119,23,0.5658596125933072,2390,0.5658596125933072,2390,3.4002254984910554,1477,3.4002254984910554,1477,3.1291708587193097,1477,3.1291708587193097,1477,3.6741465688668162,1477,3.6741465688668162,1477,3.241547202606525,1477,3.241547202606525,1477,0.3874965265502662,1477,0.3874965265502662,1477
inject,472,0.07579986791610349,1773.3252121734045,38.377644893295894,1786,1.1815860711854234,32.0,3.192817682758942,886,3.192817682758942,886,3.890862821416061,886,3.890862821416061,886,3.5815988275643615,1411,3.5815988275643615,1411,4.3910673114217555,4,4.3910673114217555,4,0.3693250139942923,838,0.3693250139942923,838,3.2096058103803125,1374,3.2096058103803125,1374,3.918724566657521,502,3.918724566657521,502,3.034020588773425,885,3.034020588773425,885,4.769909704811091,4,4.769909704811091,4,0.36500988254439753,1589,0.36500988254439753,1589,3.3902642735531567,1411,3.3902642735531567,1411,4.373459338477314,551,4.373459338477314,551,3.8783918448230734,1411,3.8783918448230734,1411,4.533554470752072,4,4.533554470752072,4,0.4335534109829552,158,0.4335534109829552,158,4.030176207518723,174,4.030176207518723,174,4.39260164396037,980,4.39260164396037,980,3.993002339063731,174,3.993002339063731,174,5.208649542731612,3,5.208649542731612,3,0.5142037863399338,142,0.5142037863399338,142,3.7460191141722303,1301,3.7460191141722303,1301,4.196401931392304,988,4.196401931392304,988,3.7007092602471268,1301,3.7007092602471268,1301,3.977402888369076,5,3.977402888369076,5,0.4753273679849751,1301,0.4753273679849751,1301
inject,718,0.627332276984907,1545.3022864430573,32.52886811313607,1556,4.787140567308254,33.0,4.7955607533361055,812,4.7955607533361055,812,4.0560607615717785,812,4.0560607615717785,812,5.102920562292205,812,5.102920562292205,812,4.530282478599655,2064,4.530282478599655,2064,0.3758175868132227,763,0.3758175868132227,763,4.675203465995545,810,4.675203465995545,810,4.584978136443044,1557,4.584978136443044,1557,4.981659361931796,1557,4.981659361931796,1557,4.752912887720537,1557,4.752912887720537,1557,0.4298589568188341,804,0.4298589568188341,804,5.556054083509619,811,5.556054083509619,811,4.711783005094891,811,4.711783005094891,811,5.621050453695376,2090,5.621050453695376,2090,5.617400651341819,1556,5.617400651341819,1556,0.5128092164058241,751,0.5128092164058241,751,5.881684301716359,2092,5.881684301716359,2092,5.263093044133741,2092,5.263093044133741,2092,5.161839543798084,1557,5.161839543798084,1557,5.124358806338537,1557,5.124358806338537,1557,0.4933458121619637,777,0.4933458121619637,777,3.246239332996722,1795,3.246239332996722,1795,3.2115935902470962,1447,3.2115935902470962,1447,3.7253427752858164,852,3.7253427752858164,852,3.2698113928473487,852,3.2698113928473487,852,0.4900264367112955,1447,0.4900264367112955,1447
inject,975,0.10358684144096886,1021.779186297812,41.46643888784921,1400,5.209039759222285,32.0,4.82102132524681,1538,4.82102132524681,1538,4.4930620312750245,1538,4.4930620312750245,1538,5.138985506733177,1538,5.138985506733177,1538,5.503312531530526,1538,5.503312531530526,1538,0.41293226997770793,1490,0.41293226997770793,1490,4.526351924836372,1576,4.526351924836372,1576,4.597841857759026,1539,4.597841857759026,1539,4.620421921630339,1539,4.620421921630339,1539,5.049894847076181,1539,5.049894847076181,1539,0.5473718102646221,397,0.5473718102646221,397,5.286135683436733,2073,5.286135683436733,2073,5.0946789828021695,2073,5.0946789828021695,2073,5.459997375539894,2073,5.459997375539894,2073,5.931917144624566,1538,5.931917144624566,1538,0.5729188170231173,379,0.5729188170231173,379,4.7836824254155745,1342,4.7836824254155745,1342,4.718067077685716,1538,4.718067077685716,1538,4.790965335961088,1538,4.790965335961088,1538,5.30562323707031,1538,5.30562323707031,1538,0.5640971807707078,1310,0.5640971807707078,1310,3.3528797440733205,1095,3.3528797440733205,1095,3.0550302948040655,1095,3.0550302948040655,1095,3.6910202178567624,1095,3.6910202178567624,1095,3.406423951825943,2006,3.406423951825943,2006,0.48503891629164886,1889,0.48503891629164886,1889
inject,1168,0.6107577905982493,1123.1292197765554,43.8892900042336,1781,6.0988680475120125,32.0,4.5505594735007495,1782,4.5505594735007495,1782,4.7607665883784085,1782,4.7607665883784085,1782,4.630845715530504,1782,4.630845715530504,1782,4.764298776208783,1782,4.764298776208783,1782,0.42968946222826976,1734,0.42968946222826976,1734,5.897962767605657,1782,5.897962767605657,1782,6.1307557017986545,1782,6.1307557017986545,1782,4.79113152640709,1782,4.79113152640709,1782,5.045625160085951,1782,5.045625160085951,1782,0.5714498848938541,1776,0.5714498848938541,1776,5.238215782253492,1781,5.238215782253492,1781,5.489919760567379,1781,5.489919760567379,1781,5.361649515519841,1781,5.361649515519841,1781,6.03170997423189,1781,6.03170997423189,1781,0.5265072377348226,1750,0.5265072377348226,1750,6.2771603749902445,1781,6.2771603749902445,1781,6.543946129214825,1781,6.543946129214825,1781,5.512910453749755,1781,5.512910453749755,1781,5.863430358106908,1781,5.863430358106908,1781,0.6326197555047196,1750,0.6326197555047196,1750,3.832135334813885,1781,3.832135334813885,1781,4.001610856645106,1781,4.001610856645106,1781,3.433663326009164,1781,3.433663326009164,1781,3.4702915879759297,1781,3.4702915879759297,1781,0.45360823422819907,1174,0.45360823422819907,1174
inject,69,0.6008565267115344,1385.6570835251282,40.44160036008562,318,5.172409221949868,32.0,4.319317113367039,1084,4.319317113367039,1084,4.538306970519697,1084,4.538306970519697,1084,4.795619641847097,1084,4.795619641847097,1084,4.538593696154918,1873,4.538593696154918,1873,0.3591278093943296,1825,0.3591278093943296,1825,5.067196211049823,318,5.067196211049823,318,5.099512363450593,318,5.099512363450593,318,3.8810150816485964,723,3.8810150816485964,723,3.83832846726515,556,3.83832846726515,556,0.37880834725938123,551,0.37880834725938123,551,6.143606964687596,325,6.143606964687596,325,6.085672605455915,325,6.085672605455915,325,5.116290945692937,1084,5.116290945692937,1084,5.089200985778998,318,5.089200985778998,318,0.52350596678568,987,0.52350596678568,987,6.25987604899834,325,6.25987604899834,325,6.2806247574072085,325,6.2806247574072085,325,4.311349452646889,325,4.311349452646889,325,4.642267883515227,1782,4.642267883515227,1782,0.4807599898518744,1843,0.4807599898518744,1843,3.6550456432040113,331,3.6550456432040113,331,3.655059318352138,331,3.655059318352138,331,3.4239893054359603,331,3.4239893054359603,331,3.310523840327815,2240,3.310523840327815,2240,0.4369128099930668,417,0.4369128099930668,417
inject,610,0.20666388170755923,1202.2871308615108,40.56039198969694,1985,7.358312734150112,32.0,4.751028708982021,2294,4.751028708982021,2294,4.875276759866077,2294,4.875276759866077,2294,5.037031693695551,2294,5.037031693695551,2294,4.89430962124527,2295,4.89430962124527,2295,0.5126221440027745,2246,0.5126221440027745,2246,3.862207940676256,1933,3.862207940676256,1933,4.072129138327133,1933,4.072129138327133,1933,3.5942543207132873,1933,3.5942543207132873,1933,3.5894780494302965,1933,3.5894780494302965,1933,0.403240443826511,1927,0.403240443826511,1927,5.173778888251176,2342,5.173778888251176,2342,5.219922214808136,2342,5.219922214808136,2342,5.037031693695551,2294,5.037031693695551,2294,5.192308796950512,2295,5.192308796950512,2295,0.5398030831164257,2246,0.5398030831164257,2246,5.192498586245052,2305,5.192498586245052,2305,5.497062379919676,2305,5.497062379919676,2305,4.683100206925597,2305,4.683100206925597,2305,4.279287321848951,812,4.279287321848951,812,0.5318220766901399,2273,0.5318220766901399,2273,3.634013078662265,373,3.634013078662265,373,3.610250825498744,373,3.610250825498744,373,3.693590266024236,373,3.693590266024236,373,3.1631900922709733,778,3.1631900922709733,778,0.4483777621571804,369,0.4483777621571804,369
inject,783,0.4655922700945204,1211.1331615043482,42.3815085770317,559,3.5316423343434566,32.0,3.5195485191070657,1877,3.5195485191070657,1877,3.5951991481746215,1877,3.5951991481746215,1877,3.927010050945789,1877,3.927010050945789,1877,3.7919213757130157,1403,3.7919213757130157,1403,0.3707124718382474,1355,0.3707124718382474,1355,3.3960710820859643,393,3.3960710820859643,393,3.469770904119762,393,3.469770904119762,393,3.3589516445558014,1793,3.3589516445558014,1793,3.2901687504492236,424,3.2901687504492236,424,0.3713680843623688,387,0.3713680843623688,387,4.537227780432742,1840,4.537227780432742,1840,4.505246793655492,1840,4.505246793655492,1840,4.160739835825326,1877,4.160739835825326,1877,4.1488362950626065,424,4.1488362950626065,424,0.4340364091338805,1752,0.4340364091338805,1752,3.8019029021020154,64,3.8019029021020154,64,4.301203558275625,65,4.301203558275625,65,3.457867407782494,392,3.457867407782494,392,3.977927106141376,567,3.977927106141376,567,0.4074107263868182,360,0.4074107263868182,360,3.093300305527695,1022,3.093300305527695,1022,3.5567192969498236,1022,3.5567192969498236,1022,2.9912758626733744,1022,2.9912758626733744,1022,3.0506006080814214,586,3.0506006080814214,586,0.4172410464663085,34,0.4172410464663085,34
inject,497,0.5985863071397928,1853.0108740050778,32.295169648508086,937,7.831740970652901,33.0,5.79844213425942,937,5.79844213425942,937,5.862625558949908,937,5.862625558949908,937,5.754566018599046,937,5.754566018599046,937,5.58500710412292,937,5.58500710412292,937,0.5109339195696031,889,0.5109339195696031,889,7.934295805461796,938,7.934295805461796,938,8.092549320071397,938,8.092549320071397,938,6.9617295934919206,937,6.9617295934919206,937,6.9295936843485935,937,6.9295936843485935,937,0.7249615531998554,931,0.7249615531998554,931,7.84377577643947,937,7.84377577643947,937,7.959262652248395,937,7.959262652248395,937,7.956785724835936,937,7.956785724835936,937,9.116342742672838,937,9.116342742672838,937,0.7568582180644697,913,0.7568582180644697,913,8.332607030986184,938,8.332607030986184,938,8.494199296088434,938,8.494199296088434,938,7.45252110100956,938,7.45252110100956,938,7.662957278189846,937,7.662957278189846,937,0.7861457341930271,906,0.7861457341930271,906,4.4592590420086395,938,4.4592590420086395,938,4.545723385846917,938,4.545723385846917,938,4.076623362672991,938,4.076623362672991,938,4.193024621180066,938,4.193024621180066,938,0.5074305756570813,1645,0.5074305756570813,1645
inject,651,0.13272063787914912,1103.8829808572964,31.505099203990376,2020,2.8783818810081017,33.0,4.288820085331326,1687,4.288820085331326,1687,4.771878201247398,944,4.771878201247398,944,4.822715067856048,1687,4.822715067856048,1687,4.673992578663155,1086,4.673992578663155,1086,0.4488098569148457,896,0.4488098569148457,896,4.184657408378729,2371,4.184657408378729,2371,4.244025283980999,944,4.244025283980999,944,3.5153105583864708,2371,3.5153105583864708,2371,3.350342917028935,1347,3.350342917028935,1347,0.41709437273922123,71,0.41709437273922123,71,5.619147265964718,2373,5.619147265964718,2373,5.297561192251943,1853,5.297561192251943,1853,5.283213993297776,2373,5.283213993297776,2373,4.904259338443861,161,4.904259338443861,161,0.5256240715666255,2293,0.5256240715666255,2293,5.274279136144554,2372,5.274279136144554,2372,4.9961693828152836,220,4.9961693828152836,220,4.13179855651612,1854,4.13179855651612,1854,4.326568189793736,161,4.326568189793736,161,0.5083953235189406,2285,0.5083953235189406,2285,3.3662086698736764,1395,3.3662086698736764,1395,3.4246694098420587,943,3.4246694098420587,943,3.590644636290595,1395,3.590644636290595,1395,3.301371203139455,1395,3.301371203139455,1395,0.44547514040318975,1654,0.44547514040318975,1654
inject,415,0.1538569094554728,1019.3599368644955,42.422071437594255,446,2.3313084945329274,32.0,3.9920378083266392,1302,3.9920378083266392,1302,3.5300151268239577,635,3.5300151268239577,635,4.140153344476193,1302,4.140153344476193,1302,3.707045759509917,1302,3.707045759509917,1302,0.38766054669348116,1254,0.38766054669348116,1254,4.223498027761819,163,4.223498027761819,163,4.387945804942381,637,4.387945804942381,637,3.8969197277478904,163,3.8969197277478904,163,3.433483355882689,163,3.433483355882689,163,0.4196404155377888,1296,0.4196404155377888,1296,4.394964784131959,639,4.394964784131959,639,5.1941901731891384,639,5.1941901731891384,639,4.382324665084428,1303,4.382324665084428,1303,4.419178977098959,555,4.419178977098959,555,0.42901673340065993,543,0.42901673340065993,543,5.172760399792293,1692,5.172760399792293,1692,5.0905986124041345,692,5.0905986124041345,692,3.9773779927565505,163,3.9773779927565505,163,3.9649739991676807,1860,3.9649739991676807,1860,0.5249924079653043,1660,0.5249924079653043,1660,2.914020002901479,324,2.914020002901479,324,2.8788421816855947,676,2.8788421816855947,676,2.8643596195728733,324,2.8643596195728733,324,2.900478712429835,1144,2.900478712429835,1144,0.35639509950328513,369,0.35639509950328513,369
inject,16,0.4583181310064325,738.8607502779762,35.83586042928345,1593,4.754639254006013,32.0,4.875181996788707,426,4.875181996788707,426,4.399176344400906,1133,4.399176344400906,1133,5.718210930898676,426,5.718210930898676,426,5.404124660524205,426,5.404124660524205,426,0.4230033826013741,378,0.4230033826013741,378,4.479696644019642,1091,4.479696644019642,1091,4.376479891722432,1577,4.376479891722432,1577,4.474808311673643,426,4.474808311673643,426,4.617823881373458,426,4.617823881373458,426,0.4033210769619876,1085,0.4033210769619876,1085,4.875181996788707,426,4.875181996788707,426,4.4900983344324805,1133,4.4900983344324805,1133,5.718210930898676,426,5.718210930898676,426,5.441325011657889,426,5.441325011657889,426,0.4737813313528514,673,0.4737813313528514,673,5.596734283590115,576,5.596734283590115,576,5.626627037819114,577,5.626627037819114,577,4.451537963967652,426,4.451537963967652,426,4.559513714693706,426,4.559513714693706,426,0.4375862472174228,1101,0.4375862472174228,1101,3.009080368098039,505,3.009080368098039,505,2.8869967514967714,2090,2.8869967514967714,2090,3.1212048139908606,505,3.1212048139908606,505,3.129640836486923,505,3.129640836486923,505,0.4162526025715225,681,0.4162526025715225,681
inject,1049,0.11229202975858843,1272.2209855664087,39.333761829722945,2018,5.241571961694891,32.0,3.935709716546253,1319,3.935709716546253,1319,3.842252629362063,1033,3.842252629362063,1033,4.469446542807976,1319,4.469446542807976,1319,4.430012627117536,1295,4.430012627117536,1295,0.41031672656196816,985,0.41031672656196816,985,4.362099084278168,1320,4.362099084278168,1320,4.437241157035712,1034,4.437241157035712,1034,4.3329544471273485,1034,4.3329544471273485,1034,4.659103530034315,1034,4.659103530034315,1034,0.4592353759810967,1028,0.4592353759810967,1028,4.539768567373026,1034,4.539768567373026,1034,4.694299060526324,1034,4.694299060526324,1034,4.707053861233645,1034,4.707053861233645,1034,5.362307871170689,1034,5.362307871170689,1034,0.47313915600849804,1002,0.47313915600849804,1002,4.931188172286694,2294,4.931188172286694,2294,4.999441190356121,2294,4.999441190356121,2294,4.457223720224024,1034,4.457223720224024,1034,4.930873888196206,1034,4.930873888196206,1034,0.4723462226861522,2262,0.4723462226861522,2262,3.3535887875946155,396,3.3535887875946155,396,3.4143642838824855,682,3.4143642838824855,682,3.4198791393958037,291,3.4198791393958037,291,3.503732933196432,1035,3.503732933196432,1035,0.4340790353132465,396,0.4340790353132465,396
inject,1124,0.5665784584060616,1233.114449335668,36.640926134035574,955,3.9845376206107685,32.0,4.143042814511102,2231,4.143042814511102,2231,4.150649115464106,1542,4.150649115464106,1542,4.821650877391114,2232,4.821650877391114,2232,4.250026182105375,2205,4.250026182105375,2205,0.3593856353220237,1494,0.3593856353220237,1494,4.160123142200581,2231,4.160123142200581,2231,3.9872283010008562,744,3.9872283010008562,744,3.707646673699183,2171,3.707646673699183,2171,3.2749391632108202,2203,3.2749391632108202,2203,0.3928467252212045,42,0.3928467252212045,42,5.020107685624232,2231,5.020107685624232,2231,5.039909966650009,2230,5.039909966650009,2230,5.42858730166717,2231,5.42858730166717,2231,4.622268765303765,2232,4.622268765303765,2232,0.4952210728398786,2388,0.4952210728398786,2388,4.928594730338795,2230,4.928594730338795,2230,4.960585229449644,2189,4.960585229449644,2189,4.03607143005377,2245,4.03607143005377,2245,4.424950738531971,955,4.424950738531971,955,0.511988022492254,2373,0.511988022492254,2373,2.95725201799367,946,2.95725201799367,946,3.3179583965304404,946,3.3179583965304404,946,3.1143826740240925,138,3.1143826740240925,138,3.0199646091754597,138,3.0199646091754597,138,0.4016862997809863,88,0.4016862997809863,88
inject,823,0.6381781239225939,1657.0153086587393,38.29003812991043,924,2.1619924170029265,32.0,4.472256481276347,923,4.472256481276347,923,4.821383724255679,923,4.821383724255679,923,4.826727604383608,923,4.826727604383608,923,4.5592158647995396,923,4.5592158647995396,923,0.4706501623370117,875,0.4706501623370117,875,4.012476242349576,16,4.012476242349576,16,4.31618280910536,925,4.31618280910536,925,3.843578184653754,827,3.843578184653754,827,3.7611622082911715,827,3.7611622082911715,827,0.42219627048698993,10,0.42219627048698993,10,4.511375987757205,923,4.511375987757205,923,4.8549850223534525,923,4.8549850223534525,923,4.8322301382751025,923,4.8322301382751025,923,4.764525067744563,827,4.764525067744563,827,0.5499987679329923,1553,0.5499987679329923,1553,4.555399460230914,923,4.555399460230914,923,4.920258135509282,923,4.920258135509282,923,3.9907269505510494,828,3.9907269505510494,828,4.108366701043957,701,4.108366701043957,701,0.44808947204035193,891,0.44808947204035193,891,3.0158338297583764,2192,3.0158338297583764,2192,2.7962323955892696,2192,2.7962323955892696,2192,3.2115800661893736,1084,3.2115800661893736,1084,3.6520692041946483,1561,3.6520692041946483,1561,0.41883068071771656,1561,0.41883068071771656,1561
inject,296,0.14390934844497905,1158.7688546901973,35.17974428688593,1757,1.3680972950953207,33.0,3.8048154914537817,858,3.8048154914537817,858,4.642895166239853,858,4.642895166239853,858,4.2510334181538765,858,4.2510334181538765,858,4.284657519299765,858,4.284657519299765,858,0.3717787424145767,2164,0.3717787424145767,2164,3.6658343259225346,2213,3.6658343259225346,2213,3.832383075537192,802,3.832383075537192,802,3.8310972477474143,2213,3.8310972477474143,2213,4.03688359284493,2213,4.03688359284493,2213,0.37165798637519804,2207,0.37165798637519804,2207,4.265545827467775,2212,4.265545827467775,2212,5.035562125236126,702,5.035562125236126,702,4.56484182563442,2212,4.56484182563442,2212,5.055234720062545,2212,5.055234720062545,2212,0.5138344942701585,2334,0.5138344942701585,2334,4.145491865048171,2212,4.145491865048171,2212,5.023026231332576,702,5.023026231332576,702,4.313379193505982,2212,4.313379193505982,2212,4.816797329840679,2212,4.816797329840679,2212,0.45497724462239875,1436,0.45497724462239875,1436,4.058130769782664,2212,4.058130769782664,2212,4.537642219252167,856,4.537642219252167,856,4.206331427152118,2212,4.206331427152118,2212,3.5049099086628046,2334,3.5049099086628046,2334,0.4456455447367486,856,0.4456455447367486,856
inject,307,0.04081855029291148,1399.5621923177057,40.00099123762508,2042,4.500173710438819,32.0,4.826295516881062,2214,4.826295516881062,2214,5.110342243019751,2214,5.110342243019751,2214,4.94172639626181,231,4.94172639626181,231,5.312564626473578,232,5.312564626473578,232,0.4044470401036137,183,0.4044470401036137,183,4.89172831149481,1868,4.89172831149481,1868,5.096251456756798,1868,5.096251456756798,1868,4.303842002733908,2217,4.303842002733908,2217,4.301155656944757,233,4.301155656944757,233,0.47964111561254613,1862,0.47964111561254613,1862,5.079179188238489,2215,5.079179188238489,2215,5.387821855496451,2215,5.387821855496451,2215,5.203446010579832,232,5.203446010579832,232,5.745224410250555,232,5.745224410250555,232,0.47331210853618005,902,0.47331210853618005,902,5.142639243261359,1872,5.142639243261359,1872,5.408319153100112,1872,5.408319153100112,1872,4.525964092513388,2216,4.525964092513388,2216,5.00373600145537,233,5.00373600145537,233,0.5142605681713648,676,0.5142605681713648,676,3.603310714988572,556,3.603310714988572,556,3.576285706140651,556,3.576285706140651,556,3.4353580083666158,556,3.4353580083666158,556,3.457968633163085,232,3.457968633163085,232,0.5207934461738455,556,0.5207934461738455,556
inject,1254,0.17875015253675297,1088.4141896111928,37.78226605154062,668,1.3552702450493967,32.0,4.327162501661921,2347,4.327162501661921,2347,3.847659554357613,2347,3.847659554357613,2347,4.435909234216876,1396,4.435909234216876,1396,4.801662207279208,1396,4.801662207279208,1396,0.48601631536562107,2299,0.48601631536562107,2299,3.33548408074186,1372,3.33548408074186,1372,3.677593365150235,650,3.677593365150235,650,3.3485820607766454,1372,3.3485820607766454,1372,3.7529626121035666,1395,3.7529626121035666,1395,0.4227986415927103,214,0.4227986415927103,214,4.387634608940654,1370,4.387634608940654,1370,4.594557838936964,623,4.594557838936964,623,4.5443987267184465,1396,4.5443987267184465,1396,4.976321769666829,1396,4.976321769666829,1396,0.48601631536562107,2299,0.48601631536562107,2299,4.400373658646974,2323,4.400373658646974,2323,5.4550194612191785,637,5.4550194612191785,637,4.059526262719867,2347,4.059526262719867,2347,4.359388037473911,612,4.359388037473911,612,0.47530630955041214,580,0.47530630955041214,580,2.851604220242497,648,2.851604220242497,648,3.733534908673469,648,3.733534908673469,648,2.9010399869004933,1395,2.9010399869004933,1395,3.3843091546063424,1396,3.3843091546063424,1396,0.37973366782902657,1720,0.37973366782902657,1720
inject,1171,0.21515306189127914,1380.193183588337,30.905524764442553,839,5.892068209983939,33.0,3.990510751110486,839,3.990510751110486,839,4.07502849391137,839,4.07502849391137,839,4.280937670901133,1983,4.280937670901133,1983,4.030872181995896,839,4.030872181995896,839,0.377223032244873,791,0.377223032244873,791,4.526861313080029,1013,4.526861313080029,1013,4.553333534194035,1013,4.553333534194035,1013,3.833516546583532,123,3.833516546583532,123,4.627761772643523,4,4.627761772643523,4,0.4615383464945287,117,0.4615383464945287,117,5.199286550226056,1346,5.199286550226056,1346,4.798762841558516,1346,4.798762841558516,1346,4.510267923424867,1984,4.510267923424867,1984,4.878720059903051,2,4.878720059903051,2,0.4385611956208026,682,0.4385611956208026,682,4.928291089525346,1686,4.928291089525346,1686,4.710691463500648,1686,4.710691463500648,1686,4.204659189584598,122,4.204659189584598,122,5.323250782760656,2,5.323250782760656,2,0.5073001852474975,90,0.5073001852474975,90,3.583906440188395,120,3.583906440188395,120,3.4933313941286612,120,3.4933313941286612,120,3.436690601359468,120,3.436690601359468,120,3.6225326365443187,2,3.6225326365443187,2,0.44174426986670984,120,0.44174426986670984,120
inject,279,0.024802360860714523,391.44167295317754,31.119713385669154,504,4.210602417669335,33.0,5.706228722650982,1389,5.706228722650982,1389,6.156581943426949,1389,6.156581943426949,1389,6.212779278269409,1390,6.212779278269409,1390,4.859953495565789,1389,4.859953495565789,1389,0.41117926748341915,1341,0.41117926748341915,1341,4.667921081628028,1389,4.667921081628028,1389,5.249531625115414,2157,5.249531625115414,2157,4.595434640087141,2196,4.595434640087141,2196,4.907299088596031,2196,4.907299088596031,2196,0.4008432090161641,2190,0.4008432090161641,2190,6.727054387977641,1390,6.727054387977641,1390,7.204500780806125,1390,7.204500780806125,1390,7.042851176352983,1390,7.042851176352983,1390,5.477994078951717,2156,5.477994078951717,2156,0.5080579418443224,1318,0.5080579418443224,1318,5.8355206537305175,1390,5.8355206537305175,1390,6.296211501977599,1390,6.296211501977599,1390,5.341705366026558,1390,5.341705366026558,1390,5.367445603225788,2195,5.367445603225788,2195,0.5392831710030395,1217,0.5392831710030395,1217,3.1661676686300857,1097,3.1661676686300857,1097,3.48740413718059,2229,3.48740413718059,2229,3.2503279789892785,2229,3.2503279789892785,2229,3.7922785402786423,1179,3.7922785402786423,1179,0.47953488591280696,2229,0.47953488591280696,2229
inject,1239,0.1506053198522589,1065.5306940832822,42.59904323948351,321,5.286695998569925,32.0,4.170785486767032,456,4.170785486767032,456,4.467927434603879,456,4.467927434603879,456,4.1990150386561025,456,4.1990150386561025,456,4.070118522939077,456,4.070118522939077,456,0.38180703791444476,2299,0.38180703791444476,2299,4.1628459142845715,1544,4.1628459142845715,1544,5.0967315796957084,14,5.0967315796957084,14,3.9152515692044076,1505,3.9152515692044076,1505,3.710307678443845,1505,3.710307678443845,1505,0.4704877692762825,1499,0.4704877692762825,1499,4.761707828264514,1311,4.761707828264514,1311,5.013967156038679,1311,5.013967156038679,1311,4.84616083098079,1311,4.84616083098079,1311,4.868843851168291,1962,4.868843851168291,1962,0.5153523485101109,160,0.5153523485101109,160,5.478565121054312,1547,5.478565121054312,1547,7.123502265462768,1553,7.123502265462768,1553,4.607543473603149,1504,4.607543473603149,1504,4.554066772613112,902,4.554066772613112,902,0.5821060216596727,1472,0.5821060216596727,1472,3.5977649696150302,1502,3.5977649696150302,1502,4.369642536753425,2350,4.369642536753425,2350,4.194713692411997,1502,4.194713692411997,1502,3.684124793304033,1502,3.684124793304033,1502,0.4990601910151899,168,0.4990601910151899,168
inject,100,0.19602325669066167,1704.1773443681577,35.500771228242286,710,6.908661887239144,33.0,4.163232939769039,2332,4.163232939769039,2332,4.186163395241903,2332,4.186163395241903,2332,4.354038863160996,2275,4.354038863160996,2275,4.201631434875266,2275,4.201631434875266,2275,0.3438656275204824,2227,0.3438656275204824,2227,3.95872757258613,2333,3.95872757258613,2333,4.019633891706277,710,4.019633891706277,710,3.7524261664915786,2333,3.7524261664915786,2333,3.4606197325436594,2067,3.4606197325436594,2067,0.3561967626320952,697,0.3561967626320952,697,4.692567414955637,885,4.692567414955637,885,4.959734550293475,584,4.959734550293475,584,4.455899298255127,2331,4.455899298255127,2331,4.34648599427834,1541,4.34648599427834,1541,0.5078842857901434,1232,0.5078842857901434,1232,5.347857595471897,268,5.347857595471897,268,6.072585687819662,268,6.072585687819662,268,4.1685695903588345,2333,4.1685695903588345,2333,4.230087965782406,2358,4.230087965782406,2358,0.4845060999378555,236,0.4845060999378555,236,3.345978865254746,1240,3.345978865254746,1240,3.4561003230838208,1240,3.4561003230838208,1240,3.5886843386640894,1240,3.5886843386640894,1240,3.322954634408438,827,3.322954634408438,827,0.5652242074416831,1240,0.5652242074416831,1240
inject,1254,0.1533704688134755,728.6901052784325,30.80637993749342,1113,1.3552702450493967,33.0,3.210216417224152,387,3.210216417224152,387,3.80489083951938,773,3.80489083951938,773,3.51952878242374,387,3.51952878242374,387,5.18345592899295,2394,5.18345592899295,2394,0.38578620696828375,339,0.38578620696828375,339,3.5254847392501545,2386,3.5254847392501545,2386,3.3913406732007436,2386,3.3913406732007436,2386,2.925212012057721,387,2.925212012057721,387,5.521991745332922,2396,5.521991745332922,2396,0.3995617046733708,2380,0.3995617046733708,2380,3.5844439074421577,2059,3.5844439074421577,2059,3.972166809942515,773,3.972166809942515,773,3.51952878242374,387,3.51952878242374,387,5.37669041678179,2394,5.37669041678179,2394,0.42992520839502524,2323,0.42992520839502524,2323,4.296911099441115,2346,4.296911099441115,2346,4.62228560879774,727,4.62228560879774,727,3.635705579861854,1591,3.635705579861854,1591,6.009203439471863,2395,6.009203439471863,2395,0.4869325748653016,2314,0.4869325748653016,2314,2.849643199487882,387,2.849643199487882,387,2.771884311640634,387,2.771884311640634,387,2.9166721124579693,387,2.9166721124579693,387,3.7448316318583132,2396,3.7448316318583132,2396,0.34226434678999273,1536,0.34226434678999273,1536
inject,887,0.4946911507257774,902.277891047101,40.28889144579924,1297,4.5741452749891565,32.0,4.992444082638938,2013,4.992444082638938,2013,4.932965241897106,2013,4.932965241897106,2013,5.363613152493703,345,5.363613152493703,345,4.798960122346134,345,4.798960122346134,345,0.39956426245644905,1965,0.39956426245644905,1965,4.788375744022863,1298,4.788375744022863,1298,4.546806424844951,1298,4.546806424844951,1298,4.043024951782044,1857,4.043024951782044,1857,4.07814834914778,291,4.07814834914778,291,0.41149630737981685,1070,0.41149630737981685,1070,7.346765323031546,1292,7.346765323031546,1292,6.605375421012952,1292,6.605375421012952,1292,5.586583667388064,345,5.586583667388064,345,5.521022304048002,1857,5.521022304048002,1857,0.5670688653347765,1196,0.5670688653347765,1196,6.355637647352868,1293,6.355637647352868,1293,6.229207180492682,1293,6.229207180492682,1293,4.939668558432169,1857,4.939668558432169,1857,5.165824328878107,1857,5.165824328878107,1857,0.4895045154534746,1826,0.4895045154534746,1826,3.2882505164526217,1952,3.2882505164526217,1952,3.20922992761656,1952,3.20922992761656,1952,3.393117566909196,1952,3.393117566909196,1952,3.5258450431232653,559,3.5258450431232653,559,0.48288973713405275,1952,0.48288973713405275,1952
inject,80,0.1949235783972545,1318.25590186537,40.98633639475116,1944,5.5682024400290855,32.0,5.019079899822925,972,5.019079899822925,972,4.7969116137674614,1237,4.7969116137674614,1237,5.438075509176008,972,5.438075509176008,972,5.220084462784603,2237,5.220084462784603,2237,0.3861898939341031,2188,0.3861898939341031,2188,5.096730058128663,609,5.096730058128663,609,4.992326279688885,609,4.992326279688885,609,4.2433455662869575,2270,4.2433455662869575,2270,4.360590077884261,522,4.360590077884261,522,0.4469494476257759,2264,0.4469494476257759,2264,5.404491679979703,972,5.404491679979703,972,5.059981360642534,972,5.059981360642534,972,5.704310806569341,972,5.704310806569341,972,5.325498828509877,2237,5.325498828509877,2237,0.48234601726726045,1351,0.48234601726726045,1351,5.359762866465624,1123,5.359762866465624,1123,5.6678403237721575,1123,5.6678403237721575,1123,4.757463849556486,973,4.757463849556486,973,5.095579707060017,522,5.095579707060017,522,0.5399953109986434,514,0.5399953109986434,514,3.4918387993178346,610,3.4918387993178346,610,3.4403982984300803,1652,3.4403982984300803,1652,3.3892225945903123,1652,3.3892225945903123,1652,3.0244613299015755,521,3.0244613299015755,521,0.43639914301816285,1284,0.43639914301816285,1284
inject,84,0.3249931235386181,1742.2681354180486,34.45773018715211,1192,4.447153500762613,33.0,3.837642022955867,1194,3.837642022955867,1194,3.8307836605767274,1194,3.8307836605767274,1194,4.3742766677155975,1869,4.3742766677155975,1869,4.708087869106131,21,4.708087869106131,21,0.36990599947205277,226,0.36990599947205277,226,3.529462015391366,1195,3.529462015391366,1195,3.353944517295229,1195,3.353944517295229,1195,3.5303086589853447,297,3.5303086589853447,297,4.361295824838105,1176,4.361295824838105,1176,0.4066129523732557,1171,0.4066129523732557,1171,4.516021482885761,1176,4.516021482885761,1176,4.614111429769554,1176,4.614111429769554,1176,4.972929215299929,1869,4.972929215299929,1869,5.725734032331757,1176,5.725734032331757,1176,0.49968126507357624,1152,0.49968126507357624,1152,5.511300412900504,2064,5.511300412900504,2064,6.016519759968326,2067,6.016519759968326,2067,4.097654798742864,1176,4.097654798742864,1176,4.945265170519761,1176,4.945265170519761,1176,0.5046625085376271,1144,0.5046625085376271,1144,3.1808205895956148,2094,3.1808205895956148,2094,3.2627732812247645,2094,3.2627732812247645,2094,3.0865181356698637,2094,3.0865181356698637,2094,3.0468221216427116,517,3.0468221216427116,517,0.4029384337827585,120,0.4029384337827585,120
inject,920,0.8236843512987373,1803.3633431222686,36.55226685829221,1120,5.8949228463560654,32.0,9.20069699536736,1119,9.20069699536736,1119,8.65719653622199,1119,8.65719653622199,1119,9.631484632234486,1119,9.631484632234486,1119,9.08478490393777,1119,9.08478490393777,1119,0.7638184658596977,1071,0.7638184658596977,1071,10.937557407279414,1120,10.937557407279414,1120,10.722210805224243,1120,10.722210805224243,1120,9.592349539425527,1120,9.592349539425527,1120,9.271202654583515,1120,9.271202654583515,1120,0.8465398352873394,1114,0.8465398352873394,1114,9.515503303963817,1119,9.515503303963817,1119,8.870620402436849,1119,8.870620402436849,1119,9.9605097659893,1119,9.9605097659893,1119,10.488462037706347,1119,10.488462037706347,1119,0.8638693725795865,1087,0.8638693725795865,1087,11.223476397830447,1120,11.223476397830447,1120,11.004293886103525,1120,11.004293886103525,1120,9.842412236825945,1120,9.842412236825945,1120,9.490493197158871,1120,9.490493197158871,1120,0.9703725855238903,1088,0.9703725855238903,1088,4.8528265577386795,1118,4.8528265577386795,1118,4.726414308341636,1118,4.726414308341636,1118,4.29289727935954,1118,4.29289727935954,1118,4.099908217928051,1118,4.099908217928051,1118,0.5103405494992692,1769,0.5103405494992692,1769
inject,541,0.10428288054908652,1849.833870226746,30.37658930640004,1044,3.4419911134162717,33.0,4.437386984038831,955,4.437386984038831,955,4.6252124393602765,955,4.6252124393602765,955,5.046788405611388,955,5.046788405611388,955,5.134986915281022,598,5.134986915281022,598,0.4714027004897154,550,0.4714027004897154,550,3.871899374190875,955,3.871899374190875,955,3.922156027140561,955,3.922156027140561,955,4.041059207042011,955,4.041059207042011,955,4.03235422050088,955,4.03235422050088,955,0.39331474495369945,949,0.39331474495369945,949,4.437386984038831,955,4.437386984038831,955,4.6252124393602765,955,4.6252124393602765,955,5.046788405611388,955,5.046788405611388,955,5.155878955753389,598,5.155878955753389,598,0.4837237502832735,558,0.4837237502832735,558,5.202323573069369,521,5.202323573069369,521,5.192373470368343,521,5.192373470368343,521,4.044581857174296,955,4.044581857174296,955,4.058445863828405,1079,4.058445863828405,1079,0.4863054206429273,1971,0.4863054206429273,1971,3.158896485864148,2075,3.158896485864148,2075,2.8033106450311225,1928,2.8033106450311225,1928,3.22394792202626,1928,3.22394792202626,1928,3.336714232923837,1929,3.336714232923837,1929,0.4109430699160482,2075,0.4109430699160482,2075
inject,449,0.500863581629385,1661.3470851223346,35.73922931756217,819,1.684459472892589,32.0,3.8668204499565495,220,3.8668204499565495,220,3.971771788754812,220,3.971771788754812,220,4.076116241322839,221,4.076116241322839,221,3.8301794767972828,655,3.8301794767972828,655,0.4251884204830828,173,0.4251884204830828,173,3.643587216854785,1230,3.643587216854785,1230,3.9691022479794755,683,3.9691022479794755,683,3.466410831100153,655,3.466410831100153,655,3.8368458247470056,655,3.8368458247470056,655,0.4418471270464392,1224,0.4418471270464392,1224,4.06750944225857,655,4.06750944225857,655,4.591491550827754,655,4.591491550827754,655,4.436330774362045,655,4.436330774362045,655,4.845752854272372,655,4.845752854272372,655,0.5015658602594633,1807,0.5015658602594633,1807,4.318748610695137,486,4.318748610695137,486,5.392306333605985,486,5.392306333605985,486,3.9883706340291134,655,3.9883706340291134,655,4.555207039547279,655,4.555207039547279,655,0.4780237833339581,6,0.4780237833339581,6,3.6389347901252953,1815,3.6389347901252953,1815,3.7681964446033995,1815,3.7681964446033995,1815,3.9522869774188503,1815,3.9522869774188503,1815,3.621394325531874,1815,3.621394325531874,1815,0.48459397595996717,1815,0.48459397595996717,1815
inject,558,0.19374989361312533,1565.4880614034087,36.0885919580507,765,3.8579123050322632,32.0,4.792553712802973,1935,4.792553712802973,1935,5.262103764981845,1935,5.262103764981845,1935,5.640118237410423,1935,5.640118237410423,1935,5.733957791574407,1935,5.733957791574407,1935,0.41513409558465325,1887,0.41513409558465325,1887,4.138295599630298,762,4.138295599630298,762,4.046460096176238,1793,4.046460096176238,1793,3.8712182906686023,110,3.8712182906686023,110,4.367476083399202,2116,4.367476083399202,2116,0.45923254419379106,1011,0.45923254419379106,1011,4.891909777700087,1936,4.891909777700087,1936,5.370612777299644,1936,5.370612777299644,1936,5.640118237410423,1935,5.640118237410423,1935,5.816932144421044,1936,5.816932144421044,1936,0.5659145281646492,11,0.5659145281646492,11,6.001062373033001,92,6.001062373033001,92,6.122039711092284,92,6.122039711092284,92,4.585724076607258,1258,4.585724076607258,1258,5.2296009297102355,2167,5.2296009297102355,2167,0.5291419246327062,2394,0.5291419246327062,2394,3.5647017096053526,27,3.5647017096053526,27,3.8188945135560366,27,3.8188945135560366,27,3.6779168394628687,27,3.6779168394628687,27,3.8643286978925713,27,3.8643286978925713,27,0.45306951117685373,1019,0.45306951117685373,1019
inject,782,0.4016105986257792,1559.2447340214756,30.74596808029356,1522,1.4110521722542797,33.0,3.1407543836233422,1592,3.1407543836233422,1592,4.090585249386523,683,4.090585249386523,683,3.7488158498858075,2084,3.7488158498858075,2084,3.7994943167824022,304,3.7994943167824022,304,0.3470458685887573,2036,0.3470458685887573,2036,3.5612376989691557,1592,3.5612376989691557,1592,3.9570012438757605,904,3.9570012438757605,904,3.6867511944249993,1592,3.6867511944249993,1592,3.7186556846013143,304,3.7186556846013143,304,0.3791734995355674,898,0.3791734995355674,898,3.770357356770699,1593,3.770357356770699,1593,4.3940539094639215,682,4.3940539094639215,682,3.857019114814716,1593,3.857019114814716,1593,4.369796366179038,1593,4.369796366179038,1593,0.48869436581344045,2228,0.48869436581344045,2228,4.225351207645313,1798,4.225351207645313,1798,5.10131188036101,814,5.10131188036101,814,4.276843135471357,1593,4.276843135471357,1593,4.559648232978336,960,4.559648232978336,960,0.4893780212846458,2368,0.4893780212846458,2368,3.3183642312807327,1593,3.3183642312807327,1593,3.606347123403361,820,3.606347123403361,820,3.407889154295548,1593,3.407889154295548,1593,3.1931410089226815,1593,3.1931410089226815,1593,0.4248968281559586,2223,0.4248968281559586,2223
inject,871,0.7452136460779114,1315.7928302771902,35.69945148778492,1972,8.449934054702812,32.0,9.566058013603508,1972,9.566058013603508,1972,10.19978349951059,1972,10.19978349951059,1972,9.832755662984768,1972,9.832755662984768,1972,9.291940709955464,1972,9.291940709955464,1972,0.8402216637482604,1924,0.8402216637482604,1924,12.022365469678483,1973,12.022365469678483,1973,13.098268242780856,1973,13.098268242780856,1973,10.793146062816088,1973,10.793146062816088,1973,10.337787295652749,1973,10.337787295652749,1973,1.0873702454813798,1967,1.0873702454813798,1967,10.874568213619932,1972,10.874568213619932,1972,11.588355697487671,1972,11.588355697487671,1972,11.163853249665166,1972,11.163853249665166,1972,12.21561509658645,1972,12.21561509658645,1972,1.0242539228619398,1948,1.0242539228619398,1948,12.343868569089338,1973,12.343868569089338,1973,13.408160334167711,1973,13.408160334167711,1973,11.321605423517104,1972,11.321605423517104,1972,11.46504406289097,1972,11.46504406289097,1972,1.1396536944243407,1941,1.1396536944243407,1941,6.340832352031988,1972,6.340832352031988,1972,6.870603985985454,1972,6.870603985985454,1972,5.89254466788733,1972,5.89254466788733,1972,5.974003831941155,1972,5.974003831941155,1972,0.5279257651461322,215,0.5279257651461322,215
inject,159,0.18032607303325987,1348.6884213238184,40.797056991065276,2112,6.9247962132581815,32.0,3.852803702752952,1031,3.852803702752952,1031,3.9381082283098334,1031,3.9381082283098334,1031,4.414893753622176,982,4.414893753622176,982,4.698937038478367,2144,4.698937038478367,2144,0.3798139108211826,934,0.3798139108211826,934,3.94866743850128,568,3.94866743850128,568,3.9440822177983548,568,3.9440822177983548,568,3.3610930070709935,1815,3.3610930070709935,1815,3.8189626347745467,2144,3.8189626347745467,2144,0.3744765911240337,420,0.3744765911240337,420,4.607674879696758,2144,4.607674879696758,2144,4.800574949193539,2144,4.800574949193539,2144,4.960292039646916,2144,4.960292039646916,2144,5.860941095353959,2144,5.860941095353959,2144,0.46946657184229884,1353,0.46946657184229884,1353,4.857498972383809,2118,4.857498972383809,2118,5.376001292830826,2118,5.376001292830826,2118,4.240674157719047,996,4.240674157719047,996,4.417930400129596,2145,4.417930400129596,2145,0.4649954348687903,328,0.4649954348687903,328,3.219988900007928,689,3.219988900007928,689,3.4238972747697205,689,3.4238972747697205,689,3.1169462239331778,1490,3.1169462239331778,1490,3.371269963889692,1368,3.371269963889692,1368,0.4430686037662122,318,0.4430686037662122,318
inject,781,0.30341894498694677,1183.7959875844867,33.77294346372895,1716,6.880231298126085,33.0,4.672900966083165,297,4.672900966083165,297,4.939648591742253,297,4.939648591742253,297,4.572437758761757,297,4.572437758761757,297,4.227515228068392,242,4.227515228068392,242,0.4169852250380554,249,0.4169852250380554,249,5.112821890119705,295,5.112821890119705,295,5.3516919796148406,295,5.3516919796148406,295,4.198600733507051,295,4.198600733507051,295,4.2911753228590594,2395,4.2911753228590594,2395,0.4644994828496867,289,0.4644994828496867,289,5.312663530411041,295,5.312663530411041,295,5.615380698029001,295,5.615380698029001,295,4.639333444335748,1874,4.639333444335748,1874,4.960312232033113,1250,4.960312232033113,1250,0.46011897155871345,199,0.46011897155871345,199,5.7679284209169825,298,5.7679284209169825,298,6.061951679515214,298,6.061951679515214,298,4.7039229299616485,298,4.7039229299616485,298,4.522043602901278,2395,4.522043602901278,2395,0.509921039269481,266,0.509921039269481,266,3.22409929970909,1198,3.22409929970909,1198,3.1541810249441817,1198,3.1541810249441817,1198,3.1708598889854485,1198,3.1708598889854485,1198,3.349594450753579,361,3.349594450753579,361,0.39837007492736626,2100,0.39837007492736626,2100
inject,699,0.0982110795958101,881.7930331605535,31.38607513148795,1280,4.2065481697446705,33.0,4.750609204552053,1449,4.750609204552053,1449,4.581229150908624,1449,4.581229150908624,1449,4.958762458614544,1449,4.958762458614544,1449,4.902443640935052,1449,4.902443640935052,1449,0.4356107701001927,1401,0.4356107701001927,1401,5.040404509711599,1069,5.040404509711599,1069,5.548175309935406,2388,5.548175309935406,2388,4.790025333396793,1450,4.790025333396793,1450,4.816613611999046,1450,4.816613611999046,1450,0.44064299347178476,2383,0.44064299347178476,2383,5.4363915458837395,1449,5.4363915458837395,1449,5.8385892856035975,2388,5.8385892856035975,2388,5.536472532025372,1449,5.536472532025372,1449,6.106125762335267,1449,6.106125762335267,1449,0.536947665645495,2356,0.536947665645495,2356,5.376722914000616,1069,5.376722914000616,1069,5.923781541865831,2388,5.923781541865831,2388,5.127380748511874,1450,5.127380748511874,1450,5.140983611048377,1450,5.140983611048377,1450,0.49847141116739,2356,0.49847141116739,2356,2.935700180749966,1379,2.935700180749966,1379,3.155333213157802,2388,3.155333213157802,2388,3.0238654619372514,1181,3.0238654619372514,1181,3.192648071839698,1991,3.192648071839698,1991,0.457333479185435,2238,0.457333479185435,2238
inject,1096,0.23383371473328585,1819.6207841792948,42.58158537191805,343,5.183090619561146,32.0,4.585288381099844,956,4.585288381099844,956,4.421101546734208,956,4.421101546734208,956,4.63001331539598,956,4.63001331539598,956,4.511342948096966,956,4.511342948096966,956,0.4217076215518143,908,0.4217076215518143,908,4.840423994093907,1033,4.840423994093907,1033,5.313767616890063,1033,5.313767616890063,1033,4.067627830566196,1033,4.067627830566196,1033,3.6793829151658475,1996,3.6793829151658475,1996,0.4966588036150506,1027,0.4966588036150506,1027,4.763602085740708,1031,4.763602085740708,1031,4.877467823783489,1031,4.877467823783489,1031,4.63001331539598,956,4.63001331539598,956,5.017599556987749,1370,5.017599556987749,1370,0.477084390639014,1354,0.477084390639014,1354,6.509713122804958,269,6.509713122804958,269,6.792628301301771,269,6.792628301301771,269,4.005703185338386,1032,4.005703185338386,1032,4.643638538572439,1370,4.643638538572439,1370,0.5188965831350187,771,0.5188965831350187,771,3.1842347178143395,323,3.1842347178143395,323,3.2948807170934695,1030,3.2948807170934695,1030,3.6649679666604307,323,3.6649679666604307,323,3.6161443196195706,323,3.6161443196195706,323,0.45060375298121125,323,0.45060375298121125,323
inject,526,0.6854616694521691,1647.3373369011972,41.204885185954936,862,5.200479203244553,32.0,5.916366537615948,861,5.916366537615948,861,6.2970103164950215,861,6.2970103164950215,861,6.18053724370903,862,6.18053724370903,862,6.012121277827722,861,6.012121277827722,861,0.6264081750803754,813,0.6264081750803754,813,6.368883962210626,862,6.368883962210626,862,6.854236156396943,862,6.854236156396943,862,5.827026302818148,862,5.827026302818148,862,5.687695873997738,862,5.687695873997738,862,0.6517517312166784,856,0.6517517312166784,856,6.2597483194202415,861,6.2597483194202415,861,6.658528734547498,861,6.658528734547498,861,6.556003065683238,862,6.556003065683238,862,7.027277735341222,861,7.027277735341222,861,0.6959775172843863,829,0.6959775172843863,829,6.651521433316339,862,6.651521433316339,862,7.157952108818985,862,7.157952108818985,862,6.131655335340216,862,6.131655335340216,862,5.93391609566098,862,5.93391609566098,862,0.7078077289441498,830,0.7078077289441498,830,3.2762325402700307,863,3.2762325402700307,863,3.516099230816405,863,3.516099230816405,863,3.30077085473245,104,3.30077085473245,104,3.532042842875407,104,3.532042842875407,104,0.40489917617056026,2300,0.40489917617056026,2300
inject,875,0.046585784443633815,1666.026942980843,36.31053464922368,1897,2.119086325339713,32.0,4.10946588194805,1733,4.10946588194805,1733,4.133109242009706,1733,4.133109242009706,1733,4.500802280388683,1733,4.500802280388683,1733,5.038615669310463,2395,5.038615669310463,2395,0.37247261244931645,1685,0.37247261244931645,1685,3.4240629819989947,95,3.4240629819989947,95,3.305173038248729,602,3.305173038248729,602,3.700484679466015,541,3.700484679466015,541,5.493323557809132,2395,5.493323557809132,2395,0.35213402838405355,1922,0.35213402838405355,1922,4.402704111009198,1646,4.402704111009198,1646,4.485577673243884,214,4.485577673243884,214,4.733974050846065,1732,4.733974050846065,1732,5.27245879167022,1646,5.27245879167022,1646,0.512793094504547,1903,0.512793094504547,1903,4.459245232925231,102,4.459245232925231,102,4.721743360418237,729,4.721743360418237,729,4.3626390312349335,1477,4.3626390312349335,1477,5.684738523718731,2395,5.684738523718731,2395,0.525517833573563,1445,0.525517833573563,1445,3.2339599540478132,1458,3.2339599540478132,1458,3.201994735576913,539,3.201994735576913,539,3.2415661244193124,539,3.2415661244193124,539,4.006799638397103,4,4.006799638397103,4,0.4255342580269891,4,0.4255342580269891,4
inject,782,0.14383663787990486,857.1306513865462,31.062403258486622,845,1.4110521722542797,33.0,4.289398560244599,649,4.289398560244599,649,5.025967527191314,649,5.025967527191314,649,4.615192601518333,649,4.615192601518333,649,4.631225423123951,2394,4.631225423123951,2394,0.3786592815295241,601,0.3786592815295241,601,3.656838780224974,650,3.656838780224974,650,4.120521059631484,650,4.120521059631484,650,3.41008699401579,650,3.41008699401579,650,4.9907006237472125,2395,4.9907006237472125,2395,0.35562370581290775,2242,0.35562370581290775,2242,4.289398560244599,649,4.289398560244599,649,5.025967527191314,649,5.025967527191314,649,4.615192601518333,649,4.615192601518333,649,5.334082306209051,2393,5.334082306209051,2393,0.48243835412249225,2223,0.48243835412249225,2223,4.49257281521708,2235,4.49257281521708,2235,5.001609158635466,777,5.001609158635466,777,3.919151022835669,777,3.919151022835669,777,5.201793505264483,2394,5.201793505264483,2394,0.4757713956429422,2201,0.4757713956429422,2201,3.7613567530839944,2231,3.7613567530839944,2231,3.619088883060445,776,3.619088883060445,776,3.295184139304145,2231,3.295184139304145,2231,3.6941239583733743,2397,3.6941239583733743,2397,0.49938683760658864,2231,0.49938683760658864,2231
inject,1225,0.046043384217809735,610.5560675991436,44.60256178160474,1929,6.485176186135529,32.0,5.953397093916151,1471,5.953397093916151,1471,7.135655855671501,1471,7.135655855671501,1471,6.287443097922124,1471,6.287443097922124,1471,6.153048468796505,1471,6.153048468796505,1471,0.5402439289206764,1423,0.5402439289206764,1423,6.341915617833721,925,6.341915617833721,925,7.938759363483079,376,7.938759363483079,376,6.273322771184279,1472,6.273322771184279,1472,6.0729683239183805,1472,6.0729683239183805,1472,0.6220093251705591,1466,0.6220093251705591,1466,6.509498729073342,1471,6.509498729073342,1471,7.8521290515480615,1471,7.8521290515480615,1471,6.851800313590415,1471,6.851800313590415,1471,7.305744548825853,1471,7.305744548825853,1471,0.6221433563758557,1439,0.6221433563758557,1439,6.532955450863448,177,6.532955450863448,177,8.241138045653916,177,8.241138045653916,177,6.341075776776694,177,6.341075776776694,177,6.813215709280649,177,6.813215709280649,177,0.674590156065182,145,0.674590156065182,145,4.147073200667775,162,4.147073200667775,162,5.45017359082045,360,5.45017359082045,360,4.215920499478341,219,4.215920499478341,219,4.447897587135063,177,4.447897587135063,177,0.6281996898685701,46,0.6281996898685701,46
inject,107,0.19727840301326327,817.4394947346584,40.55196092411963,2008,4.907479160339508,32.0,5.363905548395326,1695,5.363905548395326,1695,5.161408428925224,1695,5.161408428925224,1695,5.965845906494302,1695,5.965845906494302,1695,5.888691582465064,1695,5.888691582465064,1695,0.43501509078488615,1647,0.43501509078488615,1647,4.362538346440459,1924,4.362538346440459,1924,4.608029150590576,1924,4.608029150590576,1924,4.3001039682489965,1696,4.3001039682489965,1696,4.527231521007525,1697,4.527231521007525,1697,0.47423726139891736,209,0.47423726139891736,209,5.727528375241807,1928,5.727528375241807,1928,5.868866533426854,1929,5.868866533426854,1929,5.965845906494302,1695,5.965845906494302,1695,6.301440437824943,1696,6.301440437824943,1696,0.508585452053518,1414,0.508585452053518,1414,5.596494648060394,1929,5.596494648060394,1929,6.023650540556522,1929,6.023650540556522,1929,5.428685768494745,1705,5.428685768494745,1705,5.475076240729741,1705,5.475076240729741,1705,0.5219846447404535,1672,0.5219846447404535,1672,3.653398997235035,1698,3.653398997235035,1698,3.5210332323300086,1698,3.5210332323300086,1698,3.8755493212987964,1698,3.8755493212987964,1698,3.8481067113318694,1698,3.8481067113318694,1698,0.5072828852239473,1422,0.5072828852239473,1422
inject,1171,0.05292810439045936,809.1760654895709,38.15975923899309,1307,5.892068209983939,32.0,3.706194866249959,395,3.706194866249959,395,3.523125789168905,395,3.523125789168905,395,3.937126577990612,1039,3.937126577990612,1039,3.5197712163826766,2034,3.5197712163826766,2034,0.3394034633584223,1820,0.3394034633584223,1820,4.547357701492121,1042,4.547357701492121,1042,4.312145998029261,1042,4.312145998029261,1042,3.902439590106223,1870,3.902439590106223,1870,3.796279350689144,1870,3.796279350689144,1870,0.4874879705548694,1864,0.4874879705548694,1864,6.2212539070595065,399,6.2212539070595065,399,5.921687261579037,399,5.921687261579037,399,5.361991953114444,399,5.361991953114444,399,4.913681098349756,1868,4.913681098349756,1868,0.5162229971303504,311,0.5162229971303504,311,5.2914472911513855,400,5.2914472911513855,400,5.411999899817306,400,5.411999899817306,400,4.1694412213880545,1042,4.1694412213880545,1042,4.306514424748801,1858,4.306514424748801,1858,0.4874983745855633,1837,0.4874983745855633,1837,3.1668631620944674,1241,3.1668631620944674,1241,2.9238790319096974,1241,2.9238790319096974,1241,3.158974874801444,803,3.158974874801444,803,2.7786893662577548,1315,2.7786893662577548,1315,0.5341170414922606,803,0.5341170414922606,803
inject,875,0.615091875640889,1198.3483139924413,30.674695689579885,1617,2.119086325339713,33.0,3.5760640076393106,194,3.5760640076393106,194,3.8377241923825753,2067,3.8377241923825753,2067,3.8728589890439555,194,3.8728589890439555,194,3.5774364002689127,193,3.5774364002689127,193,0.3757193114098046,1687,0.3757193114098046,1687,4.851680839010682,2069,4.851680839010682,2069,5.298309385424244,2069,5.298309385424244,2069,4.151629553923011,2069,4.151629553923011,2069,3.7590553899420276,2069,3.7590553899420276,2069,0.5043611125088141,2063,0.5043611125088141,2063,4.42033663454595,1130,4.42033663454595,1130,4.5959644774161905,2344,4.5959644774161905,2344,4.590633638321232,1130,4.590633638321232,1130,5.0990680722214,1389,5.0990680722214,1389,0.5066772825968424,1106,0.5066772825968424,1106,5.148497573680122,2069,5.148497573680122,2069,5.590286504617295,2069,5.590286504617295,2069,4.63110534449892,2069,4.63110534449892,2069,5.071367687577498,1705,5.071367687577498,1705,0.5664111264471352,2037,0.5664111264471352,2037,3.5231300707181723,2067,3.5231300707181723,2067,3.8288017644924803,2067,3.8288017644924803,2067,3.2797199797827323,446,3.2797199797827323,446,3.2010657717499473,1131,3.2010657717499473,1131,0.40878291124301136,446,0.40878291124301136,446
inject,1202,0.16382245103931004,1471.6402726965734,41.710123222975696,929,6.508247515098396,32.0,4.5718648606306065,1635,4.5718648606306065,1635,4.404368737899344,1635,4.404368737899344,1635,5.039424918123441,1635,5.039424918123441,1635,4.897584685517261,1635,4.897584685517261,1635,0.4555019363448265,1587,0.4555019363448265,1587,3.7376456686689234,932,3.7376456686689234,932,4.049882994318211,932,4.049882994318211,932,3.949905796122815,854,3.949905796122815,854,4.300156781728445,854,4.300156781728445,854,0.3782893531510205,926,0.3782893531510205,926,4.5718648606306065,1635,4.5718648606306065,1635,4.8972288768654355,928,4.8972288768654355,928,5.039424918123441,1635,5.039424918123441,1635,4.897584685517261,1635,4.897584685517261,1635,0.4555019363448265,1587,0.4555019363448265,1587,4.7139235546488605,197,4.7139235546488605,197,5.100654227286724,928,5.100654227286724,928,4.170603271315383,398,4.170603271315383,398,4.605801686021578,398,4.605801686021578,398,0.49137725243692676,366,0.49137725243692676,366,3.0459108053675554,996,3.0459108053675554,996,3.161193096516593,996,3.161193096516593,996,3.0707021210384995,996,3.0707021210384995,996,3.273946233381148,1461,3.273946233381148,1461,0.40559551080022266,2158,0.40559551080022266,2158
inject,549,0.4310824776277553,1582.6262013545102,41.77204137275748,1081,4.7084209072978265,32.0,4.31334489337844,2183,4.31334489337844,2183,4.087281560832338,2183,4.087281560832338,2183,4.757395354649826,2183,4.757395354649826,2183,4.725409835717245,2183,4.725409835717245,2183,0.38081361600717545,1755,0.38081361600717545,1755,5.130125217156893,2183,5.130125217156893,2183,4.923739391420266,1133,4.923739391420266,1133,5.837010521814381,2183,5.837010521814381,2183,5.8119468381341335,2183,5.8119468381341335,2183,0.5364543700880186,2177,0.5364543700880186,2177,5.76444298086149,1132,5.76444298086149,1132,5.819199964584577,1132,5.819199964584577,1132,5.9422905024390955,1132,5.9422905024390955,1132,6.943422825853336,1132,6.943422825853336,1132,0.5751451795515116,1108,0.5751451795515116,1108,5.325948439232248,378,5.325948439232248,378,5.660460525917091,1133,5.660460525917091,1133,5.65194135839909,1822,5.65194135839909,1822,5.90469573521824,2183,5.90469573521824,2183,0.5364884877221895,1101,0.5364884877221895,1101,3.5140095536016855,2185,3.5140095536016855,2185,3.688537678732061,1448,3.688537678732061,1448,3.7395417766546246,2185,3.7395417766546246,2185,3.8919593585926013,1132,3.8919593585926013,1132,0.4635411893506968,1448,0.4635411893506968,1448
inject,456,0.04356046352546217,702.1304896381355,42.346001072297994,1584,7.18130076338117,32.0,6.273111248373181,794,6.273111248373181,794,7.165812783219387,794,7.165812783219387,794,6.989767054024811,795,6.989767054024811,795,6.3165353399763955,794,6.3165353399763955,794,0.5173529480200061,747,0.5173529480200061,747,4.581778084292778,796,4.581778084292778,796,5.265469808450999,796,5.265469808450999,796,5.208593086259724,796,5.208593086259724,796,4.627796369369253,796,4.627796369369253,796,0.4182128624436653,2051,0.4182128624436653,2051,6.422526354092824,795,6.422526354092824,795,7.3259577573923895,795,7.3259577573923895,795,7.190497039069959,795,7.190497039069959,795,6.3165353399763955,794,6.3165353399763955,794,0.5338689020118835,739,0.5338689020118835,739,5.116829047455627,1339,5.116829047455627,1339,5.823802350614128,1339,5.823802350614128,1339,5.319850810906586,796,5.319850810906586,796,4.7841959437571555,796,4.7841959437571555,796,0.5242049390288301,2246,0.5242049390288301,2246,3.420214206659996,356,3.420214206659996,356,3.759122090252717,2218,3.759122090252717,2218,3.556907106448906,793,3.556907106448906,793,3.8590460392868398,2218,3.8590460392868398,2218,0.4568261885342516,2289,0.4568261885342516,2289
inject,314,0.44543570437602953,737.5560766848573,35.69416080972317,418,4.112642664184628,32.0,4.62634862136217,2162,4.62634862136217,2162,4.761543191853457,1008,4.761543191853457,1008,4.861594644626751,2162,4.861594644626751,2162,4.432244634400891,2162,4.432244634400891,2162,0.4444801051623435,368,0.4444801051623435,368,4.6925849826884045,1010,4.6925849826884045,1010,5.421431874120509,1010,5.421431874120509,1010,3.925307648891688,2164,3.925307648891688,2164,3.873904754124159,930,3.873904754124159,930,0.413989632022616,412,0.413989632022616,412,5.576627345819546,1009,5.576627345819546,1009,6.175284518429389,1009,6.175284518429389,1009,5.1197768161088595,931,5.1197768161088595,931,5.731055259173197,931,5.731055259173197,931,0.4919036045359428,385,0.4919036045359428,385,5.906647195687671,1009,5.906647195687671,1009,6.953136928064942,1009,6.953136928064942,1009,4.419235594447548,417,4.419235594447548,417,4.535039899842876,418,4.535039899842876,418,0.518229755671771,386,0.518229755671771,386,3.078618106665937,879,3.078618106665937,879,3.5006897610272545,698,3.5006897610272545,698,3.1352205370042485,879,3.1352205370042485,879,3.347074353615668,1745,3.347074353615668,1745,0.4246267690431696,1340,0.4246267690431696,1340
inject,415,0.09167188859316955,855.1402168808658,44.86756497605296,1859,2.3313084945329274,32.0,3.442366268402822,1242,3.442366268402822,1242,3.4063395424523457,835,3.4063395424523457,835,4.128240442759022,1241,4.128240442759022,1241,4.374430122275675,1241,4.374430122275675,1241,0.3053615490953136,2116,0.3053615490953136,2116,3.3458592629594754,669,3.3458592629594754,669,3.7977187672662414,669,3.7977187672662414,669,3.3576090168961366,669,3.3576090168961366,669,3.7717425687965127,669,3.7717425687965127,669,0.4186571257763121,437,0.4186571257763121,437,4.393023857430229,669,4.393023857430229,669,4.928283206201515,669,4.928283206201515,669,4.490585044367154,669,4.490585044367154,669,5.136313615600782,669,5.136313615600782,669,0.46211463557022797,653,0.46211463557022797,653,5.196296212090311,2178,5.196296212090311,2178,5.480576125735576,669,5.480576125735576,669,5.028664961596047,669,5.028664961596047,669,5.730949907026403,669,5.730949907026403,669,0.5657597181471494,637,0.5657597181471494,637,2.6284040647064995,46,2.6284040647064995,46,2.912336744455908,669,2.912336744455908,669,2.9264823562232305,2190,2.9264823562232305,2190,2.9591319880482074,2,2.9591319880482074,2,0.36216336691882867,559,0.36216336691882867,559
inject,389,0.22514415188071912,1054.4906585282754,39.746367443581214,756,4.48511844070277,32.0,4.768659102516941,1574,4.768659102516941,1574,4.779356044131011,1574,4.779356044131011,1574,5.384714519670371,1574,5.384714519670371,1574,5.0786556291262235,1574,5.0786556291262235,1574,0.41699287229703746,1040,0.41699287229703746,1040,4.236303399434306,1087,4.236303399434306,1087,4.203000402449518,1574,4.203000402449518,1574,4.375468384572244,1007,4.375468384572244,1007,4.327109366703183,1574,4.327109366703183,1574,0.386383268311298,1081,0.386383268311298,1081,5.223021647461792,1007,5.223021647461792,1007,4.991403454237879,1007,4.991403454237879,1007,5.384714519670371,1574,5.384714519670371,1574,5.30059180406265,1574,5.30059180406265,1574,0.513275865166543,1087,0.513275865166543,1087,5.505331584259269,120,5.505331584259269,120,5.3073094540514045,1428,5.3073094540514045,1428,4.666056869775405,1574,4.666056869775405,1574,4.6107665753622324,1574,4.6107665753622324,1574,0.4572899982944327,1056,0.4572899982944327,1056,3.764479395235125,594,3.764479395235125,594,4.30228247101937,2253,4.30228247101937,2253,3.8430544140299654,594,3.8430544140299654,594,3.6393916667988733,230,3.6393916667988733,230,0.5400795883659318,594,0.5400795883659318,594
inject,1266,0.1395366730147536,1120.605740039452,34.12606200190794,342,5.4245581111934555,33.0,3.6412444550008574,1593,3.6412444550008574,1593,3.6386951745168794,1593,3.6386951745168794,1593,4.081935286907579,1388,4.081935286907579,1388,4.414227076268966,1388,4.414227076268966,1388,0.34544400148216153,1545,0.34544400148216153,1545,4.299047320229199,1882,4.299047320229199,1882,4.500601879943522,763,4.500601879943522,763,4.100246526777728,1592,4.100246526777728,1592,4.266099741971137,2175,4.266099741971137,2175,0.4385005425691948,1586,0.4385005425691948,1586,5.134764552340974,767,5.134764552340974,767,5.486141921683071,767,5.486141921683071,767,4.457357282366435,1593,4.457357282366435,1593,5.227373109175131,741,5.227373109175131,741,0.45261530864484184,2268,0.45261530864484184,2268,5.64512969677673,1886,5.64512969677673,1886,5.954068281955613,768,5.954068281955613,768,4.317239786571061,1592,4.317239786571061,1592,4.7000368641886485,2175,4.7000368641886485,2175,0.46536336190032984,1560,0.46536336190032984,1560,3.4627720559556465,725,3.4627720559556465,725,3.6628038608520574,725,3.6628038608520574,725,3.6136255760276983,1070,3.6136255760276983,1070,3.0804921575428668,741,3.0804921575428668,741,0.4178861145316643,668,0.4178861145316643,668
inject,978,0.08749859009364291,863.9379990671032,33.88080883571823,2133,4.8100994497297735,33.0,4.418654236107799,852,4.418654236107799,852,4.753562842681306,852,4.753562842681306,852,4.594699535540707,852,4.594699535540707,852,3.7428136750771412,1146,3.7428136750771412,1146,0.383403338356747,804,0.383403338356747,804,3.983225872587666,850,3.983225872587666,850,4.336928368380201,850,4.336928368380201,850,4.032016365768532,850,4.032016365768532,850,3.4663520254959557,640,3.4663520254959557,640,0.4241061401254298,177,0.4241061401254298,177,5.21383826588209,852,5.21383826588209,852,5.58832583537411,852,5.58832583537411,852,5.101774103803644,852,5.101774103803644,852,4.952168052869488,35,4.952168052869488,35,0.5858206156548605,11,0.5858206156548605,11,4.562429578052081,1213,4.562429578052081,1213,4.664529897968737,1213,4.664529897968737,1213,4.743940557534686,1213,4.743940557534686,1213,5.566525830738271,1213,5.566525830738271,1213,0.593737900509312,3,0.593737900509312,3,3.0396489978027965,1399,3.0396489978027965,1399,2.9956231664109647,851,2.9956231664109647,851,3.020725982540391,1147,3.020725982540391,1147,3.15993796013977,1489,3.15993796013977,1489,0.37700790380862764,730,0.37700790380862764,730
inject,654,0.7495321800159649,1935.8022634969425,38.49919596306411,254,5.0262770661559415,32.0,6.184687781758487,255,6.184687781758487,255,6.888507613187308,255,6.888507613187308,255,6.135221638502437,255,6.135221638502437,255,6.186762522442067,255,6.186762522442067,255,0.574844267528991,207,0.574844267528991,207,6.789833461504492,255,6.789833461504492,255,7.726400420961818,255,7.726400420961818,255,5.48234417014056,255,5.48234417014056,255,5.271621014295424,254,5.271621014295424,254,0.5618879454002633,247,0.5618879454002633,247,6.534728158337805,254,6.534728158337805,254,7.26239567326916,254,7.26239567326916,254,6.540365707145117,254,6.540365707145117,254,7.445170170589083,254,7.445170170589083,254,0.6136675322971166,214,0.6136675322971166,214,7.499243161191387,254,7.499243161191387,254,8.537786107173115,254,8.537786107173115,254,6.046639903676799,255,6.046639903676799,255,5.8921942141059755,254,5.8921942141059755,254,0.6355815507867447,222,0.6355815507867447,222,3.7744151839999875,254,3.7744151839999875,254,4.26281640634248,254,4.26281640634248,254,3.295841271953892,254,3.295841271953892,254,3.6551666734951467,1279,3.6551666734951467,1279,0.4187612028296066,2101,0.4187612028296066,2101
inject,291,0.19398227900023268,1164.9348882382426,44.25044897583514,1197,4.008054097258635,32.0,3.839097840321442,2196,3.839097840321442,2196,3.715552152770333,2196,3.715552152770333,2196,4.2357524143669965,272,4.2357524143669965,272,3.8242443073729198,2196,3.8242443073729198,2196,0.4390870063734802,2349,0.4390870063734802,2349,3.7280116453395435,2194,3.7280116453395435,2194,3.7260924063811673,2194,3.7260924063811673,2194,3.727530392050037,2194,3.727530392050037,2194,3.5636323523145212,1394,3.5636323523145212,1394,0.43575319900707393,2393,0.43575319900707393,2393,4.401171497281798,30,4.401171497281798,30,4.723792985752801,30,4.723792985752801,30,4.822659048408319,29,4.822659048408319,29,4.466259459771343,2194,4.466259459771343,2194,0.47343104855145784,2357,0.47343104855145784,2357,4.031931013302405,1649,4.031931013302405,1649,4.343159605741611,729,4.343159605741611,729,4.022186963501637,30,4.022186963501637,30,4.108909646745014,936,4.108909646745014,936,0.5086672558394835,2397,0.5086672558394835,2397,3.1063295579071473,803,3.1063295579071473,803,3.2820713784434323,803,3.2820713784434323,803,3.2608246355101325,1,3.2608246355101325,1,2.980326435048433,2286,2.980326435048433,2286,0.44414218348242906,803,0.44414218348242906,803
inject,378,0.548654835047481,1938.824808448458,32.43101542250274,631,4.8206989769471225,33.0,3.8356647732563114,85,3.8356647732563114,85,3.8126202190854044,480,3.8126202190854044,480,4.454684526124744,1028,4.454684526124744,1028,4.710619966081112,1056,4.710619966081112,1056,0.3306240984367116,979,0.3306240984367116,979,4.481423056154809,633,4.481423056154809,633,4.403226479881234,633,4.403226479881234,633,3.693673929657538,633,3.693673929657538,633,4.298149641528731,633,4.298149641528731,633,0.388200852130693,626,0.388200852130693,626,5.143873529403009,1030,5.143873529403009,1030,5.001579783946094,1030,5.001579783946094,1030,5.767066405671418,1030,5.767066405671418,1030,5.516592406876677,632,5.516592406876677,632,0.4485345203288872,958,0.4485345203288872,958,4.77605755664402,633,4.77605755664402,633,4.850260956916564,1032,4.850260956916564,1032,4.346182490647601,261,4.346182490647601,261,4.696447446169962,633,4.696447446169962,633,0.5205692311359565,92,0.5205692311359565,92,3.413045929616479,657,3.413045929616479,657,3.3121733412124144,657,3.3121733412124144,657,3.1135238106070444,657,3.1135238106070444,657,3.606658911865201,1081,3.606658911865201,1081,0.4800818404438256,657,0.4800818404438256,657
inject,413,0.3314141761484901,1947.0336769698506,31.420753296670497,664,2.4115383839009956,33.0,3.95183481789174,2225,3.95183481789174,2225,3.6129138026584005,285,3.6129138026584005,285,4.215382201151505,2225,4.215382201151505,2225,4.489838068255226,2225,4.489838068255226,2225,0.44376421051595966,2177,0.44376421051595966,2177,3.638297246217166,2109,3.638297246217166,2109,3.866969198395533,71,3.866969198395533,71,3.18925462944252,285,3.18925462944252,285,3.2536142987900942,2226,3.2536142987900942,2226,0.3852812039859978,2103,0.3852812039859978,2103,4.171030567090071,2225,4.171030567090071,2225,4.1765670076589885,1712,4.1765670076589885,1712,4.359801315819789,2225,4.359801315819789,2225,4.803154931891112,2225,4.803154931891112,2225,0.4628964561393953,2185,0.4628964561393953,2185,4.605363061026708,1663,4.605363061026708,1663,4.938487219546549,1663,4.938487219546549,1663,3.705406995329031,1648,3.705406995329031,1648,4.359012003053397,1467,4.359012003053397,1467,0.464894703131851,1631,0.464894703131851,1631,3.698862831320037,434,3.698862831320037,434,3.895885075902242,283,3.895885075902242,283,3.5616188668580464,283,3.5616188668580464,283,3.4848049459424377,283,3.4848049459424377,283,0.42333505129894816,434,0.42333505129894816,434
inject,557,0.037794310612533355,1115.1358989299174,37.65226673136559,1438,4.570364651887896,32.0,5.33051670431354,967,5.33051670431354,967,5.628636854622713,1254,5.628636854622713,1254,5.986104818278271,967,5.986104818278271,967,5.1391451999050775,967,5.1391451999050775,967,0.4783713760015305,1206,0.4783713760015305,1206,4.596761274647709,970,4.596761274647709,970,5.009494227681965,1524,5.009494227681965,1524,4.830035703510149,970,4.830035703510149,970,4.494003081536536,878,4.494003081536536,878,0.42582865246296453,964,0.42582865246296453,964,5.559721920979085,967,5.559721920979085,967,5.93243058438747,1254,5.93243058438747,1254,6.203604182049073,967,6.203604182049073,967,5.770819026693835,878,5.770819026693835,878,0.5498261717247528,242,0.5498261717247528,242,4.696725345409821,1108,4.696725345409821,1108,5.399175734332,1108,5.399175734332,1108,4.924593361850786,968,4.924593361850786,968,5.16402735697374,878,5.16402735697374,878,0.49027020448450787,1077,0.49027020448450787,1077,3.4499204527875165,1458,3.4499204527875165,1458,3.7999791675260886,1458,3.7999791675260886,1458,3.519034595828606,1458,3.519034595828606,1458,3.5700826356124167,412,3.5700826356124167,412,0.5377919687055143,250,0.5377919687055143,250
inject,717,0.07121068314216505,1616.630336486431,30.655946739242236,1308,3.6229629268892105,33.0,4.4700441865049365,1512,4.4700441865049365,1512,4.79718295994785,1512,4.79718295994785,1512,5.07867227400595,1512,5.07867227400595,1512,5.09712418057194,1512,5.09712418057194,1512,0.38502880127516026,1464,0.38502880127516026,1464,4.336644940004227,104,4.336644940004227,104,4.3568871119952854,1674,4.3568871119952854,1674,4.226567665067278,104,4.226567665067278,104,3.853838248290052,104,3.853838248290052,104,0.40397839567100874,98,0.40397839567100874,98,4.8555351410731635,1318,4.8555351410731635,1318,5.152565402247276,2328,5.152565402247276,2328,5.22030358763096,391,5.22030358763096,391,5.159253452772333,1513,5.159253452772333,1513,0.48429079366650934,2322,0.48429079366650934,2322,6.534563707137118,692,6.534563707137118,692,6.568370613471445,692,6.568370613471445,692,5.781189579177575,404,5.781189579177575,404,5.3153928050255415,404,5.3153928050255415,404,0.5317537302966457,372,0.5317537302966457,372,3.5341626117855753,866,3.5341626117855753,866,3.893843461227153,2076,3.893843461227153,2076,3.4354049106459716,2076,3.4354049106459716,2076,3.400121104516605,2352,3.400121104516605,2352,0.4654748586834791,2076,0.4654748586834791,2076
inject,381,0.18297904752607763,1100.9104509736412,44.06583782306366,713,5.704252460905352,32.0,4.821890177490677,804,4.821890177490677,804,4.7287706222570565,804,4.7287706222570565,804,5.111849267830062,804,5.111849267830062,804,4.2484632838118115,2055,4.2484632838118115,2055,0.36108044810230533,929,0.36108044810230533,929,4.460756454717117,1683,4.460756454717117,1683,4.954291042765349,1947,4.954291042765349,1947,5.039392054867513,345,5.039392054867513,345,5.07850098187899,345,5.07850098187899,345,0.5211378309996896,339,0.5211378309996896,339,6.323798058484831,1301,6.323798058484831,1301,6.229116407120878,1301,6.229116407120878,1301,5.709258216947124,804,5.709258216947124,804,5.643746280819069,345,5.643746280819069,345,0.5288043310250794,1971,0.5288043310250794,1971,5.526025708575527,1952,5.526025708575527,1952,6.500879703732567,1408,6.500879703732567,1408,5.188844943921173,345,5.188844943921173,345,5.536925736828606,345,5.536925736828606,345,0.5691216319578247,118,0.5691216319578247,118,3.9518609329465146,1945,3.9518609329465146,1945,4.345306598063557,1945,4.345306598063557,1945,4.039725075716547,1979,4.039725075716547,1979,4.166787248497561,1979,4.166787248497561,1979,0.5172387643543608,1979,0.5172387643543608,1979
inject,63,0.24961543287042043,1384.3356786349887,40.00897977933606,1218,2.29694995255211,32.0,4.121978434792166,2124,4.121978434792166,2124,4.275634114306407,2124,4.275634114306407,2124,4.4887647903718815,2125,4.4887647903718815,2125,4.7720267485878365,2124,4.7720267485878365,2124,0.47103805420346245,2076,0.47103805420346245,2076,3.6805884526369446,2289,3.6805884526369446,2289,4.130596977155972,988,4.130596977155972,988,3.1645359470952568,1354,3.1645359470952568,1354,3.6475077286948925,919,3.6475077286948925,919,0.4130192802539031,2283,0.4130192802539031,2283,4.502065575612512,97,4.502065575612512,97,5.022423870143015,871,5.022423870143015,871,4.537648949703089,871,4.537648949703089,871,5.528887770183052,871,5.528887770183052,871,0.5346774280707052,855,0.5346774280707052,855,5.71921385876704,400,5.71921385876704,400,5.916042030917951,400,5.916042030917951,400,4.545482027575551,871,4.545482027575551,871,5.4800740900698806,871,5.4800740900698806,871,0.5257128598386731,368,0.5257128598386731,368,3.3891842705930135,1271,3.3891842705930135,1271,3.7260253372954164,989,3.7260253372954164,989,3.3772480713326956,1271,3.3772480713326956,1271,3.190538579148833,3,3.190538579148833,3,0.4474633354857784,1271,0.4474633354857784,1271
inject,646,0.25919232546810367,1391.8046963379402,38.953485098193624,1990,4.840627465812825,32.0,3.758267817191652,613,3.758267817191652,613,4.08288373459183,613,4.08288373459183,613,4.159126013290115,612,4.159126013290115,612,4.027735942320958,53,4.027735942320958,53,0.3444178778645485,565,0.3444178778645485,565,4.166024020252491,950,4.166024020252491,950,4.196087286957451,950,4.196087286957451,950,3.7845094597574986,950,3.7845094597574986,950,3.900819837569976,1901,3.900819837569976,1901,0.4290175953599265,1979,0.4290175953599265,1979,4.541014843425234,1489,4.541014843425234,1489,4.7395203689388525,612,4.7395203689388525,612,5.040143457525326,612,5.040143457525326,612,5.186841860593095,437,5.186841860593095,437,0.4803168047811736,1981,0.4803168047811736,1981,5.3161451505369195,593,5.3161451505369195,593,6.145963183335403,593,6.145963183335403,593,4.901687990753825,593,4.901687990753825,593,5.522609048840879,437,5.522609048840879,437,0.5119295208993695,1959,0.5119295208993695,1959,3.044203814387846,1147,3.044203814387846,1147,3.1133245743585576,1997,3.1133245743585576,1997,2.949197756220148,1997,2.949197756220148,1997,3.3890433073933837,541,3.3890433073933837,541,0.3788414748471289,2204,0.3788414748471289,2204
inject,597,0.0067941255961251334,1475.9729910532897,30.760409166929566,390,6.465422389512107,33.0,3.636590981048869,2055,3.636590981048869,2055,3.823389009783688,2055,3.823389009783688,2055,4.27384426106542,98,4.27384426106542,98,4.034452843173717,98,4.034452843173717,98,0.3685862301048469,50,0.3685862301048469,50,4.127628854411335,332,4.127628854411335,332,4.313443902080969,332,4.313443902080969,332,3.249234799800505,332,3.249234799800505,332,3.3311212290402192,467,3.3311212290402192,467,0.413284236857564,326,0.413284236857564,326,6.165308106556418,148,6.165308106556418,148,6.140869373497063,148,6.140869373497063,148,4.778658749358891,149,4.778658749358891,149,5.171613301946953,1468,5.171613301946953,1468,0.463832738304713,1444,0.463832738304713,1444,5.680556330663718,1374,5.680556330663718,1374,5.847465776711139,1374,5.847465776711139,1374,4.296803589593973,1696,4.296803589593973,1696,4.584838051822925,1479,4.584838051822925,1479,0.4653196938564968,1447,0.4653196938564968,1447,3.302620531648695,1643,3.302620531648695,1643,3.3927884723782022,1519,3.3927884723782022,1519,3.6110779685064998,1643,3.6110779685064998,1643,4.354453222448987,1643,4.354453222448987,1643,0.4196640377625571,252,0.4196640377625571,252
inject,86,0.3275333420193758,1082.1799130312957,31.808658743138498,1728,1.4363500958956084,33.0,3.3474850111934837,1115,3.3474850111934837,1115,3.296609158438108,971,3.296609158438108,971,3.8779673588781054,1115,3.8779673588781054,1115,4.047309216987065,1115,4.047309216987065,1115,0.3935174973538604,1067,0.3935174973538604,1067,3.4763975830817238,1430,3.4763975830817238,1430,3.4675877399165262,1953,3.4675877399165262,1953,3.4122393030317397,1430,3.4122393030317397,1430,3.3691718083661044,2397,3.3691718083661044,2397,0.379068124624939,2271,0.379068124624939,2271,3.8223795492224277,1429,3.8223795492224277,1429,3.7576599627950955,1016,3.7576599627950955,1016,3.8779673588781054,1115,3.8779673588781054,1115,4.60944083918092,2277,4.60944083918092,2277,0.4944968744916738,2253,0.4944968744916738,2253,3.971136603890603,2302,3.971136603890603,2302,4.812576018753831,662,4.812576018753831,662,3.781594971690074,136,3.781594971690074,136,4.428981637576166,136,4.428981637576166,136,0.5077207236133556,2263,0.5077207236133556,2263,2.8376767136520806,812,2.8376767136520806,812,3.0934538270213445,812,3.0934538270213445,812,2.9096170820986966,812,2.9096170820986966,812,3.942208852069047,2397,3.942208852069047,2397,0.3624564068184387,812,0.3624564068184387,812
inject,15,0.1799769345482637,789.3428787480666,35.85084023569357,908,4.249157500489226,32.0,3.9956935154051534,1055,3.9956935154051534,1055,4.1863429120522015,1055,4.1863429120522015,1055,4.429910225046429,187,4.429910225046429,187,4.372466341719871,1055,4.372466341719871,1055,0.38810942340836063,1007,0.38810942340836063,1007,4.0592225738469505,2085,4.0592225738469505,2085,4.068548165326965,816,4.068548165326965,816,3.480465301587493,1056,3.480465301587493,1056,3.6649675106191406,1056,3.6649675106191406,1056,0.4610247846792575,1267,0.4610247846792575,1267,4.749552271084704,2345,4.749552271084704,2345,5.14736085508078,2345,5.14736085508078,2345,4.429910225046429,187,4.429910225046429,187,4.719858604782687,1406,4.719858604782687,1406,0.45491040273857647,1382,0.45491040273857647,1382,4.426788735743054,2344,4.426788735743054,2344,4.813938675272454,2344,4.813938675272454,2344,4.158797570440636,1406,4.158797570440636,1406,4.4720107332576085,1406,4.4720107332576085,1406,0.48991885049562683,1374,0.48991885049562683,1374,2.995318231181054,2340,2.995318231181054,2340,3.2130293312353366,2340,3.2130293312353366,2340,3.037638140268244,2202,3.037638140268244,2202,3.158653252234897,1734,3.158653252234897,1734,0.4817717923093121,2202,0.4817717923093121,2202
inject,953,0.15728586469464234,1023.9110177035466,38.39543862024101,1187,4.321747500705626,32.0,4.819856786905709,2083,4.819856786905709,2083,5.001468190938913,2083,5.001468190938913,2083,5.381062404670115,2083,5.381062404670115,2083,5.293157140770812,2083,5.293157140770812,2083,0.42492645596641493,2035,0.42492645596641493,2035,4.340580172876965,665,4.340580172876965,665,4.89525281373225,665,4.89525281373225,665,3.8658802579616793,493,3.8658802579616793,493,4.05631413815563,6,4.05631413815563,6,0.44269885410914944,659,0.44269885410914944,659,4.819856786905709,2083,4.819856786905709,2083,5.001468190938913,2083,5.001468190938913,2083,5.381062404670115,2083,5.381062404670115,2083,5.293157140770812,2083,5.293157140770812,2083,0.47491003429372897,1673,0.47491003429372897,1673,4.629782193284427,1262,4.629782193284427,1262,5.153004808672021,1262,5.153004808672021,1262,4.236764107210582,2388,4.236764107210582,2388,4.506358657334591,1697,4.506358657334591,1697,0.5061186711765855,1230,0.5061186711765855,1230,3.3876064226077247,2387,3.3876064226077247,2387,3.3764691527991415,2387,3.3764691527991415,2387,3.5208187974543868,2387,3.5208187974543868,2387,3.329958599618786,838,3.329958599618786,838,0.4033963057037925,874,0.4033963057037925,874
inject,914,0.6214165640055697,938.907601315187,42.10905297302567,1295,4.171855074770862,32.0,4.2042620651582485,1294,4.2042620651582485,1294,4.26656936141059,1294,4.26656936141059,1294,4.217299211849397,1294,4.217299211849397,1294,4.045160018994745,1294,4.045160018994745,1294,0.46245302728064946,1246,0.46245302728064946,1246,4.468742676184193,1295,4.468742676184193,1295,4.605114886165036,1295,4.605114886165036,1295,4.0241607167448805,1295,4.0241607167448805,1295,3.967159748972293,1295,3.967159748972293,1295,0.4583250263330811,1290,0.4583250263330811,1290,4.313571495204016,1293,4.313571495204016,1293,4.376242879821268,1293,4.376242879821268,1293,4.301610003216234,1294,4.301610003216234,1294,4.590670859359083,1294,4.590670859359083,1294,0.48674231740327967,2293,0.48674231740327967,2293,4.88504502774619,1295,4.88504502774619,1295,5.015971166823134,1295,5.015971166823134,1295,4.543391554487288,1295,4.543391554487288,1295,4.693039349570265,1295,4.693039349570265,1295,0.5308031424932264,1263,0.5308031424932264,1263,3.327547721641478,2244,3.327547721641478,2244,3.3784491324291883,232,3.3784491324291883,232,3.4248109683683476,2244,3.4248109683683476,2244,3.3834377998251113,592,3.3834377998251113,592,0.4376956459599284,232,0.4376956459599284,232
inject,596,0.42850255111720825,1820.8110799965548,43.8425855766919,1150,5.274727906267687,32.0,5.468118294423346,766,5.468118294423346,766,5.989204374467718,1123,5.989204374467718,1123,5.770989812665984,1122,5.770989812665984,1122,4.772661040713022,766,4.772661040713022,766,0.48868147475444773,718,0.48868147475444773,718,5.568987154473306,765,5.568987154473306,765,5.891979569732327,765,5.891979569732327,765,4.760164078341596,765,4.760164078341596,765,4.747087282700039,644,4.747087282700039,644,0.45763819085272417,638,0.45763819085272417,638,6.128427718629184,1122,6.128427718629184,1122,6.963833270163119,1123,6.963833270163119,1123,6.446839600842994,1122,6.446839600842994,1122,4.9560972586707805,766,4.9560972586707805,766,0.523871720538722,5,0.523871720538722,5,6.095071720875186,765,6.095071720875186,765,6.955246826565851,1123,6.955246826565851,1123,5.452258649976627,1123,5.452258649976627,1123,4.838005287215928,644,4.838005287215928,644,0.5445991440097223,2221,0.5445991440097223,2221,3.909783510793712,1694,3.909783510793712,1694,4.299713373088965,1694,4.299713373088965,1694,3.622443690221532,1694,3.622443690221532,1694,4.706586806863122,1,4.706586806863122,1,0.5148161315049664,2261,0.5148161315049664,2261
inject,1024,0.028977477448186906,451.6941685688794,37.064043838713125,1635,1.494858504348209,32.0,3.706125814542561,1917,3.706125814542561,1917,4.1393033689425875,1917,4.1393033689425875,1917,4.180140057383181,1917,4.180140057383181,1917,4.4199915254591104,1917,4.4199915254591104,1917,0.3671864367455581,1870,0.3671864367455581,1870,3.800493925098576,2099,3.800493925098576,2099,3.963692147795357,2099,3.963692147795357,2099,3.5647743318049896,2099,3.5647743318049896,2099,3.448597112524215,2099,3.448597112524215,2099,0.4275446610697997,2093,0.4275446610697997,2093,3.937323721004545,1695,3.937323721004545,1695,4.257027464501234,1917,4.257027464501234,1917,4.180140057383181,1917,4.180140057383181,1917,4.703538360520848,1695,4.703538360520848,1695,0.47265117490703185,1679,0.47265117490703185,1679,4.458750915169265,1205,4.458750915169265,1205,4.420093514476751,734,4.420093514476751,734,4.025238580100762,1696,4.025238580100762,1696,4.575875790752387,1696,4.575875790752387,1696,0.4757586003785184,1975,0.4757586003785184,1975,3.293283507517107,779,3.293283507517107,779,3.830550195997245,779,3.830550195997245,779,3.3723472328556756,779,3.3723472328556756,779,3.1625932048653884,68,3.1625932048653884,68,0.4189181712734986,779,0.4189181712734986,779
inject,525,0.2625640773794198,1931.6124261384782,43.8435040792036,777,5.771273749282135,32.0,4.49835298304233,1793,4.49835298304233,1793,4.428120731504982,1793,4.428120731504982,1793,4.923592600260232,1793,4.923592600260232,1793,4.670635593355698,1793,4.670635593355698,1793,0.4520093979521494,1745,0.4520093979521494,1745,4.719744234096024,776,4.719744234096024,776,4.671301785738683,776,4.671301785738683,776,4.341109471599007,1793,4.341109471599007,1793,4.111256648329257,1793,4.111256648329257,1793,0.49078838034868644,770,0.49078838034868644,770,4.575018891952768,776,4.575018891952768,776,4.581411764396397,2315,4.581411764396397,2315,4.923592600260232,1793,4.923592600260232,1793,4.828944813862963,2315,4.828944813862963,2315,0.5169044818659371,2299,0.5169044818659371,2299,4.88713207560634,776,4.88713207560634,776,4.996247175572359,2300,4.996247175572359,2300,4.31548246752204,1793,4.31548246752204,1793,4.311947084962528,1793,4.311947084962528,1793,0.5153718446073086,744,0.5153718446073086,744,3.173516020354244,397,3.173516020354244,397,3.35493391002147,2302,3.35493391002147,2302,3.3221978034629083,538,3.3221978034629083,538,3.322211848054156,538,3.322211848054156,538,0.44239188225620335,941,0.44239188225620335,941
inject,468,0.04255748040854146,764.3956028636646,40.13604402973272,1461,2.5761838188360198,32.0,5.631246201374562,1553,5.631246201374562,1553,5.4134948619185534,1553,5.4134948619185534,1553,5.981249428221374,1553,5.981249428221374,1553,6.144544156092106,5,6.144544156092106,5,0.5010034003887848,1504,0.5010034003887848,1504,4.137376269485568,1551,4.137376269485568,1551,3.721764504516865,1551,3.721764504516865,1551,3.858172468289531,1551,3.858172468289531,1551,5.90737274080854,6,5.90737274080854,6,0.3922520377036004,385,0.3922520377036004,385,5.640932142892318,1553,5.640932142892318,1553,5.430775753586078,1553,5.430775753586078,1553,5.981249428221374,1553,5.981249428221374,1553,6.144544156092106,5,6.144544156092106,5,0.5046836458464367,1497,0.5046836458464367,1497,5.0853823932170785,1553,5.0853823932170785,1553,5.2109959395392025,1291,5.2109959395392025,1291,4.838078755728745,1553,4.838078755728745,1553,6.374037715812119,5,6.374037715812119,5,0.43917855551131224,1520,0.43917855551131224,1520,2.937397016012628,2105,2.937397016012628,2105,3.2286754028242726,734,3.2286754028242726,734,2.9572519017317815,2105,2.9572519017317815,2105,3.2697659443768803,1297,3.2697659443768803,1297,0.375264154868475,690,0.375264154868475,690
inject,661,0.012005794662197644,1995.7137705764187,36.080821306042125,1209,1.6062950420406494,32.0,3.457436500855582,970,3.457436500855582,970,4.145113018991478,969,4.145113018991478,969,3.7720112800815833,969,3.7720112800815833,969,3.6412652638480894,969,3.6412652638480894,969,0.45301521163880654,922,0.45301521163880654,922,3.541240144619965,886,3.541240144619965,886,3.9414081886535306,886,3.9414081886535306,886,3.4178490491228897,886,3.4178490491228897,886,3.3762007865250334,191,3.3762007865250334,191,0.41302989499839526,880,0.41302989499839526,880,3.6007875662762756,1899,3.6007875662762756,1899,4.145113018991478,969,4.145113018991478,969,3.7720112800815833,969,3.7720112800815833,969,4.40617729256212,1899,4.40617729256212,1899,0.45301521163880654,922,0.45301521163880654,922,4.036357290766058,886,4.036357290766058,886,4.516416838918808,886,4.516416838918808,886,4.028731313479325,886,4.028731313479325,886,4.311718329463369,1072,4.311718329463369,1072,0.48412636228115796,853,0.48412636228115796,853,3.002397398820932,1899,3.002397398820932,1899,3.1761406809677513,1899,3.1761406809677513,1899,2.908048221340738,1517,2.908048221340738,1517,3.2314075668294344,1899,3.2314075668294344,1899,0.36169314034296784,973,0.36169314034296784,973
inject,66,0.4309920888001545,1539.215425786874,33.24935465557333,1497,4.946784105344868,33.0,5.153692994030706,2343,5.153692994030706,2343,6.332561216582895,2343,6.332561216582895,2343,5.3852416858286185,2343,5.3852416858286185,2343,4.842133425320937,1976,4.842133425320937,1976,0.4483861785182264,2295,0.4483861785182264,2295,4.679444712192575,2168,4.679444712192575,2168,4.808625045929842,2168,4.808625045929842,2168,4.61008899040869,2168,4.61008899040869,2168,4.489032339100663,1976,4.489032339100663,1976,0.3894705044216202,926,0.3894705044216202,926,5.44972906728238,2343,5.44972906728238,2343,6.679558875883371,2343,6.679558875883371,2343,5.695535251348624,2343,5.695535251348624,2343,5.489108960500715,1976,5.489108960500715,1976,0.4673500176480456,2287,0.4673500176480456,2287,4.926385161764581,2359,4.926385161764581,2359,7.0453103622512945,2359,7.0453103622512945,2359,4.706091017842437,2168,4.706091017842437,2168,4.769361398121145,1976,4.769361398121145,1976,0.5821824934313297,1037,0.5821824934313297,1037,3.393750576629546,325,3.393750576629546,325,3.3141855365564115,30,3.3141855365564115,30,3.5284077188802065,30,3.5284077188802065,30,3.4234438379746037,30,3.4234438379746037,30,0.4594746250973754,325,0.4594746250973754,325
inject,1024,0.09523717145860511,1114.5426562379287,42.331072140921606,1607,1.494858504348209,32.0,3.7816318697540616,13,3.7816318697540616,13,3.843183155065288,670,3.843183155065288,670,4.395943936090952,13,4.395943936090952,13,3.692491808570366,1188,3.692491808570366,1188,0.4808575147454955,2363,0.4808575147454955,2363,3.648404385380573,297,3.648404385380573,297,5.121366773747237,669,5.121366773747237,669,3.702979601542915,297,3.702979601542915,297,3.4940958047306916,298,3.4940958047306916,298,0.447826702491087,291,0.447826702491087,291,4.355456638679458,298,4.355456638679458,298,4.475148395541647,298,4.475148395541647,298,4.395943936090952,13,4.395943936090952,13,4.810268719502599,298,4.810268719502599,298,0.4843413931856606,266,0.4843413931856606,266,4.517618114093824,1083,4.517618114093824,1083,5.425445479969337,669,5.425445479969337,669,4.120488835511035,299,4.120488835511035,299,4.717895523660116,1291,4.717895523660116,1291,0.5222059038365994,1051,0.5222059038365994,1051,3.2844713257816402,298,3.2844713257816402,298,3.4594918070144933,656,3.4594918070144933,656,3.279748332061787,298,3.279748332061787,298,3.404394927897908,298,3.404394927897908,298,0.42324366966270943,2272,0.42324366966270943,2272
inject,530,0.03357176501293968,526.4874645877808,41.6271345609392,1605,2.03175584199546,32.0,3.930655404004293,586,3.930655404004293,586,4.635207416501622,586,4.635207416501622,586,4.535148566509561,587,4.535148566509561,587,4.325071657593214,587,4.325071657593214,587,0.43351128940717787,538,0.43351128940717787,538,4.131453496768053,151,4.131453496768053,151,4.1579911305968755,151,4.1579911305968755,151,3.4454420678775497,586,3.4454420678775497,586,5.427223113759629,2395,5.427223113759629,2395,0.4726267713793753,145,0.4726267713793753,145,4.314608841586959,1636,4.314608841586959,1636,4.635207416501622,586,4.635207416501622,586,4.535148566509561,587,4.535148566509561,587,5.081364292595484,2396,5.081364292595484,2396,0.43351128940717787,538,0.43351128940717787,538,4.817275575272141,1643,4.817275575272141,1643,4.907483903510111,714,4.907483903510111,714,3.852548476101053,1650,3.852548476101053,1650,5.853197022373832,2396,5.853197022373832,2396,0.5280766977411435,1611,0.5280766977411435,1611,3.4648105890503107,1252,3.4648105890503107,1252,3.5324257375347177,359,3.5324257375347177,359,3.277296317576352,359,3.277296317576352,359,4.472351398871449,2397,4.472351398871449,2397,0.4815973909821096,359,0.4815973909821096,359
inject,583,0.07649675778156761,997.9617269616913,37.87827710344233,338,2.0225269815175277,32.0,4.4569245871746315,452,4.4569245871746315,452,4.876972837251934,452,4.876972837251934,452,5.039286168885959,452,5.039286168885959,452,4.732243394980922,451,4.732243394980922,451,0.4459007945302148,404,0.4459007945302148,404,4.01749246371008,1345,4.01749246371008,1345,3.889887317345913,2261,3.889887317345913,2261,3.8300809645269727,451,3.8300809645269727,451,4.181496869399898,451,4.181496869399898,451,0.4384307048368247,2255,0.4384307048368247,2255,4.5775965692417975,453,4.5775965692417975,453,5.03456475144865,417,5.03456475144865,417,5.203936615618356,453,5.203936615618356,453,5.196565813496486,1991,5.196565813496486,1991,0.5253424944000719,1975,0.5253424944000719,1975,4.760572830208866,1289,4.760572830208866,1289,5.039296714204311,438,5.039296714204311,438,4.410520338205343,438,4.410520338205343,438,4.9117462879919405,449,4.9117462879919405,449,0.543479456882459,2241,0.543479456882459,2241,3.774922869736919,2259,3.774922869736919,2259,4.074719014896324,2259,4.074719014896324,2259,3.804779527711618,449,3.804779527711618,449,4.248820876441558,449,4.248820876441558,449,0.5249883134283969,2259,0.5249883134283969,2259
inject,664,0.026590952348503838,401.00367452386774,37.82656423320086,1661,4.894602936409775,32.0,4.1337225134866165,666,4.1337225134866165,666,4.087602644898961,666,4.087602644898961,666,4.297300590219656,1663,4.297300590219656,1663,4.313367917857272,782,4.313367917857272,782,0.3311573495736015,619,0.3311573495736015,619,4.162254482818394,2338,4.162254482818394,2338,5.302444485201473,2338,5.302444485201473,2338,3.5010100952469845,664,3.5010100952469845,664,3.5332771195412973,2113,3.5332771195412973,2113,0.3690535897593105,2332,0.3690535897593105,2332,4.543978771928796,1591,4.543978771928796,1591,4.389928692729133,2344,4.389928692729133,2344,4.854235576322957,1663,4.854235576322957,1663,5.4526224341891885,1591,5.4526224341891885,1591,0.4829489027007217,1575,0.4829489027007217,1575,5.625555695905778,1534,5.625555695905778,1534,6.691761957124712,2336,6.691761957124712,2336,4.078223136608658,1067,4.078223136608658,1067,4.46266474163815,1591,4.46266474163815,1591,0.4856105192253793,1502,0.4856105192253793,1502,3.0597983552771364,7,3.0597983552771364,7,3.205642292868534,7,3.205642292868534,7,3.1633356205128917,2138,3.1633356205128917,2138,3.2847798914876485,650,3.2847798914876485,650,0.38910959585640004,7,0.38910959585640004,7
inject,184,0.17803267602115835,1558.5240897338833,44.519334056124706,631,6.5136303644636895,32.0,3.6363980799537874,1612,3.6363980799537874,1612,3.808696920638886,1612,3.808696920638886,1612,3.823211801338991,1612,3.823211801338991,1612,3.8682006510063545,1612,3.8682006510063545,1612,0.3621187590122721,1207,0.3621187590122721,1207,4.809882447674286,632,4.809882447674286,632,5.461379617502319,632,5.461379617502319,632,3.8379779805347822,808,3.8379779805347822,808,3.553333041659098,1611,3.553333041659098,1611,0.409622492601817,802,0.409622492601817,802,5.726412693361692,633,5.726412693361692,633,6.079705770120467,633,6.079705770120467,633,4.984213731694618,633,4.984213731694618,633,4.920249218255747,2362,4.920249218255747,2362,0.5137309894653324,545,0.5137309894653324,545,5.975797048309278,633,5.975797048309278,633,6.945697621779477,633,6.945697621779477,633,4.412476680015686,409,4.412476680015686,409,4.791306987599402,808,4.791306987599402,808,0.5407561183086385,597,0.5407561183086385,597,3.7549248667639996,275,3.7549248667639996,275,3.862197729978222,275,3.862197729978222,275,3.7284528175485874,275,3.7284528175485874,275,3.3525379856354656,275,3.3525379856354656,275,0.4316573434785454,275,0.4316573434785454,275
inject,298,0.4205365415947526,1832.5168575367388,40.78009382392629,1623,4.494209511476488,32.0,4.7132561644422175,454,4.7132561644422175,454,5.080152023083721,454,5.080152023083721,454,4.7482505160313035,1312,4.7482505160313035,1312,4.938127568365204,6,4.938127568365204,6,0.4200731967505308,1575,0.4200731967505308,1575,5.772272461759092,456,5.772272461759092,456,6.305717333423526,456,6.305717333423526,456,4.16322471904675,1312,4.16322471904675,1312,5.102764812157347,8,5.102764812157347,8,0.4577625524594724,451,0.4577625524594724,451,5.465077215325874,453,5.465077215325874,453,5.78959372242026,453,5.78959372242026,453,4.96678929352225,1312,4.96678929352225,1312,4.9610697418356695,6,4.9610697418356695,6,0.499662057877943,2238,0.499662057877943,2238,7.054848327152095,455,7.054848327152095,455,7.715047361868188,455,7.715047361868188,455,4.508472646861611,455,4.508472646861611,455,5.335139125240965,7,5.335139125240965,7,0.5148701646403016,462,0.5148701646403016,462,3.4418679396098084,457,3.4418679396098084,457,3.7537243829141294,457,3.7537243829141294,457,3.3253353721574372,877,3.3253353721574372,877,3.343666192986023,5,3.343666192986023,5,0.4440414157981261,877,0.4440414157981261,877
inject,1131,0.49169009583841394,1291.6757820281941,36.92354206061934,1435,6.044475694874013,32.0,5.477133300047472,1435,5.477133300047472,1435,5.576654902425281,1435,5.576654902425281,1435,6.1081383918669765,1435,6.1081383918669765,1435,6.372403584563922,1435,6.372403584563922,1435,0.499780119104357,1387,0.499780119104357,1387,5.212475359279685,1436,5.212475359279685,1436,5.218774191575007,1436,5.218774191575007,1436,4.939031608192366,1436,4.939031608192366,1436,5.214750662950056,1436,5.214750662950056,1436,0.43425849989986703,1430,0.43425849989986703,1430,5.817677863566565,1435,5.817677863566565,1435,5.932735214232615,1435,5.932735214232615,1435,6.407094775754635,1435,6.407094775754635,1435,6.842194893349561,1435,6.842194893349561,1435,0.5209331623623369,1395,0.5209331623623369,1395,7.817532778627147,1094,7.817532778627147,1094,8.753448979574763,1094,8.753448979574763,1094,5.406452038195886,1436,5.406452038195886,1436,5.75455492180804,1436,5.75455492180804,1436,0.5247842025873218,1062,0.5247842025873218,1062,4.079848656474462,942,4.079848656474462,942,3.9074847513645916,2303,3.9074847513645916,2303,3.906786767347877,942,3.906786767347877,942,3.528723697188731,1435,3.528723697188731,1435,0.5135109288490894,942,0.5135109288490894,942
inject,772,0.14492910853267982,1145.6838391109495,32.88386326481363,303,5.772285855892979,33.0,4.402528611299373,2173,4.402528611299373,2173,4.639264423852196,2173,4.639264423852196,2173,4.658429254332987,2085,4.658429254332987,2085,4.571816323275257,2085,4.571816323275257,2085,0.39658908434067613,2125,0.39658908434067613,2125,4.452993197648963,2175,4.452993197648963,2175,4.856334097028657,2175,4.856334097028657,2175,4.394522753203524,2175,4.394522753203524,2175,3.999208845267734,2174,3.999208845267734,2174,0.4001273561268146,1421,0.4001273561268146,1421,4.917911165188092,951,4.917911165188092,951,5.180095647671283,951,5.180095647671283,951,4.7749685118318945,2173,4.7749685118318945,2173,5.130255108973737,2173,5.130255108973737,2173,0.47527837507838294,2307,0.47527837507838294,2307,4.9309093967198345,2174,4.9309093967198345,2174,5.36699203286522,2174,5.36699203286522,2174,4.901555670116714,2174,4.901555670116714,2174,4.547416817776246,2174,4.547416817776246,2174,0.5532889658373011,910,0.5532889658373011,910,3.5985312803081646,2323,3.5985312803081646,2323,4.356285771106859,2323,4.356285771106859,2323,3.5913175905966046,2137,3.5913175905966046,2137,3.4693778683393135,2136,3.4693778683393135,2136,0.528954406285309,1219,0.528954406285309,1219
inject,605,0.12481825860251627,1274.5973513863248,41.52012340007722,1977,5.875780818750907,32.0,3.448162997069947,1976,3.448162997069947,1976,3.4199444227967652,1976,3.4199444227967652,1976,3.7694557526444568,1337,3.7694557526444568,1337,4.1401647785304485,2393,4.1401647785304485,2393,0.39004240309913735,1928,0.39004240309913735,1928,3.5715937603213836,1758,3.5715937603213836,1758,3.384941379848259,1758,3.384941379848259,1758,3.5337357279840016,1977,3.5337357279840016,1977,4.5209899674691405,2395,4.5209899674691405,2395,0.3932734519698815,1971,0.3932734519698815,1971,4.311588970159413,1876,4.311588970159413,1876,4.3584697286044864,652,4.3584697286044864,652,4.273068493101452,1876,4.273068493101452,1876,4.925684914420239,1876,4.925684914420239,1876,0.4941278823135626,1852,0.4941278823135626,1852,4.506526181335331,2164,4.506526181335331,2164,4.283699921966047,646,4.283699921966047,646,4.474594807558949,2163,4.474594807558949,2163,4.719752789818993,2394,4.719752789818993,2394,0.48288380727231345,2132,0.48288380727231345,2132,2.857784906283502,367,2.857784906283502,367,2.8366842345379055,367,2.8366842345379055,367,2.8721942159240266,980,2.8721942159240266,980,2.8765500316261132,1201,2.8765500316261132,1201,0.35803227123500325,367,0.35803227123500325,367
inject,834,0.1317812042623866,1401.0636980423053,41.17432160130162,707,3.315627861780481,32.0,2.96014430173325,2024,2.96014430173325,2024,3.0933896712157645,1025,3.0933896712157645,1025,3.006023606311922,1874,3.006023606311922,1874,2.972460280846039,1511,2.972460280846039,1511,0.36182700944526974,2354,0.36182700944526974,2354,3.4956710089711582,2133,3.4956710089711582,2133,3.3075169946152854,2133,3.3075169946152854,2133,2.977192143217673,2023,2.977192143217673,2023,3.1849961809238403,171,3.1849961809238403,171,0.3909274072431339,2328,0.3909274072431339,2328,4.045490492168359,171,4.045490492168359,171,4.247928603558111,811,4.247928603558111,811,4.06568699196832,171,4.06568699196832,171,4.904700110964004,171,4.904700110964004,171,0.5402920476462192,2374,0.5402920476462192,2374,4.064256191714966,1689,4.064256191714966,1689,4.060077070292278,2219,4.060077070292278,2219,3.760939591080272,2195,3.760939591080272,2195,4.0538627742279045,2195,4.0538627742279045,2195,0.4792821179035228,2338,0.4792821179035228,2338,3.162028794238317,1896,3.162028794238317,1896,3.1425225123702254,1896,3.1425225123702254,1896,3.240569759103289,1896,3.240569759103289,1896,3.1676551779657367,1896,3.1676551779657367,1896,0.42428361024638533,2382,0.42428361024638533,2382
inject,434,0.058749715137673464,305.87022944934546,39.36360565322118,1744,3.77062735666391,32.0,4.056457145752015,694,4.056457145752015,694,4.172373656219718,2247,4.172373656219718,2247,4.6131351537680745,1676,4.6131351537680745,1676,4.47575281703516,1676,4.47575281703516,1676,0.34058201483237366,647,0.34058201483237366,647,4.35548727744094,1965,4.35548727744094,1965,5.311777614375116,2252,5.311777614375116,2252,4.360567903738882,855,4.360567903738882,855,4.331432028699087,855,4.331432028699087,855,0.4500744515785412,849,0.4500744515785412,849,5.095242359657814,1549,5.095242359657814,1549,5.6907730323552395,2247,5.6907730323552395,2247,4.810677495811655,855,4.810677495811655,855,5.478382272183739,855,5.478382272183739,855,0.479721177708515,2362,0.479721177708515,2362,5.608311790220019,2246,5.608311790220019,2246,6.900649200149474,2246,6.900649200149474,2246,4.448117240958736,855,4.448117240958736,855,4.818347696056437,855,4.818347696056437,855,0.4905946859393371,2326,0.4905946859393371,2326,2.9763260237515423,693,2.9763260237515423,693,3.460467342953732,2370,3.460467342953732,2370,2.994100540643523,927,2.994100540643523,927,3.1677561369652847,693,3.1677561369652847,693,0.4575839912572125,2370,0.4575839912572125,2370
inject,1250,0.3312958330300807,1192.5595705619307,41.71821096099647,1611,1.8877378883722835,32.0,3.898803556178643,166,3.898803556178643,166,4.234564763095419,166,4.234564763095419,166,4.122154685990485,166,4.122154685990485,166,3.8074123328412117,347,3.8074123328412117,347,0.34050560219138476,118,0.34050560219138476,118,4.285383047945664,547,4.285383047945664,547,4.265300075556726,547,4.265300075556726,547,3.791653389187302,374,3.791653389187302,374,3.981821754906754,1098,3.981821754906754,1098,0.39312692437101443,541,0.39312692437101443,541,4.850776058228428,550,4.850776058228428,550,5.119225444849745,77,5.119225444849745,77,4.697896337180214,1098,4.697896337180214,1098,5.342872480123092,1098,5.342872480123092,1098,0.495256426370609,1074,0.495256426370609,1074,4.824338024337373,552,4.824338024337373,552,5.12388313945922,83,5.12388313945922,83,4.799624642203387,1098,4.799624642203387,1098,5.563858487896288,1098,5.563858487896288,1098,0.5385679585594424,1066,0.5385679585594424,1066,3.019646749738931,777,3.019646749738931,777,3.338092346481261,777,3.338092346481261,777,2.861043447260856,376,2.861043447260856,376,3.247888000583048,1842,3.247888000583048,1842,0.4136582631974035,777,0.4136582631974035,777
inject,1258,0.15341522965563725,957.8061106098288,43.42216904608392,2082,3.5506341071067573,32.0,4.066134389835963,816,4.066134389835963,816,4.261206656809589,816,4.261206656809589,816,4.326794098679901,816,4.326794098679901,816,3.775885768814669,816,3.775885768814669,816,0.44828301073986987,768,0.44828301073986987,768,4.1653575108664125,568,4.1653575108664125,568,4.502044410024101,568,4.502044410024101,568,3.932509004705236,2175,3.932509004705236,2175,4.039547396375234,2175,4.039547396375234,2175,0.42913285877632273,2169,0.42913285877632273,2169,4.3036149027910495,816,4.3036149027910495,816,4.502088725734815,816,4.502088725734815,816,4.477545214710326,816,4.477545214710326,816,4.376632297872486,2175,4.376632297872486,2175,0.4752494102711793,760,0.4752494102711793,760,4.868477925961463,501,4.868477925961463,501,5.114120449819834,501,5.114120449819834,501,3.9914537185766785,2174,3.9914537185766785,2174,4.268664012096716,2175,4.268664012096716,2175,0.49465459702354186,100,0.49465459702354186,100,2.819848877624093,2035,2.819848877624093,2035,2.9414959527437214,2035,2.9414959527437214,2035,2.958222429115799,2035,2.958222429115799,2035,2.877422550888562,2035,2.877422550888562,2035,0.3618203736492398,1104,0.3618203736492398,1104
inject,817,0.017714873066121073,385.5044365532217,44.28159460694864,1748,3.72151393001282,32.0,4.66496014046382,2117,4.66496014046382,2117,4.052847623477523,2117,4.052847623477523,2117,4.630630933918351,2117,4.630630933918351,2117,4.1802361078036165,1648,4.1802361078036165,1648,0.3692386810125897,2068,0.3692386810125897,2068,5.14072603694514,2119,5.14072603694514,2119,4.7891106987945635,2119,4.7891106987945635,2119,4.77381337595691,2119,4.77381337595691,2119,3.782207040595099,99,3.782207040595099,99,0.4200934938671373,2113,0.4200934938671373,2113,6.463454240092081,2118,6.463454240092081,2118,5.652211404590508,2118,5.652211404590508,2118,5.463687835681892,1252,5.463687835681892,1252,5.7384991615893455,865,5.7384991615893455,865,0.5107460593103541,841,0.5107460593103541,841,5.372850735649874,1552,5.372850735649874,1552,6.264618401665218,1552,6.264618401665218,1552,4.9150165605578575,2117,4.9150165605578575,2117,4.880565339212407,866,4.880565339212407,866,0.5169277469549214,1717,0.5169277469549214,1717,3.12317834883003,2118,3.12317834883003,2118,3.1329058910822365,2251,3.1329058910822365,2251,3.087411707245488,97,3.087411707245488,97,3.220108280328135,2252,3.220108280328135,2252,0.43476859299590837,279,0.43476859299590837,279
inject,859,0.027486917252918075,447.65728607967225,34.04573542091351,1573,1.942909956174006,33.0,3.635560956569664,2266,3.635560956569664,2266,3.447510068296538,1612,3.447510068296538,1612,4.017502406428924,2182,4.017502406428924,2182,3.8628649235843118,2182,3.8628649235843118,2182,0.3978688005988691,2218,0.3978688005988691,2218,3.3970657330509404,2266,3.3970657330509404,2266,3.3021800471794234,595,3.3021800471794234,595,3.455882606150142,2266,3.455882606150142,2266,3.6203936859027204,2266,3.6203936859027204,2266,0.37734899935740335,1287,0.37734899935740335,1287,4.276565749817301,1357,4.276565749817301,1357,4.05629305706508,969,4.05629305706508,969,4.431340015670175,1357,4.431340015670175,1357,5.1722194692014645,1357,5.1722194692014645,1357,0.5175791979541924,1341,0.5175791979541924,1341,3.9730733950471535,171,3.9730733950471535,171,4.522622220748885,832,4.522622220748885,832,3.710192232667148,970,3.710192232667148,970,4.374393720336667,970,4.374393720336667,970,0.49854414520048745,1261,0.49854414520048745,1261,2.9689530043562518,291,2.9689530043562518,291,2.962641198887805,291,2.962641198887805,291,3.0581821637180426,1358,3.0581821637180426,1358,3.764419192594625,1291,3.764419192594625,1291,0.43869518938340835,1582,0.43869518938340835,1582
inject,1070,0.1534235493029692,1741.579967032689,41.50821140999206,481,5.161865213742376,32.0,4.946767158262117,1577,4.946767158262117,1577,4.9330818137049,1577,4.9330818137049,1577,5.441338042294721,1555,5.441338042294721,1555,5.788695760105371,1555,5.788695760105371,1555,0.4445838407605581,1529,0.4445838407605581,1529,4.701612123774095,1077,4.701612123774095,1077,4.755287190698742,1077,4.755287190698742,1077,4.197037577191203,1887,4.197037577191203,1887,4.367739443702161,1556,4.367739443702161,1556,0.4423264528138349,1071,0.4423264528138349,1071,5.17824975389928,1407,5.17824975389928,1407,5.259104659227889,1407,5.259104659227889,1407,5.542717126315659,1556,5.542717126315659,1556,5.975735691852297,1556,5.975735691852297,1556,0.5203928064441324,1702,0.5203928064441324,1702,5.195921213729345,635,5.195921213729345,635,5.697852566304869,635,5.697852566304869,635,4.4547195784216935,1887,4.4547195784216935,1887,4.567135450442961,1077,4.567135450442961,1077,0.4925216796626428,1045,0.4925216796626428,1045,3.22106636364239,353,3.22106636364239,353,3.3762766190350346,2260,3.3762766190350346,2260,3.571198537800985,353,3.571198537800985,353,3.730390280626732,1482,3.730390280626732,1482,0.4950816022996869,2260,0.4950816022996869,2260
inject,800,0.25223120818977696,1353.3695544320012,42.911458321457516,1965,1.0459999540373286,32.0,4.010061893585541,2212,4.010061893585541,2212,4.457627332305481,858,4.457627332305481,858,4.2561983172893,2212,4.2561983172893,2212,4.126536782608386,2212,4.126536782608386,2212,0.4210097194385665,2164,0.4210097194385665,2164,3.630722868064482,1003,3.630722868064482,1003,4.356663350825931,680,4.356663350825931,680,3.709785718040883,1678,3.709785718040883,1678,3.66642363215376,1678,3.66642363215376,1678,0.3644336624206802,997,0.3644336624206802,997,4.010061893585541,2212,4.010061893585541,2212,4.875737340756617,610,4.875737340756617,610,4.2561983172893,2212,4.2561983172893,2212,4.3540396780435655,1777,4.3540396780435655,1777,0.48068727900236996,289,0.48068727900236996,289,3.855221706356597,1839,3.855221706356597,1839,5.166316394610719,805,5.166316394610719,805,4.004975828870641,1195,4.004975828870641,1195,4.707799859391379,1195,4.707799859391379,1195,0.4559460983045034,1163,0.4559460983045034,1163,3.4906397279273316,297,3.4906397279273316,297,3.9579506466131353,759,3.9579506466131353,759,3.548412996126499,297,3.548412996126499,297,3.499543643168454,1099,3.499543643168454,1099,0.5131043082599035,297,0.5131043082599035,297
inject,953,0.2511911487997721,748.9307905228392,36.48646910653592,1422,4.321747500705626,32.0,3.99256432010225,193,3.99256432010225,193,3.9638235163465456,193,3.9638235163465456,193,4.5231969507848415,192,4.5231969507848415,192,4.067380755264857,193,4.067380755264857,193,0.3639387249212883,1374,0.3639387249212883,1374,4.136698517956746,1001,4.136698517956746,1001,4.409472927727493,1001,4.409472927727493,1001,3.9600198889570035,193,3.9600198889570035,193,3.949278910286111,1424,3.949278910286111,1424,0.40813811957706914,995,0.40813811957706914,995,4.952541025147984,1481,4.952541025147984,1481,4.828485941125737,1481,4.828485941125737,1481,4.798564290674847,1423,4.798564290674847,1423,5.419648838828769,1423,5.419648838828769,1423,0.4945602290785141,1347,0.4945602290785141,1347,4.651641227690846,1624,4.651641227690846,1624,5.048503436585825,1969,5.048503436585825,1969,5.023998213088285,192,5.023998213088285,192,5.080208972746798,192,5.080208972746798,192,0.48971348673948245,1331,0.48971348673948245,1331,3.151235154608908,1623,3.151235154608908,1623,3.1326067384440783,1000,3.1326067384440783,1000,3.350807866647759,191,3.350807866647759,191,3.3059395001668244,192,3.3059395001668244,192,0.36995896316124405,53,0.36995896316124405,53
inject,1245,0.1668623696143372,923.6805851478749,30.383318558474127,340,4.359769032998113,33.0,3.820830277340401,33,3.820830277340401,33,4.184566436612644,33,4.184566436612644,33,4.108652270595246,32,4.108652270595246,32,4.287433868660701,2378,4.287433868660701,2378,0.4227660343744287,2384,0.4227660343744287,2384,3.28487511205898,931,3.28487511205898,931,3.504749104956857,931,3.504749104956857,931,3.833390340538037,1957,3.833390340538037,1957,3.964550730371035,1957,3.964550730371035,1957,0.38444973091573775,28,0.38444973091573775,28,5.645426866181309,30,5.645426866181309,30,6.0992402818386315,30,6.0992402818386315,30,5.72338381409158,30,5.72338381409158,30,4.627547519120687,27,4.627547519120687,27,0.614613423897591,2349,0.614613423897591,2349,4.372554183383167,843,4.372554183383167,843,4.466189354875882,927,4.466189354875882,927,4.15977352024525,46,4.15977352024525,46,4.36880950134085,45,4.36880950134085,45,0.45706919745527774,2397,0.45706919745527774,2397,3.3840105546748576,2231,3.3840105546748576,2231,3.2370734865882436,558,3.2370734865882436,558,3.344190156912592,1776,3.344190156912592,1776,3.0415202046284087,1612,3.0415202046284087,1612,0.47913088309910584,2231,0.47913088309910584,2231
inject,783,0.151269664627259,1551.1710466510222,41.1973619244994,1858,3.5316423343434566,32.0,3.939848635377387,222,3.939848635377387,222,4.039102572621365,222,4.039102572621365,222,4.302088766241973,221,4.302088766241973,221,4.424080700485386,222,4.424080700485386,222,0.3971181348147616,174,0.3971181348147616,174,3.5846131840092013,1153,3.5846131840092013,1153,3.6855557999398756,906,3.6855557999398756,906,3.721846547867091,223,3.721846547867091,223,4.193376413477318,223,4.193376413477318,223,0.37009766533616906,1610,0.37009766533616906,1610,4.758904169595922,222,4.758904169595922,222,4.861809213818983,222,4.861809213818983,222,4.97607011204414,222,4.97607011204414,222,5.4715575314854465,222,5.4715575314854465,222,0.5189090209231851,2058,0.5189090209231851,2058,5.316228000822103,912,5.316228000822103,912,5.886852073026503,915,5.886852073026503,915,4.349615329548432,351,4.349615329548432,351,4.5632778083782215,1281,4.5632778083782215,1281,0.4468238798261572,910,0.4468238798261572,910,3.4512870890956124,2074,3.4512870890956124,2074,3.3857249156888227,2074,3.3857249156888227,2074,3.5635122938558155,2074,3.5635122938558155,2074,3.5244313987097704,2074,3.5244313987097704,2074,0.4572781859821422,1019,0.4572781859821422,1019
inject,832,0.03564515951213132,409.37700953042804,39.29003769141523,1592,2.240090654166148,32.0,3.329617980198311,2381,3.329617980198311,2381,3.8917261876751326,645,3.8917261876751326,645,3.773639904072563,2381,3.773639904072563,2381,3.9319486451051597,2355,3.9319486451051597,2355,0.4524719849857904,2334,0.4524719849857904,2334,4.085398143751238,2381,4.085398143751238,2381,3.9214728694502416,2381,3.9214728694502416,2381,3.801459313720011,2381,3.801459313720011,2381,3.1251227498224408,160,3.1251227498224408,160,0.5145594888677055,2375,0.5145594888677055,2375,4.768177752613307,2386,4.768177752613307,2386,4.444915329579249,2386,4.444915329579249,2386,4.022153282902934,2382,4.022153282902934,2382,4.14243557096326,422,4.14243557096326,422,0.6555113372367716,2298,0.6555113372367716,2298,4.562638973030762,2386,4.562638973030762,2386,4.681993400192386,2386,4.681993400192386,2386,4.37377327947773,2367,4.37377327947773,2367,4.023453995564232,854,4.023453995564232,854,0.549819386075688,2354,0.549819386075688,2354,3.7125118645265327,144,3.7125118645265327,144,3.5926266640016733,144,3.5926266640016733,144,3.993232170531349,2350,3.993232170531349,2350,3.643037906763411,2350,3.643037906763411,2350,0.49629982879902634,144,0.49629982879902634,144
inject,195,0.20045178113122908,1361.102168363429,35.161314676102506,1490,7.132090450776451,33.0,4.667337832276261,674,4.667337832276261,674,4.789028923842347,674,4.789028923842347,674,5.264330819130535,674,5.264330819130535,674,5.289737649743324,674,5.289737649743324,674,0.4691676482671383,626,0.4691676482671383,626,4.780008432756576,2177,4.780008432756576,2177,5.510686794578137,2177,5.510686794578137,2177,4.048562859209353,1498,4.048562859209353,1498,3.821825798447218,1498,3.821825798447218,1498,0.5119359964692581,360,0.5119359964692581,360,4.670798577581903,1494,4.670798577581903,1494,5.246828130388587,2330,5.246828130388587,2330,5.264330819130535,674,5.264330819130535,674,5.408004329012428,2330,5.408004329012428,2330,0.599977831197377,2314,0.599977831197377,2314,6.4978686841068365,228,6.4978686841068365,228,7.434954279648857,2167,7.434954279648857,2167,4.662506497951381,2330,4.662506497951381,2330,5.211235792718721,2330,5.211235792718721,2330,0.6105161399786,327,0.6105161399786,327,4.768509062049016,368,4.768509062049016,368,5.037344024572498,1214,5.037344024572498,1214,4.8596552017406145,1214,4.8596552017406145,1214,4.409155994936609,2397,4.409155994936609,2397,0.6640034745178783,368,0.6640034745178783,368
inject,1017,0.14243977094021798,1797.1589063211038,32.80628260501194,1840,5.466247576853957,33.0,3.4682515281548034,1394,3.4682515281548034,1394,3.367377960585794,1394,3.367377960585794,1394,3.775325383672665,1393,3.775325383672665,1393,3.669787491156994,94,3.669787491156994,94,0.3430985067852349,1346,0.3430985067852349,1346,4.4717904424388415,2057,4.4717904424388415,2057,4.502725345055309,2057,4.502725345055309,2057,3.5377489081977473,95,3.5377489081977473,95,3.7080894801046345,95,3.7080894801046345,95,0.44646517995967644,2308,0.44646517995967644,2308,4.387407246460921,396,4.387407246460921,396,4.395854028164106,396,4.395854028164106,396,4.3443387702006,397,4.3443387702006,397,4.999399958000284,2346,4.999399958000284,2346,0.4852078237194804,2322,0.4852078237194804,2322,4.704740944290146,720,4.704740944290146,720,4.861233107299853,720,4.861233107299853,720,4.173610527891973,2346,4.173610527891973,2346,4.699467096129529,2346,4.699467096129529,2346,0.4913551650511011,1883,0.4913551650511011,1883,2.8652577694073424,2057,2.8652577694073424,2057,2.9113200751178887,2057,2.9113200751178887,2057,2.8170471387019442,462,2.8170471387019442,462,3.286012150120836,5,3.286012150120836,5,0.42866746136814704,1920,0.42866746136814704,1920
inject,99,0.056869864726184605,692.6404650762319,44.96430624536934,1228,4.685558409628361,32.0,4.2216042655732,1020,4.2216042655732,1020,4.130894984784408,1020,4.130894984784408,1020,4.977970263035404,1020,4.977970263035404,1020,5.054676440590036,1020,5.054676440590036,1020,0.38990826163351405,972,0.38990826163351405,972,4.116426115122052,1892,4.116426115122052,1892,4.068751463595269,1892,4.068751463595269,1892,3.98486563645723,1892,3.98486563645723,1892,3.6243146094507983,1328,3.6243146094507983,1328,0.40525653562659475,326,0.40525653562659475,326,5.05109412018287,1890,5.05109412018287,1890,4.933077212881405,1890,4.933077212881405,1890,4.977970263035404,1020,4.977970263035404,1020,5.054676440590036,1020,5.054676440590036,1020,0.5605060527004204,890,0.5605060527004204,890,4.959732402334296,1911,4.959732402334296,1911,4.743097513721893,1911,4.743097513721893,1911,4.547588657922213,905,4.547588657922213,905,5.2997849994038635,905,5.2997849994038635,905,0.5705598014030582,873,0.5705598014030582,873,3.1478052560925356,542,3.1478052560925356,542,3.016554192756307,1413,3.016554192756307,1413,3.0712560178537203,1641,3.0712560178537203,1641,3.7900212259972297,1413,3.7900212259972297,1413,0.49461213288451217,898,0.49461213288451217,898
inject,1176,0.1491250864150484,1197.7119817435073,42.24691142854804,457,4.879331828807804,32.0,4.075065656581682,2193,4.075065656581682,2193,4.3311176282747015,2194,4.3311176282747015,2194,4.424206273358883,2194,4.424206273358883,2194,4.292785214502018,1941,4.292785214502018,1941,0.42037972693838394,2145,0.42037972693838394,2145,3.9149087428312117,1963,3.9149087428312117,1963,4.20786249638434,1963,4.20786249638434,1963,3.805312441588225,2083,3.805312441588225,2083,4.119057391294958,481,4.119057391294958,481,0.4064945725680513,1957,0.4064945725680513,1957,4.54808068611033,452,4.54808068611033,452,4.391497442871852,2193,4.391497442871852,2193,4.746087841605717,453,4.746087841605717,453,4.471839854889855,2193,4.471839854889855,2193,0.502428926411136,1583,0.502428926411136,1583,4.696128353477908,1450,4.696128353477908,1450,4.75569197026768,2210,4.75569197026768,2210,3.9554878667480486,2084,3.9554878667480486,2084,4.6388087667947735,480,4.6388087667947735,480,0.4682820629542952,1445,0.4682820629542952,1445,3.9249243559922817,1591,3.9249243559922817,1591,3.9424586949358167,1591,3.9424586949358167,1591,3.6712596703010996,1591,3.6712596703010996,1591,4.304655353983595,983,4.304655353983595,983,0.4867252255797447,983,0.4867252255797447,983
inject,895,0.5777368595726694,1358.8156991688093,32.19903334800592,1926,6.375253403088196,33.0,4.517711933500438,344,4.517711933500438,344,4.997182106407535,962,4.997182106407535,962,4.682224804133711,345,4.682224804133711,345,4.56049045775638,345,4.56049045775638,345,0.4367350305228623,914,0.4367350305228623,914,6.639596388701295,1927,6.639596388701295,1927,8.066574342010641,1927,8.066574342010641,1927,5.7601716879765075,1927,5.7601716879765075,1927,5.591829668960334,1927,5.591829668960334,1927,0.5907524429705032,1921,0.5907524429705032,1921,6.875783822000361,1927,6.875783822000361,1927,7.749926653273165,1927,7.749926653273165,1927,6.874171981515266,1927,6.874171981515266,1927,7.79523179033989,1927,7.79523179033989,1927,0.6694226212386457,1903,0.6694226212386457,1903,7.022409532939909,1927,7.022409532939909,1927,8.43433771888185,1927,8.43433771888185,1927,6.253314305284757,1927,6.253314305284757,1927,6.443030996457079,1927,6.443030996457079,1927,0.638756482686633,1895,0.638756482686633,1895,4.021590499715839,342,4.021590499715839,342,4.842737049722877,2396,4.842737049722877,2396,4.043496162397952,1781,4.043496162397952,1781,4.505483121493247,1347,4.505483121493247,1347,0.5554525657292462,759,0.5554525657292462,759
inject,1104,0.08861868524325112,1201.9827289715292,35.93615107511532,2013,4.42280182168823,32.0,5.310481042451313,490,5.310481042451313,490,4.728572646437282,490,4.728572646437282,490,5.787023143004456,490,5.787023143004456,490,4.800011290932115,490,4.800011290932115,490,0.3956798827974579,1222,0.3956798827974579,1222,4.4710895695393225,1787,4.4710895695393225,1787,4.249383399882937,1787,4.249383399882937,1787,4.311599611676196,491,4.311599611676196,491,3.8789852769918944,62,3.8789852769918944,62,0.3952364389191317,2335,0.3952364389191317,2335,6.3652490680390414,1790,6.3652490680390414,1790,6.246783029268712,1791,6.246783029268712,1791,6.74132869306102,491,6.74132869306102,491,5.042902082924102,491,5.042902082924102,491,0.4751172352704557,2308,0.4751172352704557,2308,5.953148417729026,1793,5.953148417729026,1793,5.629306407924502,1793,5.629306407924502,1793,4.799403961181561,490,4.799403961181561,490,5.298968607347203,1707,5.298968607347203,1707,0.5410034816932056,555,0.5410034816932056,555,3.357671790137779,63,3.357671790137779,63,3.330516045352713,63,3.330516045352713,63,3.353522358424044,63,3.353522358424044,63,3.2040720901207633,646,3.2040720901207633,646,0.4397936435148611,1199,0.4397936435148611,1199
inject,996,0.039272372110981224,426.80294340248474,37.69894620807354,2042,4.308373383560299,32.0,4.792171075140832,2025,4.792171075140832,2025,4.648964652370773,2025,4.648964652370773,2025,5.424993778976147,2087,5.424993778976147,2087,4.822579279038402,2087,4.822579279038402,2087,0.4097086456121048,2039,0.4097086456121048,2039,3.952559141963802,2030,3.952559141963802,2030,4.0902486551413135,2030,4.0902486551413135,2030,3.782921602795165,2086,3.782921602795165,2086,3.797241706063562,812,3.797241706063562,812,0.42557448341278564,211,0.42557448341278564,211,5.286635054469214,2025,5.286635054469214,2025,5.1854053562683555,2026,5.1854053562683555,2026,5.68186581389499,2087,5.68186581389499,2087,5.297850118867768,62,5.297850118867768,62,0.4936165757716206,46,0.4936165757716206,46,5.321013140715774,2026,5.321013140715774,2026,5.561701509193279,2026,5.561701509193279,2026,4.550663583616057,62,4.550663583616057,62,5.441112476810743,62,5.441112476810743,62,0.5199058289039318,30,0.5199058289039318,30,3.5509691227723486,219,3.5509691227723486,219,3.2362805031506436,219,3.2362805031506436,219,3.6742642543857933,219,3.6742642543857933,219,3.61228053954397,986,3.61228053954397,986,0.4638225139701414,219,0.4638225139701414,219
inject,133,0.09743449574733631,363.9957414741606,37.889105249300755,1123,6.533277668193141,32.0,4.418253954318765,1705,4.418253954318765,1705,4.588913522065168,1705,4.588913522065168,1705,5.020906282315406,1705,5.020906282315406,1705,4.621561217169593,1705,4.621561217169593,1705,0.4512319508337155,1657,0.4512319508337155,1657,4.6786629177338686,1623,4.6786629177338686,1623,4.911003011459603,1623,4.911003011459603,1623,4.013859003065467,14,4.013859003065467,14,3.8297602999259195,1623,3.8297602999259195,1623,0.4841655844590314,1617,0.4841655844590314,1617,5.115241921854504,2159,5.115241921854504,2159,5.339441560439874,2159,5.339441560439874,2159,5.057353240742478,1704,5.057353240742478,1704,5.228100866570825,2221,5.228100866570825,2221,0.5130653114663564,2205,0.5130653114663564,2205,5.434215665701733,2156,5.434215665701733,2156,5.717477197966737,2156,5.717477197966737,2156,4.678322825094632,2222,4.678322825094632,2222,5.522781016849061,2222,5.522781016849061,2222,0.5550673825094615,2124,0.5550673825094615,2124,3.9465452538249086,211,3.9465452538249086,211,4.088381071519279,881,4.088381071519279,881,4.189156780097629,1804,4.189156780097629,1804,4.372530476053228,2397,4.372530476053228,2397,0.5061887362997829,2052,0.5061887362997829,2052
inject,274,0.4236162553514756,1949.9261900576842,39.14749407206436,1888,6.364428598968523,32.0,4.988831659858692,656,4.988831659858692,656,5.912706523160439,656,5.912706523160439,656,5.535788489402022,656,5.535788489402022,656,4.981017533422496,656,4.981017533422496,656,0.4537567023825835,608,0.4537567023825835,608,5.541776552865127,975,5.541776552865127,975,6.670185300458781,975,6.670185300458781,975,4.850474801007088,657,4.850474801007088,657,4.617836598452776,657,4.617836598452776,657,0.5182857281015868,969,0.5182857281015868,969,4.988831659858692,656,4.988831659858692,656,5.912706523160439,656,5.912706523160439,656,5.535788489402022,656,5.535788489402022,656,5.650532937785899,1531,5.650532937785899,1531,0.4860858669364367,959,0.4860858669364367,959,5.4830083944289365,1889,5.4830083944289365,1889,7.368543742389122,454,7.368543742389122,454,5.198996978780746,657,5.198996978780746,657,5.355313816373965,1531,5.355313816373965,1531,0.5828225502674858,422,0.5828225502674858,422,4.304527281960363,972,4.304527281960363,972,5.021097003308547,972,5.021097003308547,972,3.9566676309560913,972,3.9566676309560913,972,3.9356414447020116,1531,3.9356414447020116,1531,0.5106061689018806,1452,0.5106061689018806,1452
inject,1274,0.01607029523688308,1836.141467022196,41.304305049114774,977,4.167080522303726,32.0,4.480517438635055,2072,4.480517438635055,2072,4.425955134993491,2072,4.425955134993491,2072,4.540673561504399,2072,4.540673561504399,2072,4.25133574611515,2072,4.25133574611515,2072,0.43612177454671053,2024,0.43612177454671053,2024,4.624139083098509,2073,4.624139083098509,2073,4.789957966733128,671,4.789957966733128,671,4.201750151776022,2073,4.201750151776022,2073,3.9103204825828164,2073,3.9103204825828164,2073,0.4285849323732523,2067,0.4285849323732523,2067,4.7950570159323735,2187,4.7950570159323735,2187,4.64225328638657,2187,4.64225328638657,2187,4.946979710279061,2188,4.946979710279061,2188,4.4630457561339085,2072,4.4630457561339085,2072,0.4563792897152603,942,0.4563792897152603,942,4.880601748226534,944,4.880601748226534,944,5.356247207377958,944,5.356247207377958,944,4.437911253149733,2073,4.437911253149733,2073,4.466478124755691,2073,4.466478124755691,2073,0.4713859558747501,933,0.4713859558747501,933,3.299848268774275,1798,3.299848268774275,1798,3.437374814330024,958,3.437374814330024,958,3.4640906577886463,1943,3.4640906577886463,1943,3.5600130118166886,1943,3.5600130118166886,1943,0.41442979973972605,342,0.41442979973972605,342
inject,423,0.5778241634417511,1634.0236507547647,34.2551135423366,529,3.3104544167100167,33.0,3.9708357648671853,662,3.9708357648671853,662,4.060565928580052,1583,4.060565928580052,1583,4.599023895427837,1583,4.599023895427837,1583,4.223935951186972,1583,4.223935951186972,1583,0.3920972561566867,1534,0.3920972561566867,1534,4.198683431943569,1203,4.198683431943569,1203,4.255999386515116,1203,4.255999386515116,1203,3.914887387886278,1584,3.914887387886278,1584,3.77141408941751,1584,3.77141408941751,1584,0.4336351734562495,1197,0.4336351734562495,1197,4.6119047941540465,2201,4.6119047941540465,2201,4.747131874679847,2201,4.747131874679847,2201,4.599023895427837,1583,4.599023895427837,1583,4.873675699402189,786,4.873675699402189,786,0.43505264579155706,770,0.43505264579155706,770,6.1714614812587385,145,6.1714614812587385,145,6.3018438945106885,145,6.3018438945106885,145,4.07031586697518,947,4.07031586697518,947,4.385301175475945,787,4.385301175475945,787,0.5335661411600109,117,0.5335661411600109,117,3.541508219222667,53,3.541508219222667,53,3.671007737012805,53,3.671007737012805,53,3.4216820348408548,741,3.4216820348408548,741,3.071208038880592,53,3.071208038880592,53,0.46837208869061564,53,0.46837208869061564,53
inject,548,0.23599856244567585,1828.519287468865,40.67950790151781,555,5.915833454986941,32.0,4.083237429262893,1429,4.083237429262893,1429,4.222796508255752,2219,4.222796508255752,2219,4.4702619648896,2219,4.4702619648896,2219,4.034125638820053,1429,4.034125638820053,1429,0.37801349707275117,1382,0.37801349707275117,1382,4.321317762871703,1152,4.321317762871703,1152,4.332033085043825,1152,4.332033085043825,1152,4.063009152983809,1977,4.063009152983809,1977,4.018634920587743,1977,4.018634920587743,1977,0.41502760269906036,1971,0.41502760269906036,1971,4.384116632940703,1971,4.384116632940703,1971,4.581508584351617,1971,4.581508584351617,1971,4.821592987630677,2218,4.821592987630677,2218,4.571887860462487,1976,4.571887860462487,1976,0.4078685243198421,1354,0.4078685243198421,1354,4.797364160783025,1150,4.797364160783025,1150,4.834273526598387,1990,4.834273526598387,1990,4.356196163972968,1990,4.356196163972968,1990,4.537566296390311,1977,4.537566296390311,1977,0.48971557673155286,1118,0.48971557673155286,1118,3.0126884537006315,1975,3.0126884537006315,1975,3.0179025357734437,1975,3.0179025357734437,1975,3.0399248268522645,1975,3.0399248268522645,1975,3.3338967510491146,1975,3.3338967510491146,1975,0.43874777772817813,751,0.43874777772817813,751
background,969,,,,-1,5.372259601235786,,3.7731948219398634,1246,3.7731948219398634,1246,3.7036020438922055,1675,3.7036020438922055,1675,4.469150720303303,1247,4.469150720303303,1247,4.583296143692928,1246,4.583296143692928,1246,0.3638035084719585,1199,0.3638035084719585,1199,3.7714063099157347,614,3.7714063099157347,614,3.6881051783001793,614,3.6881051783001793,614,3.5458854997562392,1247,3.5458854997562392,1247,4.13374141224502,195,4.13374141224502,195,0.35034801166358565,2135,0.35034801166358565,2135,4.546803919334593,1119,4.546803919334593,1119,4.668257910428168,702,4.668257910428168,702,4.6389231727401326,193,4.6389231727401326,193,5.378933063825022,193,5.378933063825022,193,0.4472651606038257,1385,0.4472651606038257,1385,4.520862510859708,1236,4.520862510859708,1236,4.397454112633011,1889,4.397454112633011,1889,4.304067407641189,1236,4.304067407641189,1236,4.3811519355347155,703,4.3811519355347155,703,0.45724131286050423,2352,0.45724131286050423,2352,3.297228172457011,968,3.297228172457011,968,3.305971685164013,968,3.305971685164013,968,3.476211061083004,1247,3.476211061083004,1247,3.0905573805782582,347,3.0905573805782582,347,0.41434412465146603,2330,0.41434412465146603,2330
background,1250,,,,-1,1.8877378883722835,,3.8358968429067684,1440,3.8358968429067684,1440,3.6812225314413625,734,3.6812225314413625,734,3.8414595268840674,1440,3.8414595268840674,1440,4.018325389886179,2376,4.018325389886179,2376,0.40515191326045275,1392,0.40515191326045275,1392,3.420971805850557,781,3.420971805850557,781,3.5904510915620036,663,3.5904510915620036,663,3.43392635242412,1441,3.43392635242412,1441,3.8273310226600312,2376,3.8273310226600312,2376,0.3930328397767707,696,0.3930328397767707,696,5.018871739840186,787,5.018871739840186,787,4.871175782949678,787,4.871175782949678,787,4.353495238566188,732,4.353495238566188,732,4.905489100411027,732,4.905489100411027,732,0.5096487093776897,691,0.5096487093776897,691,4.830227639254637,786,4.830227639254637,786,5.258883431612587,688,5.258883431612587,688,4.338447224509144,688,4.338447224509144,688,4.915236800511256,1748,4.915236800511256,1748,0.49100124093138336,656,0.49100124093138336,656,2.7530032788091763,8,2.7530032788091763,8,2.8661030747980365,8,2.8661030747980365,8,2.716020921134763,8,2.716020921134763,8,3.2231845311881786,842,3.2231845311881786,842,0.3603113831336674,469,0.3603113831336674,469
background,600,,,,-1,4.693514517043228,,4.009003782305265,298,4.009003782305265,298,4.093731805629061,298,4.093731805629061,298,4.085958278678238,298,4.085958278678238,298,4.040989950565797,298,4.040989950565797,298,0.4156488569150751,250,0.4156488569150751,250,5.09744875700686,299,5.09744875700686,299,5.368111004723914,299,5.368111004723914,299,4.970440595585367,299,4.970440595585367,299,4.913569238746819,299,4.913569238746819,299,0.5369719300893513,293,0.5369719300893513,293,4.757037263785449,298,4.757037263785449,298,4.894442568609324,298,4.894442568609324,298,4.775370895891016,298,4.775370895891016,298,5.299183978047602,298,5.299183978047602,298,0.49677409513903065,266,0.49677409513903065,266,5.330672890721898,2116,5.330672890721898,2116,5.286454656491411,2116,5.286454656491411,2116,4.841190768367918,299,4.841190768367918,299,5.087731974749528,299,5.087731974749528,299,0.5408300738235684,406,0.5408300738235684,406,3.3446054495405892,1973,3.3446054495405892,1973,3.4955538563944613,714,3.4955538563944613,714,3.5383322542471514,1373,3.5383322542471514,1373,3.58984622558452,1373,3.58984622558452,1373,0.40551133364964165,1973,0.40551133364964165,1973
background,492,,,,-1,6.975197734311909,,4.147369701810129,1788,4.147369701810129,1788,4.102226024222225,1788,4.102226024222225,1788,4.462820353383862,1788,4.462820353383862,1788,4.4412164952790425,1788,4.4412164952790425,1788,0.4330912844858994,1740,0.4330912844858994,1740,4.024128537471378,2277,4.024128537471378,2277,3.9732345043701947,2277,3.9732345043701947,2277,3.870158848695366,2277,3.870158848695366,2277,3.8035188042566284,1163,3.8035188042566284,1163,0.41101751034463624,2271,0.41101751034463624,2271,4.319601242105535,1163,4.319601242105535,1163,4.208755465009033,898,4.208755465009033,898,4.724000655575978,898,4.724000655575978,898,4.948479482718754,1163,4.948479482718754,1163,0.48138970650976787,1562,0.48138970650976787,1562,4.084282924253687,1788,4.084282924253687,1788,4.6525846822747505,11,4.6525846822747505,11,4.129065396771806,1163,4.129065396771806,1163,4.549631352638577,1340,4.549631352638577,1340,0.4502645571832128,1308,0.4502645571832128,1308,3.6393355776611234,251,3.6393355776611234,251,3.7408578327981585,251,3.7408578327981585,251,3.7463467537076,927,3.7463467537076,927,3.2663417667745738,2134,3.2663417667745738,2134,0.536500188542016,251,0.536500188542016,251
background,831,,,,-1,7.014206546286719,,3.5107857149887463,520,3.5107857149887463,520,3.6220497367228996,520,3.6220497367228996,520,3.832007283702759,520,3.832007283702759,520,3.6920122486058937,520,3.6920122486058937,520,0.37411493775567406,634,0.37411493775567406,634,4.001551385799128,2321,4.001551385799128,2321,4.447858474104014,680,4.447858474104014,680,3.4354535512853146,680,3.4354535512853146,680,3.7611973741182108,793,3.7611973741182108,793,0.4457582311312132,2315,0.4457582311312132,2315,4.505811278910954,1058,4.505811278910954,1058,4.73612375935511,1058,4.73612375935511,1058,4.6830369577191995,1058,4.6830369577191995,1058,5.406308777746481,1058,5.406308777746481,1058,0.48893209783608804,291,0.48893209783608804,291,4.888483350215887,1913,4.888483350215887,1913,5.063803869183419,1913,5.063803869183419,1913,4.624710251850661,393,4.624710251850661,393,5.349344594705613,393,5.349344594705613,393,0.4830325874986654,2388,0.4830325874986654,2388,3.4489381068032845,1449,3.4489381068032845,1449,3.515276647300287,679,3.515276647300287,679,3.661418707322979,1933,3.661418707322979,1933,3.569354389884277,1058,3.569354389884277,1058,0.5224165389678023,420,0.5224165389678023,420
background,207,,,,-1,1.792526654809139,,4.159588148948922,1535,4.159588148948922,1535,4.4597938903045815,775,4.4597938903045815,775,4.003637445810743,433,4.003637445810743,433,4.195493208287809,2378,4.195493208287809,2378,0.3790614311918012,1060,0.3790614311918012,1060,4.031049246882368,1534,4.031049246882368,1534,5.224383912223674,776,5.224383912223674,776,3.57862548977645,1534,3.57862548977645,1534,4.1411269256300685,776,4.1411269256300685,776,0.44387610191487054,770,0.44387610191487054,770,4.86182379175949,1533,4.86182379175949,1533,5.678735258139124,652,5.678735258139124,652,4.269740768328522,1533,4.269740768328522,1533,4.676113106166079,775,4.676113106166079,775,0.47548053060517276,926,0.47548053060517276,926,5.141142639854127,556,5.141142639854127,556,6.269853524816262,556,6.269853524816262,556,4.01248943042468,1314,4.01248943042468,1314,4.761329035848153,4,4.761329035848153,4,0.5252045140607255,2084,0.5252045140607255,2084,3.3251647334411696,932,3.3251647334411696,932,3.5819452990301395,724,3.5819452990301395,724,3.321144487902612,430,3.321144487902612,430,3.1637826977545687,651,3.1637826977545687,651,0.4380639290442834,932,0.4380639290442834,932
background,124,,,,-1,1.3237678383722973,,3.6177906612129576,367,3.6177906612129576,367,3.6435268195539865,367,3.6435268195539865,367,3.7035020530743274,367,3.7035020530743274,367,3.699391957078881,2059,3.699391957078881,2059,0.38498670199593277,319,0.38498670199593277,319,4.384376314116123,1271,4.384376314116123,1271,4.055579400056844,1271,4.055579400056844,1271,3.231644324225486,1271,3.231644324225486,1271,3.413502613987415,1191,3.413502613987415,1191,0.4487904355646676,1265,0.4487904355646676,1265,4.2492805408467,1191,4.2492805408467,1191,5.207527318351812,742,5.207527318351812,742,4.313318773486128,1191,4.313318773486128,1191,5.2121639803957445,1191,5.2121639803957445,1191,0.5157827958806391,1167,0.5157827958806391,1167,4.625293204838339,1270,4.625293204838339,1270,5.798783382858568,857,5.798783382858568,857,4.232234314797285,857,4.232234314797285,857,4.976432903489831,857,4.976432903489831,857,0.5188535705259368,1159,0.5188535705259368,1159,3.4163748384131862,1268,3.4163748384131862,1268,3.7539023552377033,675,3.7539023552377033,675,2.9148186656385806,1268,2.9148186656385806,1268,3.2740312018442657,1768,3.2740312018442657,1768,0.4544934324862536,2039,0.4544934324862536,2039
background,385,,,,-1,5.08897817330798,,7.203974364930084,111,7.203974364930084,111,7.414432270662144,111,7.414432270662144,111,7.285591654878687,111,7.285591654878687,111,6.353483430240064,111,6.353483430240064,111,0.6647635776763597,63,0.6647635776763597,63,7.822884800577368,111,7.822884800577368,111,8.228406699655029,111,8.228406699655029,111,6.200830148794488,111,6.200830148794488,111,5.001830680473719,111,5.001830680473719,111,0.6432653277695441,105,0.6432653277695441,105,7.87735701194004,110,7.87735701194004,110,8.113144618076145,110,8.113144618076145,110,7.475782525132802,111,7.475782525132802,111,6.353483430240064,111,6.353483430240064,111,0.7159244717824081,46,0.7159244717824081,46,8.744663016055059,111,8.744663016055059,111,9.261878469338987,111,9.261878469338987,111,6.479054379860701,111,6.479054379860701,111,5.184172691242781,111,5.184172691242781,111,0.7490794441675604,79,0.7490794441675604,79,4.289824414283326,108,4.289824414283326,108,4.477506015364719,108,4.477506015364719,108,3.647807632168579,108,3.647807632168579,108,3.5794300887962938,1506,3.5794300887962938,1506,0.39119609902677777,1599,0.39119609902677777,1599
background,289,,,,-1,6.459382890315934,,4.341509613363928,2015,4.341509613363928,2015,4.399798839188679,2015,4.399798839188679,2015,4.861096228675384,2015,4.861096228675384,2015,4.6458075879921,350,4.6458075879921,350,0.47626723017225714,302,0.47626723017225714,302,4.585544138689393,1617,4.585544138689393,1617,4.400761542066086,2015,4.400761542066086,2015,4.0269972888554175,2015,4.0269972888554175,2015,3.8492968454395644,352,3.8492968454395644,352,0.4718592768647506,346,0.4718592768647506,346,5.027219422215146,1893,5.027219422215146,1893,4.990798676161197,1893,4.990798676161197,1893,4.968339366757575,2015,4.968339366757575,2015,5.186560011155993,350,5.186560011155993,350,0.5220230729815561,318,0.5220230729815561,318,4.832800144742064,2226,4.832800144742064,2226,5.129311560703275,2124,5.129311560703275,2124,3.987250818768804,951,3.987250818768804,951,4.487518008294634,951,4.487518008294634,951,0.5009639400789323,919,0.5009639400789323,919,2.97630439279521,750,2.97630439279521,750,2.95183395769792,750,2.95183395769792,750,3.026226959598084,750,3.026226959598084,750,3.201940930696976,2395,3.201940930696976,2395,0.48665030415139676,750,0.48665030415139676,750
background,755,,,,-1,6.102369950747413,,5.148152525203155,313,5.148152525203155,313,5.232810235532747,313,5.232810235532747,313,5.660463100538767,313,5.660463100538767,313,5.507259329212602,313,5.507259329212602,313,0.5192755100702969,265,0.5192755100702969,265,4.720276003383787,53,4.720276003383787,53,5.147706669670304,53,5.147706669670304,53,4.136523798694345,312,4.136523798694345,312,4.019188182352807,312,4.019188182352807,312,0.41406982379891877,47,0.41406982379891877,47,6.051753957738848,58,6.051753957738848,58,6.525099942196282,58,6.525099942196282,58,5.660463100538767,313,5.660463100538767,313,5.63830424521414,313,5.63830424521414,313,0.5552553281273389,2361,0.5552553281273389,2361,6.724921061598644,60,6.724921061598644,60,7.384830842882559,60,7.384830842882559,60,4.4210847590818165,313,4.4210847590818165,313,4.65039235789268,1764,4.65039235789268,1764,0.5319156281676214,24,0.5319156281676214,24,3.0297083727442815,1556,3.0297083727442815,1556,3.312361209826201,679,3.312361209826201,679,2.9534812143735354,1556,2.9534812143735354,1556,3.2185299004516716,460,3.2185299004516716,460,0.4219676510415697,336,0.4219676510415697,336
background,857,,,,-1,2.5407028959348996,,4.334406955180675,1957,4.334406955180675,1957,4.767973844394141,2036,4.767973844394141,2036,5.093762353237508,1958,5.093762353237508,1958,4.979795621591967,2036,4.979795621591967,2036,0.45982847204533167,1987,0.45982847204533167,1987,3.790372275181802,2098,3.790372275181802,2098,3.7803911441353906,693,3.7803911441353906,693,3.903952844192918,2036,3.903952844192918,2036,4.353590193379475,2036,4.353590193379475,2036,0.3998551103345131,606,0.3998551103345131,606,4.543348943310011,1958,4.543348943310011,1958,4.9016624392976915,2035,4.9016624392976915,2035,5.399638217179064,1958,5.399638217179064,1958,5.172545360241363,1896,5.172545360241363,1896,0.45982847204533167,1987,0.45982847204533167,1987,4.909024804040935,2086,4.909024804040935,2086,4.985733223961077,704,4.985733223961077,704,3.9717792592171577,2036,3.9717792592171577,2036,4.388073571764504,2036,4.388073571764504,2036,0.5002434227660766,85,0.5002434227660766,85,2.695459484584451,717,2.695459484584451,717,3.1018601491768254,695,3.1018601491768254,695,3.132229387811833,2179,3.132229387811833,2179,3.1852797567429145,2179,3.1852797567429145,2179,0.38158274086191896,191,0.38158274086191896,191
background,140,,,,-1,5.623739707726294,,4.351533759355982,174,4.351533759355982,174,4.047275486748934,174,4.047275486748934,174,5.053623276643528,174,5.053623276643528,174,4.555498570337016,1023,4.555498570337016,1023,0.3811632471932578,975,0.3811632471932578,975,4.194434085734266,1911,4.194434085734266,1911,3.8584306958395445,1911,3.8584306958395445,1911,4.038721963688429,1024,4.038721963688429,1024,5.014583161963943,1024,5.014583161963943,1024,0.39736451477302037,1018,0.39736451477302037,1018,6.213927665580173,1907,6.213927665580173,1907,5.713205842870569,1907,5.713205842870569,1907,5.756952343916494,173,5.756952343916494,173,6.502211571459508,1024,6.502211571459508,1024,0.5727572083710122,1000,0.5727572083710122,1000,5.578932342331876,1906,5.578932342331876,1906,5.12209642043236,1906,5.12209642043236,1906,4.481531189358428,1024,4.481531189358428,1024,5.383930026589585,1024,5.383930026589585,1024,0.4968053559481613,2233,0.4968053559481613,2233,3.4936210816710487,269,3.4936210816710487,269,3.3682241413248697,686,3.3682241413248697,686,3.433804691801169,1722,3.433804691801169,1722,3.769724129850681,1025,3.769724129850681,1025,0.49465108170517863,269,0.49465108170517863,269
background,157,,,,-1,4.800986943790472,,4.4395794559744015,813,4.4395794559744015,813,4.624016080908463,813,4.624016080908463,813,4.355367727209772,813,4.355367727209772,813,4.257479788395359,812,4.257479788395359,812,0.4427123096450569,764,0.4427123096450569,764,4.6856689669645455,811,4.6856689669645455,811,5.15867974224072,811,5.15867974224072,811,4.046412450854326,811,4.046412450854326,811,4.449321834941724,635,4.449321834941724,635,0.4508669949418312,805,0.4508669949418312,805,4.672409876697127,812,4.672409876697127,812,4.882391036486038,635,4.882391036486038,635,4.637988608889166,635,4.637988608889166,635,5.332621090060272,635,5.332621090060272,635,0.5133300744617204,28,0.5133300744617204,28,4.94218724965972,811,4.94218724965972,811,5.422872909577249,814,5.422872909577249,814,4.444022787829137,811,4.444022787829137,811,4.82745189725812,44,4.82745189725812,44,0.515184785257774,12,0.515184785257774,12,3.4885469917169454,92,3.4885469917169454,92,3.616343026447983,92,3.616343026447983,92,3.5858586134607306,195,3.5858586134607306,195,3.175231373110935,1501,3.175231373110935,1501,0.4698312972273365,195,0.4698312972273365,195
background,787,,,,-1,7.496849945493354,,4.163836471822439,1327,4.163836471822439,1327,4.042575648503038,1327,4.042575648503038,1327,4.067745818907143,996,4.067745818907143,996,4.172267297891914,996,4.172267297891914,996,0.3846164505906203,948,0.3846164505906203,948,4.914572116754205,1327,4.914572116754205,1327,5.156204165286956,1327,5.156204165286956,1327,4.467889458264319,1327,4.467889458264319,1327,4.476170985242748,996,4.476170985242748,996,0.4884801257767195,1321,0.4884801257767195,1321,5.5841416246179225,996,5.5841416246179225,996,5.84111866229271,996,5.84111866229271,996,5.7985624713955675,996,5.7985624713955675,996,6.384988419894079,996,6.384988419894079,996,0.5929237721225545,964,0.5929237721225545,964,4.981793241747346,1326,4.981793241747346,1326,5.071205808858767,1326,5.071205808858767,1326,4.741262074023086,1326,4.741262074023086,1326,4.950333065699944,583,4.950333065699944,583,0.573651010013724,1294,0.573651010013724,1294,3.4789578850372243,2021,3.4789578850372243,2021,3.7582091235318913,942,3.7582091235318913,942,3.7404648967747587,1387,3.7404648967747587,1387,3.789143554705069,1328,3.789143554705069,1328,0.5452550138244459,2339,0.5452550138244459,2339
background,497,,,,-1,7.831740970652901,,4.220031660670589,747,4.220031660670589,747,4.281858097073913,747,4.281858097073913,747,4.881604011261669,747,4.881604011261669,747,4.286383912440989,746,4.286383912440989,746,0.3914354177853382,698,0.3914354177853382,698,3.680479003010208,1677,3.680479003010208,1677,3.5649027113773313,119,3.5649027113773313,119,3.4944318300533648,747,3.4944318300533648,747,3.983214523910563,1081,3.983214523910563,1081,0.4381601496860561,1671,0.4381601496860561,1671,4.6758531426896575,748,4.6758531426896575,748,4.759723290314504,748,4.759723290314504,748,5.27329483820836,747,5.27329483820836,747,4.875908839099086,320,4.875908839099086,320,0.542094523446466,1364,0.542094523446466,1364,4.246713188443158,346,4.246713188443158,346,4.4660144188350595,2007,4.4660144188350595,2007,4.230327199167747,663,4.230327199167747,663,4.658052290902662,1373,4.658052290902662,1373,0.4772326790362952,1341,0.4772326790362952,1341,3.8069486258636465,1375,3.8069486258636465,1375,3.6970545362181944,1375,3.6970545362181944,1375,3.79608668155393,1372,3.79608668155393,1372,3.735472630372803,1372,3.735472630372803,1372,0.5201621467276021,1375,0.5201621467276021,1375
background,984,,,,-1,1.7388066426655429,,3.708327671198457,1869,3.708327671198457,1869,3.532491980991973,213,3.532491980991973,213,4.148212404252552,1749,4.148212404252552,1749,3.963093442954475,1869,3.963093442954475,1869,0.4053630292099676,1821,0.4053630292099676,1821,3.7916162860170344,115,3.7916162860170344,115,3.9982640837135914,115,3.9982640837135914,115,3.1778942405224537,1751,3.1778942405224537,1751,3.5203302642243615,1133,3.5203302642243615,1133,0.376197158622787,109,0.376197158622787,109,3.8216393460886158,1869,3.8216393460886158,1869,3.676731016725072,723,3.676731016725072,723,4.2798776747081195,1749,4.2798776747081195,1749,4.3473473852066356,1515,4.3473473852066356,1515,0.43582502442116855,2084,0.43582502442116855,2084,4.474125444436468,388,4.474125444436468,388,4.590429220406554,388,4.590429220406554,388,4.0825322811741795,1516,4.0825322811741795,1516,4.566491680745948,1516,4.566491680745948,1516,0.5052100775577082,356,0.5052100775577082,356,3.3911061392980355,1749,3.3911061392980355,1749,3.8670749972168816,914,3.8670749972168816,914,3.420514751686704,1749,3.420514751686704,1749,3.2200301067591472,1749,3.2200301067591472,1749,0.39452187457172855,914,0.39452187457172855,914
background,1063,,,,-1,6.620306005155053,,4.299561655261316,835,4.299561655261316,835,4.290829119127527,835,4.290829119127527,835,4.646858671438638,1412,4.646858671438638,1412,4.788034017204915,1412,4.788034017204915,1412,0.3848265720617915,787,0.3848265720617915,787,3.908354509569493,834,3.908354509569493,834,4.097427231887999,834,4.097427231887999,834,3.940330082819307,397,3.940330082819307,397,4.1545381926333675,333,4.1545381926333675,333,0.45948804755188305,751,0.45948804755188305,751,5.035490169691885,97,5.035490169691885,97,5.1688374221832545,97,5.1688374221832545,97,4.848584169263279,1412,4.848584169263279,1412,5.177392427076761,1412,5.177392427076761,1412,0.4440319324914756,1149,0.4440319324914756,1149,4.846759970211913,96,4.846759970211913,96,5.257373954866376,96,5.257373954866376,96,4.521665679170742,1826,4.521665679170742,1826,5.125272137042419,756,5.125272137042419,756,0.5782029997679752,724,0.5782029997679752,724,3.230825711017628,91,3.230825711017628,91,3.361122110353344,91,3.361122110353344,91,3.200378509715291,1597,3.200378509715291,1597,3.431011722591507,1411,3.431011722591507,1411,0.4792016678002788,1359,0.4792016678002788,1359
background,1047,,,,-1,5.7343793829537635,,5.652300060308606,1187,5.652300060308606,1187,6.053672804618688,1187,6.053672804618688,1187,5.889509344777971,1188,5.889509344777971,1188,5.577735819238079,1187,5.577735819238079,1187,0.5275671091201524,1139,0.5275671091201524,1139,5.596071386305555,1187,5.596071386305555,1187,6.405096333000585,1187,6.405096333000585,1187,5.532787275096134,1187,5.532787275096134,1187,5.186798699066655,1188,5.186798699066655,1188,0.5539831496033615,584,0.5539831496033615,584,5.7262483258310874,1187,5.7262483258310874,1187,6.130082290387999,1187,6.130082290387999,1187,5.952098290456533,1187,5.952098290456533,1187,6.524266162155398,802,6.524266162155398,802,0.5754024988270721,770,0.5754024988270721,770,5.63487053067638,802,5.63487053067638,802,6.619394632218122,802,6.619394632218122,802,5.611190575275693,1187,5.611190575275693,1187,6.033204693618419,802,6.033204693618419,802,0.6133003268499302,770,0.6133003268499302,770,4.250663728529918,1186,4.250663728529918,1186,4.742807342852059,1186,4.742807342852059,1186,4.226065173545833,1186,4.226065173545833,1186,4.871341105239766,1186,4.871341105239766,1186,0.6230662924023241,67,0.6230662924023241,67
background,759,,,,-1,4.812990320380425,,4.803363191112289,253,4.803363191112289,253,4.80303885775548,253,4.80303885775548,253,5.058310199791886,253,5.058310199791886,253,4.825062167822265,253,4.825062167822265,253,0.4349049252478926,205,0.4349049252478926,205,4.923986776829863,363,4.923986776829863,363,5.172874020301555,363,5.172874020301555,363,4.475250751036932,363,4.475250751036932,363,4.153779396641995,2058,4.153779396641995,2058,0.47057287828582234,357,0.47057287828582234,357,4.803363191112289,253,4.803363191112289,253,4.872255368836406,2058,4.872255368836406,2058,5.075477411093328,2058,5.075477411093328,2058,5.906588056757894,2058,5.906588056757894,2058,0.5173438484961608,2025,0.5173438484961608,2025,5.076309228290115,252,5.076309228290115,252,5.205718014529498,252,5.205718014529498,252,4.461950578070364,1597,4.461950578070364,1597,4.789583701813415,2396,4.789583701813415,2396,0.47392813587076515,808,0.47392813587076515,808,3.4326757633885014,2027,3.4326757633885014,2027,3.5330661977584463,2027,3.5330661977584463,2027,3.291001560731873,1613,3.291001560731873,1613,3.363678790413869,2027,3.363678790413869,2027,0.4120624203247522,696,0.4120624203247522,696
background,341,,,,-1,3.1014000216228164,,3.6667483648274586,969,3.6667483648274586,969,4.181483012333426,969,4.181483012333426,969,4.239894858295708,969,4.239894858295708,969,4.393327071121849,205,4.393327071121849,205,0.43064560758622883,920,0.43064560758622883,920,4.645103340214005,1086,4.645103340214005,1086,4.91603896404657,1086,4.91603896404657,1086,3.5017729673029874,635,3.5017729673029874,635,3.3768617303521187,490,3.3768617303521187,490,0.3825598023549474,982,0.3825598023549474,982,4.5884311076703455,1084,4.5884311076703455,1084,4.852599002592113,1084,4.852599002592113,1084,4.239894858295708,969,4.239894858295708,969,4.831708693694209,988,4.831708693694209,988,0.4739539825042774,964,0.4739539825042774,964,5.921048006284828,1082,5.921048006284828,1082,6.26890066064702,1082,6.26890066064702,1082,4.065977550308906,196,4.065977550308906,196,4.596538347086791,988,4.596538347086791,988,0.5096026455182926,164,0.5096026455182926,164,3.212066001691026,238,3.212066001691026,238,3.0834723443923733,238,3.0834723443923733,238,3.2907959127784814,238,3.2907959127784814,238,3.219513820002829,2091,3.219513820002829,2091,0.4487808671598318,419,0.4487808671598318,419
background,167,,,,-1,5.067301311556573,,6.653419057703773,1355,6.653419057703773,1355,6.5961841777644175,1355,6.5961841777644175,1355,7.269256561020296,1355,7.269256561020296,1355,6.894346989168049,1355,6.894346989168049,1355,0.5366384611677886,1307,0.5366384611677886,1307,5.606765345741357,897,5.606765345741357,897,5.42978041912928,897,5.42978041912928,897,5.929914031351991,897,5.929914031351991,897,5.431903340689922,897,5.431903340689922,897,0.5449699756782693,891,0.5449699756782693,891,6.653419057703773,1355,6.653419057703773,1355,6.5961841777644175,1355,6.5961841777644175,1355,7.269256561020296,1355,7.269256561020296,1355,6.894346989168049,1355,6.894346989168049,1355,0.5366384611677886,1307,0.5366384611677886,1307,6.221283742954782,223,6.221283742954782,223,6.215575697241526,223,6.215575697241526,223,5.7128778048123445,897,5.7128778048123445,897,5.525690213926609,897,5.525690213926609,897,0.48834481397914675,865,0.48834481397914675,865,3.272974395506372,277,3.272974395506372,277,3.2650893645286407,277,3.2650893645286407,277,3.0786875556098248,1882,3.0786875556098248,1882,3.4427653007794303,1881,3.4427653007794303,1881,0.46854162807217886,277,0.46854162807217886,277
background,576,,,,-1,4.705679895650427,,4.5146540817278,1659,4.5146540817278,1659,3.9916148037511237,26,3.9916148037511237,26,5.3062872036134845,1659,5.3062872036134845,1659,5.461261299855321,1659,5.461261299855321,1659,0.42470709435143916,1611,0.42470709435143916,1611,4.340814832026344,1470,4.340814832026344,1470,4.645305063316419,1470,4.645305063316419,1470,4.1362765270098745,27,4.1362765270098745,27,4.5670910636301825,2393,4.5670910636301825,2393,0.4036932254848398,1464,0.4036932254848398,1464,5.047219075200383,26,5.047219075200383,26,4.671206959565784,26,4.671206959565784,26,5.367405644471756,26,5.367405644471756,26,5.754833195084247,26,5.754833195084247,26,0.49643744681227914,2393,0.49643744681227914,2393,4.968088941146893,1472,4.968088941146893,1472,5.458278162418805,1483,5.458278162418805,1483,4.550253648746635,27,4.550253648746635,27,4.9329502466064215,2392,4.9329502466064215,2392,0.5050669239005029,2236,0.5050669239005029,2236,3.120977759844384,143,3.120977759844384,143,3.270710054860843,1468,3.270710054860843,1468,3.3499675665035427,143,3.3499675665035427,143,3.60594338327477,2211,3.60594338327477,2211,0.48923971567776864,560,0.48923971567776864,560
background,1125,,,,-1,3.791285851571053,,3.8690911128488312,436,3.8690911128488312,436,4.022988998468431,1034,4.022988998468431,1034,4.280541787937505,436,4.280541787937505,436,4.26899496434605,436,4.26899496434605,436,0.4046329390396235,388,0.4046329390396235,388,3.5234808623966223,1450,3.5234808623966223,1450,3.5293189427914418,1862,3.5293189427914418,1862,3.3314283143337104,1135,3.3314283143337104,1135,3.2628998935431617,1862,3.2628998935431617,1862,0.379636941605254,2157,0.379636941605254,2157,3.8690911128488312,436,3.8690911128488312,436,4.449759942373897,745,4.449759942373897,745,4.3499656239071625,745,4.3499656239071625,745,4.323603809626074,269,4.323603809626074,269,0.45746809864397975,318,0.45746809864397975,318,3.937902364493378,1028,3.937902364493378,1028,4.151770064429959,662,4.151770064429959,662,3.539336569577478,2162,3.539336569577478,2162,3.950904391029278,663,3.950904391029278,663,0.5262555340967691,964,0.5262555340967691,964,3.7950757331641727,326,3.7950757331641727,326,3.8923726417966,326,3.8923726417966,326,3.634101172637555,326,3.634101172637555,326,3.1660958386429905,326,3.1660958386429905,326,0.4340688680019314,326,0.4340688680019314,326
background,630,,,,-1,5.659984433050614,,4.65277808478751,2297,4.65277808478751,2297,4.490113124834639,2297,4.490113124834639,2297,4.657714200591896,2297,4.657714200591896,2297,4.287893063132646,686,4.287893063132646,686,0.5152334099877711,2248,0.5152334099877711,2248,4.963184708546028,2297,4.963184708546028,2297,4.714033402407685,2297,4.714033402407685,2297,4.444835733841787,2297,4.444835733841787,2297,3.8525810425254345,1717,3.8525810425254345,1717,0.5570497283488421,2291,0.5570497283488421,2291,4.708528716042363,2294,4.708528716042363,2294,4.573018146983629,686,4.573018146983629,686,4.736993504955268,2296,4.736993504955268,2296,4.7608731585568815,686,4.7608731585568815,686,0.5404654155634473,2256,0.5404654155634473,2256,5.265083743196796,2296,5.265083743196796,2296,5.229502070192637,616,5.229502070192637,616,4.667330086673344,2296,4.667330086673344,2296,4.619458147980189,4,4.619458147980189,4,0.5787763939959512,2264,0.5787763939959512,2264,3.3736952147487163,1715,3.3736952147487163,1715,3.3771205382656193,1715,3.3771205382656193,1715,3.6208895156553846,1715,3.6208895156553846,1715,3.956468828797397,1715,3.956468828797397,1715,0.43915538653975267,2391,0.43915538653975267,2391
background,559,,,,-1,7.836584632646019,,4.786256749130175,1304,4.786256749130175,1304,4.591662427735097,1304,4.591662427735097,1304,4.875349647085299,1304,4.875349647085299,1304,4.629560211704816,604,4.629560211704816,604,0.41475208241713135,1255,0.41475208241713135,1255,4.590513713974668,1956,4.590513713974668,1956,4.584487300900112,1027,4.584487300900112,1027,3.9609091409953554,1736,3.9609091409953554,1736,3.749752244007622,2323,3.749752244007622,2323,0.4934007744266842,2317,0.4934007744266842,2317,4.861816930503356,1305,4.861816930503356,1305,4.7148878320404695,1155,4.7148878320404695,1155,4.959162073467393,1305,4.959162073467393,1305,4.914110283320843,372,4.914110283320843,372,0.443178896001838,744,0.443178896001838,744,5.168228854323966,1293,5.168228854323966,1293,5.345254254677016,1293,5.345254254677016,1293,5.255231825927817,1293,5.255231825927817,1293,5.214640942591546,1293,5.214640942591546,1293,0.5141272180799586,2291,0.5141272180799586,2291,2.917799635302057,1663,2.917799635302057,1663,3.048133563210805,1663,3.048133563210805,1663,3.1475663086978187,1980,3.1475663086978187,1980,3.328073219327493,1980,3.328073219327493,1980,0.3807181306827821,1663,0.3807181306827821,1663
background,497,,,,-1,7.831740970652901,,4.023488160382164,346,4.023488160382164,346,3.926507102086897,346,3.926507102086897,346,4.3391819390546695,346,4.3391819390546695,346,4.158929943025125,346,4.158929943025125,346,0.4043588847386321,298,0.4043588847386321,298,3.9017763620914905,122,3.9017763620914905,122,3.7614893283619457,122,3.7614893283619457,122,3.6066203690640273,122,3.6066203690640273,122,3.5955694389843815,703,3.5955694389843815,703,0.4379188399849075,116,0.4379188399849075,116,4.303115982128419,126,4.303115982128419,126,4.302618043987676,1027,4.302618043987676,1027,4.380721206881682,703,4.380721206881682,703,4.9229326282216235,1027,4.9229326282216235,1027,0.569896036757061,2007,0.569896036757061,2007,4.712478862932178,1885,4.712478862932178,1885,4.974409713168236,1885,4.974409713168236,1885,4.171909883249323,2017,4.171909883249323,2017,5.602546307118103,2016,5.602546307118103,2016,0.5224140806332047,1984,0.5224140806332047,1984,3.636718212468662,119,3.636718212468662,119,3.4775966814917214,2018,3.4775966814917214,2018,3.771640508572816,2018,3.771640508572816,2018,4.061143319799791,2015,4.061143319799791,2015,0.5474470203102892,1159,0.5474470203102892,1159
background,808,,,,-1,4.736004482748417,,3.620862757303655,1548,3.620862757303655,1548,3.619224253830102,1548,3.619224253830102,1548,3.918909978271537,1547,3.918909978271537,1547,3.8100108335692986,2136,3.8100108335692986,2136,0.3700015359672155,2088,0.3700015359672155,2088,4.408448588078323,757,4.408448588078323,757,4.611126078388711,757,4.611126078388711,757,4.178348742439319,757,4.178348742439319,757,3.80612843639124,1117,3.80612843639124,1117,0.48082090294065444,751,0.48082090294065444,751,4.285906221989249,1735,4.285906221989249,1735,4.102357310645762,1735,4.102357310645762,1735,4.00426396494477,1046,4.00426396494477,1046,4.584035292055983,2286,4.584035292055983,2286,0.457333482264133,782,0.457333482264133,782,5.96982781690239,73,5.96982781690239,73,5.687779521712009,73,5.687779521712009,73,4.626967795847604,756,4.626967795847604,756,4.384636898114974,756,4.384636898114974,756,0.5222043161536668,724,0.5222043161536668,724,3.5247681736878596,2287,3.5247681736878596,2287,3.4663781168299486,2287,3.4663781168299486,2287,3.466554451485338,1439,3.466554451485338,1439,3.1960045992067774,758,3.1960045992067774,758,0.45613103977454106,2287,0.45613103977454106,2287
background,687,,,,-1,7.790896075431839,,5.023957318401179,1751,5.023957318401179,1751,5.101198275201816,1751,5.101198275201816,1751,5.640366570588169,1751,5.640366570588169,1751,4.836603275982925,1751,4.836603275982925,1751,0.4578761565483643,1307,0.4578761565483643,1307,3.951826373556634,700,3.951826373556634,700,4.3545990190636585,700,4.3545990190636585,700,4.317677792271898,1354,4.317677792271898,1354,4.403497772867437,1354,4.403497772867437,1354,0.42210230716632346,1348,0.42210230716632346,1348,5.404832978531007,1751,5.404832978531007,1751,5.481048284542266,1751,5.481048284542266,1751,6.023710329576868,1751,6.023710329576868,1751,5.611033896677967,2217,5.611033896677967,2217,0.5458159730480673,2193,0.5458159730480673,2193,5.264413236724604,1112,5.264413236724604,1112,5.4180142931932425,1112,5.4180142931932425,1112,4.420070676718174,2217,4.420070676718174,2217,5.26400782150759,2217,5.26400782150759,2217,0.5185879303075143,2185,0.5185879303075143,2185,2.9974025279129513,262,2.9974025279129513,262,3.207810818813931,13,3.207810818813931,13,3.3781378658740437,262,3.3781378658740437,262,3.0901283263241006,575,3.0901283263241006,575,0.43260824905849216,969,0.43260824905849216,969
background,209,,,,-1,3.9734309114523545,,4.526685517288076,2334,4.526685517288076,2334,4.211914889025168,2334,4.211914889025168,2334,5.296915145032268,2334,5.296915145032268,2334,4.770620572371218,2334,4.770620572371218,2334,0.38053212458994756,1765,0.38053212458994756,1765,3.83410797526735,1785,3.83410797526735,1785,3.978686694020189,387,3.978686694020189,387,3.6054358233368213,1785,3.6054358233368213,1785,4.1538296986394485,1785,4.1538296986394485,1785,0.355589263871355,381,0.355589263871355,381,4.884829430795285,1864,4.884829430795285,1864,5.158321011862206,1864,5.158321011862206,1864,5.627268593307821,2333,5.627268593307821,2333,5.754603570177871,1864,5.754603570177871,1864,0.49557798360180233,2275,0.49557798360180233,2275,5.027987672288678,1727,5.027987672288678,1727,5.037369073143756,1727,5.037369073143756,1727,4.695571758933012,2347,4.695571758933012,2347,4.780818727737658,1784,4.780818727737658,1784,0.4650755397846041,2313,0.4650755397846041,2313,3.087163679249925,385,3.087163679249925,385,3.3862256211942254,385,3.3862256211942254,385,2.963437625697417,1148,2.963437625697417,1148,3.056321068849528,1220,3.056321068849528,1220,0.4181825425761057,84,0.4181825425761057,84
background,369,,,,-1,4.249073948986654,,3.7549462633993462,1329,3.7549462633993462,1329,3.9646329595524956,1328,3.9646329595524956,1328,4.296271510386612,1328,4.296271510386612,1328,3.7549904566215773,2385,3.7549904566215773,2385,0.37319406075253303,1396,0.37319406075253303,1396,4.484113197973729,885,4.484113197973729,885,4.264377063396124,1575,4.264377063396124,1575,3.8727462025610273,885,3.8727462025610273,885,3.2457265198166816,1575,3.2457265198166816,1575,0.4339595569053088,1569,0.4339595569053088,1569,4.884535666035202,1327,4.884535666035202,1327,5.154814250905007,1327,5.154814250905007,1327,5.212180532413712,1327,5.212180532413712,1327,4.512305778116787,1054,4.512305778116787,1054,0.492435051879374,1038,0.492435051879374,1038,4.782586673785621,1527,4.782586673785621,1527,4.8632730859292135,2152,4.8632730859292135,2152,4.396904189805888,1310,4.396904189805888,1310,6.03241486382089,2395,6.03241486382089,2395,0.49242154977073077,1022,0.49242154977073077,1022,3.2553718542481715,1045,3.2553718542481715,1045,3.176538097134188,1045,3.176538097134188,1045,3.315931615351851,2166,3.315931615351851,2166,4.391549567785215,2166,4.391549567785215,2166,0.4435193046291968,1045,0.4435193046291968,1045
background,89,,,,-1,5.522825749379924,,4.423740886626887,530,4.423740886626887,530,4.598641759512904,530,4.598641759512904,530,5.1734808425228715,530,5.1734808425228715,530,5.1002455351447535,279,5.1002455351447535,279,0.34391115321265564,915,0.34391115321265564,915,4.244906969687343,124,4.244906969687343,124,4.310034669265672,2320,4.310034669265672,2320,4.572356494713087,124,4.572356494713087,124,4.088943118232377,124,4.088943118232377,124,0.42820808852788733,2314,0.42820808852788733,2314,4.423740886626887,530,4.423740886626887,530,4.598641759512904,530,4.598641759512904,530,5.1734808425228715,530,5.1734808425228715,530,5.1002455351447535,279,5.1002455351447535,279,0.47431009892959386,586,0.47431009892959386,586,4.310414574928183,254,4.310414574928183,254,4.623627913974142,2392,4.623627913974142,2392,4.559694109554309,123,4.559694109554309,123,4.573953017903483,123,4.573953017903483,123,0.5308022217782248,2200,0.5308022217782248,2200,3.236594504432871,121,3.236594504432871,121,3.307100970535505,2321,3.307100970535505,2321,3.3977980742834193,121,3.3977980742834193,121,3.015608996990393,1518,3.015608996990393,1518,0.4246377702714134,1890,0.4246377702714134,1890
background,843,,,,-1,7.257890828943693,,4.053689784130636,281,4.053689784130636,281,4.040853566501682,281,4.040853566501682,281,4.281628068547295,281,4.281628068547295,281,3.9037013977634283,281,3.9037013977634283,281,0.40536228185094964,233,0.40536228185094964,233,4.117576952908898,1822,4.117576952908898,1822,4.0351827354567895,1822,4.0351827354567895,1822,3.6284350501726936,837,3.6284350501726936,837,3.5785289760419565,192,3.5785289760419565,192,0.4173425641479233,186,0.4173425641479233,186,5.419653473076971,1822,5.419653473076971,1822,5.316089072239266,1822,5.316089072239266,1822,4.920729715600762,508,4.920729715600762,508,4.692343063620114,1879,4.692343063620114,1879,0.4293290088024452,160,0.4293290088024452,160,5.351842432649087,2343,5.351842432649087,2343,5.543472980755145,2343,5.543472980755145,2343,3.8045893929280803,2284,3.8045893929280803,2284,4.18412629428661,1056,4.18412629428661,1056,0.48773672536106627,823,0.48773672536106627,823,3.392335060963626,1027,3.392335060963626,1027,3.468843730092338,1027,3.468843730092338,1027,3.40934631932146,1027,3.40934631932146,1027,3.6539137644774344,440,3.6539137644774344,440,0.4433396987141697,212,0.4433396987141697,212
background,808,,,,-1,4.736004482748417,,4.076577126774726,1670,4.076577126774726,1670,3.775873349705844,1670,3.775873349705844,1670,4.366315184972741,275,4.366315184972741,275,4.239544621397291,1670,4.239544621397291,1670,0.41820975851596676,1622,0.41820975851596676,1622,4.491018673836438,550,4.491018673836438,550,4.30796868357752,550,4.30796868357752,550,4.011510735450728,276,4.011510735450728,276,3.915181740974405,1669,3.915181740974405,1669,0.48580513647640516,1663,0.48580513647640516,1663,4.416268964497193,1670,4.416268964497193,1670,4.083956279171924,1670,4.083956279171924,1670,4.494689381341828,1670,4.494689381341828,1670,4.94110344755079,1670,4.94110344755079,1670,0.4632131537431457,1638,0.4632131537431457,1638,4.4116305652093155,550,4.4116305652093155,550,4.2300223931816054,550,4.2300223931816054,550,4.186870247532778,1670,4.186870247532778,1670,5.001741014886255,2393,5.001741014886255,2393,0.47234402979483425,750,0.47234402979483425,750,3.5616682098700685,1671,3.5616682098700685,1671,3.3964665652971093,1671,3.3964665652971093,1671,3.635957234147311,1671,3.635957234147311,1671,3.2230562712767785,784,3.2230562712767785,784,0.42371404791872425,1671,0.42371404791872425,1671
background,285,,,,-1,4.50616010982578,,4.561822395876188,2374,4.561822395876188,2374,5.1302641474656,1407,5.1302641474656,1407,4.835142933302364,1024,4.835142933302364,1024,4.256585609638614,2375,4.256585609638614,2375,0.4343140320751045,2354,0.4343140320751045,2354,4.500122221806131,1408,4.500122221806131,1408,5.569861388730298,1408,5.569861388730298,1408,4.668858856588452,1408,4.668858856588452,1408,4.125467957771159,1408,4.125467957771159,1408,0.45949894097712307,1402,0.45949894097712307,1402,5.097239338038377,2374,5.097239338038377,2374,5.705339048441123,2374,5.705339048441123,2374,5.423270961383308,1024,5.423270961383308,1024,4.892743199122024,361,4.892743199122024,361,0.4442018155026912,345,0.4442018155026912,345,5.132751683730058,1570,5.132751683730058,1570,5.565490500379606,1513,5.565490500379606,1513,4.673496745050079,1408,4.673496745050079,1408,4.452044146111697,1038,4.452044146111697,1038,0.5062909994078978,2257,0.5062909994078978,2257,3.2897696131689367,847,3.2897696131689367,847,3.383984202906087,1409,3.383984202906087,1409,3.327621993838317,1952,3.327621993838317,1952,3.4668345596476686,361,3.4668345596476686,361,0.42314152950175155,1099,0.42314152950175155,1099
background,4,,,,-1,5.872560948891917,,3.678231721729394,2114,3.678231721729394,2114,3.6086943815651185,2114,3.6086943815651185,2114,4.253510275574704,2114,4.253510275574704,2114,3.9572184730054523,2394,3.9572184730054523,2394,0.34578464518658897,666,0.34578464518658897,666,4.326216553495362,53,4.326216553495362,53,4.324296801607096,53,4.324296801607096,53,4.145786903177789,2116,4.145786903177789,2116,4.255224190761581,2395,4.255224190761581,2395,0.44743926386157834,47,0.44743926386157834,47,4.210529590162449,2116,4.210529590162449,2116,4.154468770748938,2116,4.154468770748938,2116,4.489163592518385,2115,4.489163592518385,2115,4.902487387553188,2116,4.902487387553188,2116,0.43748517369895434,2092,0.43748517369895434,2092,4.872849514194131,1644,4.872849514194131,1644,4.684568578498799,1644,4.684568578498799,1644,4.372542086776952,2115,4.372542086776952,2115,4.6340267034737295,358,4.6340267034737295,358,0.4482648664068477,21,0.4482648664068477,21,3.1719700283821894,381,3.1719700283821894,381,3.0284659140295003,381,3.0284659140295003,381,3.2687702122111744,381,3.2687702122111744,381,3.2811755134622076,358,3.2811755134622076,358,0.43500034971328755,418,0.43500034971328755,418
background,1089,,,,-1,5.959134945015887,,5.020646647345418,307,5.020646647345418,307,5.324642226424886,307,5.324642226424886,307,5.316809429493376,307,5.316809429493376,307,5.277745295067214,2363,5.277745295067214,2363,0.5229471465188522,2315,0.5229471465188522,2315,5.600354279249596,308,5.600354279249596,308,6.108276204181888,308,6.108276204181888,308,5.408106855860015,308,5.408106855860015,308,4.698167925063735,2362,4.698167925063735,2362,0.5712208945257593,302,0.5712208945257593,302,5.108920643957229,307,5.108920643957229,307,5.443440102201756,307,5.443440102201756,307,5.333834508614127,307,5.333834508614127,307,5.6894790578610115,2362,5.6894790578610115,2362,0.6118370181743631,2335,0.6118370181743631,2335,5.853143391214122,307,5.853143391214122,307,6.319341480097857,307,6.319341480097857,307,5.812971276810272,2362,5.812971276810272,2362,6.251004900236927,2362,6.251004900236927,2362,0.6400782044639779,2330,0.6400782044639779,2330,4.530886302678181,1351,4.530886302678181,1351,4.810700924729468,305,4.810700924729468,305,4.544953047304265,1351,4.544953047304265,1351,4.558990588394594,2363,4.558990588394594,2363,0.611964186310225,2343,0.611964186310225,2343
background,327,,,,-1,1.4674144060109615,,3.5009833233767202,716,3.5009833233767202,716,3.8113295796565456,716,3.8113295796565456,716,4.01191117320663,716,4.01191117320663,716,4.355798653853552,716,4.355798653853552,716,0.3498704368340321,668,0.3498704368340321,668,3.634896896859136,718,3.634896896859136,718,3.8946327453530913,718,3.8946327453530913,718,3.6033506966832483,718,3.6033506966832483,718,4.016046580044787,717,4.016046580044787,717,0.39492136520026233,2016,0.39492136520026233,2016,4.018507725823813,1496,4.018507725823813,1496,4.224272023022222,716,4.224272023022222,716,4.275638234301696,716,4.275638234301696,716,4.858860719677236,1496,4.858860719677236,1496,0.46064667212149424,1472,0.46064667212149424,1472,4.300932256891325,717,4.300932256891325,717,4.981915424121852,1902,4.981915424121852,1902,4.355828027998219,717,4.355828027998219,717,4.937338201558156,717,4.937338201558156,717,0.5007561712424344,1870,0.5007561712424344,1870,3.1721018480095458,715,3.1721018480095458,715,3.4267069393052307,684,3.4267069393052307,684,3.2248246489081365,715,3.2248246489081365,715,3.1187032906030523,2020,3.1187032906030523,2020,0.39942994603894616,1452,0.39942994603894616,1452
background,540,,,,-1,4.647924168910825,,3.820808668405472,1437,3.820808668405472,1437,4.181694821173556,1437,4.181694821173556,1437,4.242182736581403,1437,4.242182736581403,1437,4.32279330341476,1438,4.32279330341476,1438,0.40541513136326407,1389,0.40541513136326407,1389,4.358087629792547,889,4.358087629792547,889,4.404534421690593,2330,4.404534421690593,2330,4.091138355207046,889,4.091138355207046,889,3.9559976249044206,889,3.9559976249044206,889,0.4286571839499211,883,0.4286571839499211,883,5.002882615640035,387,5.002882615640035,387,4.961844776113013,2372,4.961844776113013,2372,4.496264223924056,890,4.496264223924056,890,5.0216633392181755,2228,5.0216633392181755,2228,0.44208827859726285,858,0.44208827859726285,858,5.34201994254711,2236,5.34201994254711,2236,5.81232290044993,2236,5.81232290044993,2236,4.161930331474984,890,4.161930331474984,890,4.286762890828177,890,4.286762890828177,890,0.5168754960948925,2336,0.5168754960948925,2336,3.2772606929466304,1096,3.2772606929466304,1096,3.1949067955238744,1096,3.1949067955238744,1096,3.315814300826321,1278,3.315814300826321,1278,3.174767017109514,1278,3.174767017109514,1278,0.41492405075919925,1096,0.41492405075919925,1096
background,501,,,,-1,4.926081653404577,,5.276510676163044,1301,5.276510676163044,1301,4.9437193053996555,1301,4.9437193053996555,1301,5.306211027596315,1301,5.306211027596315,1301,4.65039228225457,1300,4.65039228225457,1300,0.5052917961871369,1253,0.5052917961871369,1253,5.050113703640078,1301,5.050113703640078,1301,5.036852769726911,1301,5.036852769726911,1301,4.774201722340993,69,4.774201722340993,69,4.157471516831615,69,4.157471516831615,69,0.4745197988512635,63,0.4745197988512635,63,5.342977062682228,1301,5.342977062682228,1301,5.009270254415828,1301,5.009270254415828,1301,5.3879140300792905,1301,5.3879140300792905,1301,5.23043908646818,1300,5.23043908646818,1300,0.5087512423510934,1261,0.5087512423510934,1261,5.241052261077549,1301,5.241052261077549,1301,5.254515927687887,1301,5.254515927687887,1301,5.094476347493499,70,5.094476347493499,70,4.6668925487244675,1828,4.6668925487244675,1828,0.5356791203077397,2256,0.5356791203077397,2256,3.091221534982964,668,3.091221534982964,668,3.2271021478612707,2347,3.2271021478612707,2347,3.4162273214540506,668,3.4162273214540506,668,3.084959344068433,1621,3.084959344068433,1621,0.4362702978055454,400,0.4362702978055454,400
background,292,,,,-1,3.9083193680762016,,3.5840001112250226,1338,3.5840001112250226,1338,3.5419462062904863,1863,3.5419462062904863,1863,3.957751808922538,1863,3.957751808922538,1863,4.018947174915064,1863,4.018947174915064,1863,0.35247712650785545,1290,0.35247712650785545,1290,4.342819535535278,2310,4.342819535535278,2310,4.084262252973155,2310,4.084262252973155,2310,3.744181244870796,2310,3.744181244870796,2310,3.061387806679032,123,3.061387806679032,123,0.4350338901175099,2304,0.4350338901175099,2304,3.959915661547369,2310,3.959915661547369,2310,3.8765183006063157,2077,3.8765183006063157,2077,3.957751808922538,1863,3.957751808922538,1863,4.624075800366951,2077,4.624075800366951,2077,0.5100170516362307,2053,0.5100170516362307,2053,4.600405450629872,357,4.600405450629872,357,4.58873197444872,357,4.58873197444872,357,4.130397911701408,1114,4.130397911701408,1114,4.559329967206611,1114,4.559329967206611,1114,0.47117668161185833,2276,0.47117668161185833,2276,2.9757501541314437,2308,2.9757501541314437,2308,2.8106133601122605,2308,2.8106133601122605,2308,2.8775649134039707,92,2.8775649134039707,92,3.0629756656190197,418,3.0629756656190197,418,0.40541171537564513,92,0.40541171537564513,92
background,310,,,,-1,3.5488504236974525,,5.390472047960156,413,5.390472047960156,413,5.282328421193243,413,5.282328421193243,413,5.605359593912214,413,5.605359593912214,413,5.632988508628899,5,5.632988508628899,5,0.5032834429880502,365,0.5032834429880502,365,5.697793861790617,199,5.697793861790617,199,5.721145654078363,199,5.721145654078363,199,4.4968042410395,199,4.4968042410395,199,4.921200414025978,6,4.921200414025978,6,0.48274499232749774,193,0.48274499232749774,193,5.626876435744196,413,5.626876435744196,413,5.532876999009658,413,5.532876999009658,413,5.76574320918211,413,5.76574320918211,413,5.747675760905396,5,5.747675760905396,5,0.5219869054199531,357,0.5219869054199531,357,5.818953512493005,199,5.818953512493005,199,5.842677166217325,199,5.842677166217325,199,4.95172845243789,413,4.95172845243789,413,5.745464797351353,4,5.745464797351353,4,0.5170103220451259,167,0.5170103220451259,167,3.6930725349265,412,3.6930725349265,412,3.631924517580566,412,3.631924517580566,412,3.5808285652563083,412,3.5808285652563083,412,3.7551383346349487,2374,3.7551383346349487,2374,0.4700712129357626,1641,0.4700712129357626,1641
background,1171,,,,-1,5.892068209983939,,4.030853079100759,505,4.030853079100759,505,3.966289492463292,505,3.966289492463292,505,4.095058306888092,504,4.095058306888092,504,3.8422018985057007,939,3.8422018985057007,939,0.3900689887545368,1804,0.3900689887545368,1804,4.285874846566502,505,4.285874846566502,505,4.342103193759382,505,4.342103193759382,505,3.989942722270059,505,3.989942722270059,505,3.6315242674418413,623,3.6315242674418413,623,0.38244796659226427,499,0.38244796659226427,499,4.451708243378206,504,4.451708243378206,504,4.357710903720523,504,4.357710903720523,504,4.6101437676032715,503,4.6101437676032715,503,4.858677306141605,503,4.858677306141605,503,0.4340686284395918,471,0.4340686284395918,471,4.647696178395831,504,4.647696178395831,504,4.7022476760938945,504,4.7022476760938945,504,4.442850486063737,504,4.442850486063737,504,4.73930709871154,138,4.73930709871154,138,0.4423770588169708,472,0.4423770588169708,472,3.452701238068967,503,3.452701238068967,503,3.4356487182933964,503,3.4356487182933964,503,3.473000012068585,503,3.473000012068585,503,3.358883023045037,503,3.358883023045037,503,0.4988070169748429,1580,0.4988070169748429,1580
background,1275,,,,-1,4.3935774373204675,,4.55788253950432,1715,4.55788253950432,1715,4.136822760719743,1715,4.136822760719743,1715,5.059634289751282,1715,5.059634289751282,1715,4.1307378213262185,1715,4.1307378213262185,1715,0.4867348467999017,1667,0.4867348467999017,1667,4.650802116263783,156,4.650802116263783,156,4.780630118776163,156,4.780630118776163,156,4.762623796700723,1074,4.762623796700723,1074,5.0242482414821845,4,5.0242482414821845,4,0.4922741572005116,1069,0.4922741572005116,1069,5.076957348810334,1715,5.076957348810334,1715,4.627539702139827,1073,4.627539702139827,1073,5.6437710958722,1715,5.6437710958722,1715,5.377903687004679,1073,5.377903687004679,1073,0.5399211618555212,1651,0.5399211618555212,1651,4.987813713104231,1074,4.987813713104231,1074,5.396942925402058,2334,5.396942925402058,2334,5.479146972055649,1074,5.479146972055649,1074,5.5108833362481064,1074,5.5108833362481064,1074,0.5727859909505004,1042,0.5727859909505004,1042,3.4416787457031695,1073,3.4416787457031695,1073,3.464285383289976,153,3.464285383289976,153,3.788603504626608,1073,3.788603504626608,1073,3.993472363523657,1073,3.993472363523657,1073,0.42947267865930655,1225,0.42947267865930655,1225
background,511,,,,-1,6.558635467370443,,3.991073423469005,1648,3.991073423469005,1648,4.240176181843761,1648,4.240176181843761,1648,4.500309242694988,1020,4.500309242694988,1020,4.337859182800151,1020,4.337859182800151,1020,0.4210686884192854,1600,0.4210686884192854,1600,4.47733452837975,1713,4.47733452837975,1713,4.682928737429007,1713,4.682928737429007,1713,4.317332953467735,1713,4.317332953467735,1713,4.199102646984758,1713,4.199102646984758,1713,0.5149778405118074,1707,0.5149778405118074,1707,4.295511009627659,425,4.295511009627659,425,4.539132050605644,425,4.539132050605644,425,4.587870716582612,1647,4.587870716582612,1647,4.669528104506233,2393,4.669528104506233,2393,0.581564460840219,417,0.581564460840219,417,4.871021684904095,1713,4.871021684904095,1713,5.4252915664850585,550,5.4252915664850585,550,4.799783257207636,1713,4.799783257207636,1713,5.046519503615906,1713,5.046519503615906,1713,0.5711601492420902,1681,0.5711601492420902,1681,4.669744049099344,2393,4.669744049099344,2393,4.8348229797341284,2393,4.8348229797341284,2393,4.519106128370416,425,4.519106128370416,425,5.034171630710206,2393,5.034171630710206,2393,0.5944279360176189,697,0.5944279360176189,697
background,565,,,,-1,4.2910589651189674,,3.2515983645414153,1513,3.2515983645414153,1513,3.2713346892436554,7,3.2713346892436554,7,3.7909037120173115,1513,3.7909037120173115,1513,3.9043642297789556,7,3.9043642297789556,7,0.3153571797878571,943,0.3153571797878571,943,3.6729616917401375,1681,3.6729616917401375,1681,3.6294189720695633,666,3.6294189720695633,666,3.5641489818752174,1516,3.5641489818752174,1516,3.9132630158734725,8,3.9132630158734725,8,0.3752225061272968,1972,0.3752225061272968,1972,4.209261553133723,1678,4.209261553133723,1678,3.9192752203363233,697,3.9192752203363233,697,4.0695181638827,1763,4.0695181638827,1763,4.744415524686479,697,4.744415524686479,697,0.44845472167099126,1071,0.44845472167099126,1071,5.976293736237635,840,5.976293736237635,840,5.871573581833013,840,5.871573581833013,840,3.9303409874678,1753,3.9303409874678,1753,4.583827549857079,2110,4.583827549857079,2110,0.4674461931815798,602,0.4674461931815798,602,2.7490457765943046,664,2.7490457765943046,664,2.7766306739611997,666,2.7766306739611997,666,2.8349204928254617,1079,2.8349204928254617,1079,2.936629325033654,728,2.936629325033654,728,0.4053119771360653,585,0.4053119771360653,585
background,933,,,,-1,5.053642620556019,,3.7921724980578735,144,3.7921724980578735,144,3.7817393809872613,144,3.7817393809872613,144,4.0715875659419165,920,4.0715875659419165,920,5.574156156101155,3,5.574156156101155,3,0.4034473129337386,705,0.4034473129337386,705,3.933365863746507,752,3.933365863746507,752,3.953430541549341,752,3.953430541549341,752,3.816691893921123,2312,3.816691893921123,2312,6.490151522120608,4,6.490151522120608,4,0.4330036252917681,2306,0.4330036252917681,2306,4.717171900593707,736,4.717171900593707,736,4.925531633718523,736,4.925531633718523,736,4.8882034167421695,736,4.8882034167421695,736,5.946792925456344,4,5.946792925456344,4,0.5874295730065497,720,0.5874295730065497,720,5.794919104331559,823,5.794919104331559,823,5.67106495113061,823,5.67106495113061,823,4.515616722421752,736,4.515616722421752,736,6.539650142115581,4,6.539650142115581,4,0.5308676378126995,704,0.5308676378126995,704,3.5265617204530635,1588,3.5265617204530635,1588,3.5665847563526074,736,3.5665847563526074,736,3.3776139110122707,1762,3.3776139110122707,1762,3.674494130558777,1762,3.674494130558777,1762,0.44082294911163517,1588,0.44082294911163517,1588
background,782,,,,-1,1.4110521722542797,,4.290035637003016,1417,4.290035637003016,1417,3.8407360814698404,444,3.8407360814698404,444,4.752413209677814,1417,4.752413209677814,1417,4.3866381702169885,1417,4.3866381702169885,1417,0.44104861316163113,3,0.44104861316163113,3,3.7673405935649127,1419,3.7673405935649127,1419,4.227421753372788,827,4.227421753372788,827,3.8741260857266506,1419,3.8741260857266506,1419,3.969730949519962,1419,3.969730949519962,1419,0.372929188991241,46,0.372929188991241,46,4.400565919942292,1418,4.400565919942292,1418,4.771493300036109,937,4.771493300036109,937,4.752413209677814,1417,4.752413209677814,1417,4.71456746452141,1418,4.71456746452141,1418,0.44998129161163547,2218,0.44998129161163547,2218,3.9605318768370688,1417,3.9605318768370688,1417,5.222743426091675,930,5.222743426091675,930,4.112338880708277,1417,4.112338880708277,1417,4.296311876153056,1934,4.296311876153056,1934,0.43313736320017565,493,0.43313736320017565,493,3.679165200134232,2226,3.679165200134232,2226,3.8650009144354955,832,3.8650009144354955,832,3.335744179230879,2226,3.335744179230879,2226,3.283848629364705,635,3.283848629364705,635,0.443254826771312,2226,0.443254826771312,2226
background,147,,,,-1,4.313609051107318,,4.322634603008098,754,4.322634603008098,754,4.829317327054243,1676,4.829317327054243,1676,4.677405726048243,1676,4.677405726048243,1676,4.7012888982145045,715,4.7012888982145045,715,0.34943584639907976,707,0.34943584639907976,707,4.898587019320458,1263,4.898587019320458,1263,5.441407587932437,1263,5.441407587932437,1263,4.799633317709013,1263,4.799633317709013,1263,5.211660540751063,1263,5.211660540751063,1263,0.45696696873225817,1257,0.45696696873225817,1257,5.4793291940213,1733,5.4793291940213,1733,6.225460755980987,1733,6.225460755980987,1733,5.605340926022391,1263,5.605340926022391,1263,6.330464163187602,1262,6.330464163187602,1262,0.4663492998362372,1238,0.4663492998362372,1238,5.474305310652753,1733,5.474305310652753,1733,6.172046217758958,1733,6.172046217758958,1733,5.220236702317768,1263,5.220236702317768,1263,5.604798807262992,1263,5.604798807262992,1263,0.5115708676702047,2316,0.5115708676702047,2316,2.9525672553053828,349,2.9525672553053828,349,2.989486716052579,1261,2.989486716052579,1261,3.0691707343846883,2019,3.0691707343846883,2019,3.3089909181026913,2019,3.3089909181026913,2019,0.4648144530998247,1492,0.4648144530998247,1492
background,840,,,,-1,5.3844259978974165,,4.121385438331646,1108,4.121385438331646,1108,3.8546332817884483,1108,3.8546332817884483,1108,4.6029654775964275,1108,4.6029654775964275,1108,4.455945639028591,1108,4.455945639028591,1108,0.3998691580059498,1378,0.3998691580059498,1378,3.5648244189428144,2279,3.5648244189428144,2279,3.5775285049636514,2111,3.5775285049636514,2111,3.4901244843812034,2279,3.4901244843812034,2279,3.733000750417519,244,3.733000750417519,244,0.375943913455661,72,0.375943913455661,72,4.622105715877974,567,4.622105715877974,567,4.468141303956864,567,4.468141303956864,567,4.84894228138122,567,4.84894228138122,567,5.386739382104927,567,5.386739382104927,567,0.44456519485238927,1771,0.44456519485238927,1771,4.668608501931231,805,4.668608501931231,805,4.868151908535024,1596,4.868151908535024,1596,4.428450338594539,687,4.428450338594539,687,4.9850992803311325,1788,4.9850992803311325,1788,0.510811975136125,1756,0.510811975136125,1756,3.084864705451396,566,3.084864705451396,566,2.9663341189092933,566,2.9663341189092933,566,3.2341314595824744,1177,3.2341314595824744,1177,3.284124972520264,566,3.284124972520264,566,0.40830772477850635,1364,0.40830772477850635,1364
background,748,,,,-1,4.533470941825364,,3.5363528321062057,1056,3.5363528321062057,1056,3.6242081172661873,806,3.6242081172661873,806,4.2037086002198905,1057,4.2037086002198905,1057,4.045188853470422,1057,4.045188853470422,1057,0.35528358949511596,1009,0.35528358949511596,1009,3.600449311737587,806,3.600449311737587,806,3.8954052298586612,806,3.8954052298586612,806,3.662007137584609,1091,3.662007137584609,1091,3.8578603539790453,1056,3.8578603539790453,1056,0.3653431236444375,1297,0.3653431236444375,1297,5.1233402994533686,1088,5.1233402994533686,1088,5.176416753427464,1013,5.176416753427464,1013,5.125754624975648,1088,5.125754624975648,1088,4.3932971244584555,807,4.3932971244584555,807,0.4547929308539898,854,0.4547929308539898,854,4.712455685567865,112,4.712455685567865,112,5.061254316805757,112,5.061254316805757,112,4.325218051417715,1092,4.325218051417715,1092,4.713484362436607,2142,4.713484362436607,2142,0.4611981778073659,1479,0.4611981778073659,1479,3.2541424539105828,807,3.2541424539105828,807,3.4871876862917466,807,3.4871876862917466,807,3.3161391785575836,1092,3.3161391785575836,1092,3.3886274278648236,807,3.3886274278648236,807,0.42911517997411996,2220,0.42911517997411996,2220
background,442,,,,-1,6.670485407721472,,5.7704620102674795,253,5.7704620102674795,253,5.389283947322836,2253,5.389283947322836,2253,6.183859077893043,253,6.183859077893043,253,5.091586464293551,2253,5.091586464293551,2253,0.43779076336138856,2205,0.43779076336138856,2205,5.484357129893082,2254,5.484357129893082,2254,5.5316453379668395,2254,5.5316453379668395,2254,5.021740889003986,2254,5.021740889003986,2254,4.416132901220921,2254,4.416132901220921,2254,0.43378949648801496,1357,0.43378949648801496,1357,6.236321738987142,253,6.236321738987142,253,5.877373974299411,253,5.877373974299411,253,6.456657309387875,253,6.456657309387875,253,5.139589149760865,2253,5.139589149760865,2253,0.49520680066805367,189,0.49520680066805367,189,5.827550811339489,2252,5.827550811339489,2252,5.883117461568027,2252,5.883117461568027,2252,5.272944768761098,253,5.272944768761098,253,4.548747937168899,2254,4.548747937168899,2254,0.48383708453011515,466,0.48383708453011515,466,3.3816874831238164,2251,3.3816874831238164,2251,3.401901791816901,2251,3.401901791816901,2251,3.5748855238791952,666,3.5748855238791952,666,3.0855009085012277,666,3.0855009085012277,666,0.4432873843476583,1394,0.4432873843476583,1394
background,324,,,,-1,6.1892447614048685,,5.662767328451499,132,5.662767328451499,132,6.0764942385994996,132,6.0764942385994996,132,5.690600941761319,132,5.690600941761319,132,4.4429938923354735,132,4.4429938923354735,132,0.4559430191081237,84,0.4559430191081237,84,5.113689525304619,130,5.113689525304619,130,5.628961160642777,130,5.628961160642777,130,4.308073279020328,130,4.308073279020328,130,3.9399683551576277,2119,3.9399683551576277,2119,0.4794511444024597,1046,0.4794511444024597,1046,6.963471141082789,130,6.963471141082789,130,7.462635665424556,130,7.462635665424556,130,6.3003630866878035,131,6.3003630866878035,131,4.902572237920742,1051,4.902572237920742,1051,0.564627413002441,728,0.564627413002441,728,6.4018276959655385,132,6.4018276959655385,132,7.076939831664152,132,7.076939831664152,132,5.548023457505516,132,5.548023457505516,132,4.26931797048303,2118,4.26931797048303,2118,0.5134707055562477,101,0.5134707055562477,101,4.414026522876742,675,4.414026522876742,675,4.649027167294403,675,4.649027167294403,675,4.135519092089981,736,4.135519092089981,736,3.8819408958484303,736,3.8819408958484303,736,0.5877659028234671,675,0.5877659028234671,675
background,771,,,,-1,1.730500147182938,,3.360697165009101,447,3.360697165009101,447,3.8006332832964342,446,3.8006332832964342,446,3.9298148255469494,447,3.9298148255469494,447,4.096129853430837,447,4.096129853430837,447,0.3871235724723644,399,0.3871235724723644,399,3.591139366614212,84,3.591139366614212,84,3.523930852985731,552,3.523930852985731,552,3.018329097272132,84,3.018329097272132,84,3.2553146876659413,448,3.2553146876659413,448,0.35597800963211285,78,0.35597800963211285,78,3.7490705837446505,502,3.7490705837446505,502,4.072849416754827,502,4.072849416754827,502,3.931286654492655,447,3.931286654492655,447,4.511146357668569,502,4.511146357668569,502,0.4334338972277185,478,0.4334338972277185,478,4.1773109613134025,1758,4.1773109613134025,1758,4.114359685515884,502,4.114359685515884,502,3.9766066052078455,502,3.9766066052078455,502,4.586619697985106,502,4.586619697985106,502,0.4217746464095691,1813,0.4217746464095691,1813,3.311765191010802,419,3.311765191010802,419,3.795430953268137,419,3.795430953268137,419,3.2152407371470058,419,3.2152407371470058,419,2.6849363038635583,294,2.6849363038635583,294,0.36879477034478947,419,0.36879477034478947,419
background,668,,,,-1,5.799536434672913,,4.290799893056246,378,4.290799893056246,378,4.291114488032295,378,4.291114488032295,378,4.485505644684459,378,4.485505644684459,378,4.329248490234266,1074,4.329248490234266,1074,0.44362784610899314,330,0.44362784610899314,330,3.8277078603299475,379,3.8277078603299475,379,3.832988401005279,379,3.832988401005279,379,4.146868747904659,1074,4.146868747904659,1074,4.367936761166453,1074,4.367936761166453,1074,0.3919056862877202,373,0.3919056862877202,373,4.375047148270439,522,4.375047148270439,522,4.291114488032295,378,4.291114488032295,378,4.488365197729714,1073,4.488365197729714,1073,5.113763594809284,522,5.113763594809284,522,0.4813168384138739,498,0.4813168384138739,498,4.539975000725174,235,4.539975000725174,235,4.6935904122340215,235,4.6935904122340215,235,4.269986795240776,1073,4.269986795240776,1073,4.6008198317910916,1073,4.6008198317910916,1073,0.4775608158731637,1374,0.4775608158731637,1374,3.6602132570695907,931,3.6602132570695907,931,3.7350643103362717,931,3.7350643103362717,931,3.618416316400174,428,3.618416316400174,428,4.06143587648061,428,4.06143587648061,428,0.3866806445334354,931,0.3866806445334354,931
background,201,,,,-1,8.504320237265544,,5.018854702994461,1524,5.018854702994461,1524,5.101603749765168,1524,5.101603749765168,1524,5.644155279777422,1524,5.644155279777422,1524,5.5288604250104845,1524,5.5288604250104845,1524,0.43915173912558,1476,0.43915173912558,1476,5.272789783991604,1289,5.272789783991604,1289,5.419730747300611,1941,5.419730747300611,1941,4.100541998350065,1289,4.100541998350065,1289,3.6482918099812274,514,3.6482918099812274,514,0.3739418033887387,1935,0.3739418033887387,1935,5.379243090198468,1290,5.379243090198468,1290,5.382922090058637,1290,5.382922090058637,1290,5.644155279777422,1524,5.644155279777422,1524,5.5288604250104845,1524,5.5288604250104845,1524,0.43915173912558,1476,0.43915173912558,1476,5.794857468958424,1525,5.794857468958424,1525,6.2786686498027535,1590,6.2786686498027535,1590,4.50325304059818,1524,4.50325304059818,1524,4.6682332544916845,348,4.6682332544916845,348,0.513041247713547,1029,0.513041247713547,1029,4.021174311596397,1287,4.021174311596397,1287,4.046528093386998,1287,4.046528093386998,1287,3.654766804133769,512,3.654766804133769,512,3.8105776410798278,512,3.8105776410798278,512,0.38479950488463116,1353,0.38479950488463116,1353
background,197,,,,-1,4.245233964674956,,3.7857520477432653,645,3.7857520477432653,645,3.986087418288368,645,3.986087418288368,645,4.23525784671558,645,4.23525784671558,645,3.886148086399812,1950,3.886148086399812,1950,0.37963192482446906,1902,0.37963192482446906,1902,4.193497658893244,133,4.193497658893244,133,4.390328346390943,133,4.390328346390943,133,3.8591821596381775,1661,3.8591821596381775,1661,3.7257821141549887,1661,3.7257821141549887,1661,0.41302444238512265,127,0.41302444238512265,127,5.0529417478948915,969,5.0529417478948915,969,5.381767076840913,969,5.381767076840913,969,4.393800856996311,970,4.393800856996311,970,4.495756019240819,1631,4.495756019240819,1631,0.45398801921113147,1950,0.45398801921113147,1950,5.3202128205946435,131,5.3202128205946435,131,5.681818908330432,126,5.681818908330432,126,4.2336596053089135,1661,4.2336596053089135,1661,4.681015724535185,2346,4.681015724535185,2346,0.4763223562372588,2314,0.4763223562372588,2314,2.872377209557475,1632,2.872377209557475,1632,2.8295623932470324,1154,2.8295623932470324,1154,3.0345851912876167,1632,3.0345851912876167,1632,3.2807185044423877,1632,3.2807185044423877,1632,0.3958082305704581,2344,0.3958082305704581,2344
background,915,,,,-1,3.991218048915944,,5.264356697561104,131,5.264356697561104,131,4.972158595072473,423,4.972158595072473,423,5.81802573700313,423,5.81802573700313,423,5.512776651843057,423,5.512776651843057,423,0.43726845394421177,375,0.43726845394421177,375,4.3518787564578165,130,4.3518787564578165,130,3.9562202417858527,130,3.9562202417858527,130,4.226573418858333,426,4.226573418858333,426,4.2315585940913865,169,4.2315585940913865,169,0.3628234572472167,163,0.3628234572472167,163,7.849661726349287,129,7.849661726349287,129,6.952702184047183,129,6.952702184047183,129,6.735261936504656,130,6.735261936504656,130,5.558504741616102,423,5.558504741616102,423,0.5706744393000077,1932,0.5706744393000077,1932,6.116878450801561,129,6.116878450801561,129,6.364844800005079,1168,6.364844800005079,1168,5.288196077196543,133,5.288196077196543,133,5.230098303589615,1835,5.230098303589615,1835,0.503313187271562,136,0.503313187271562,136,3.9905840573023936,1940,3.9905840573023936,1940,3.806862954676033,1940,3.806862954676033,1940,4.093735805268837,1940,4.093735805268837,1940,3.8542587459211908,1940,3.8542587459211908,1940,0.530943253642844,1940,0.530943253642844,1940
background,583,,,,-1,2.0225269815175277,,3.942434628064854,658,3.942434628064854,658,4.405679031044744,658,4.405679031044744,658,4.360719251126129,658,4.360719251126129,658,4.141111018709248,1317,4.141111018709248,1317,0.3560923484446717,611,0.3560923484446717,611,3.6898831211099394,1497,3.6898831211099394,1497,4.09049580724042,659,4.09049580724042,659,3.839794971594045,659,3.839794971594045,659,4.10790314436581,501,4.10790314436581,501,0.40344780667636704,495,0.40344780667636704,495,4.472181287297344,499,4.472181287297344,499,5.022535050989007,499,5.022535050989007,499,4.628974343675455,499,4.628974343675455,499,5.333383637325532,499,5.333383637325532,499,0.4991387712487976,483,0.4991387712487976,483,4.597720991476513,1730,4.597720991476513,1730,4.545994182670798,1730,4.545994182670798,1730,4.585800808871301,1717,4.585800808871301,1717,4.762950189089957,1318,4.762950189089957,1318,0.5352788026841411,1685,0.5352788026841411,1685,4.031843092928708,1497,4.031843092928708,1497,4.482200372494197,659,4.482200372494197,659,4.166544014114672,659,4.166544014114672,659,4.315445206825182,1497,4.315445206825182,1497,0.440979990259048,537,0.440979990259048,537
background,120,,,,-1,2.1445890917214485,,3.291398946277621,2364,3.291398946277621,2364,3.2773318214647005,2364,3.2773318214647005,2364,3.8012102570078232,2364,3.8012102570078232,2364,3.9741553233758857,2364,3.9741553233758857,2364,0.3672989536870833,2316,0.3672989536870833,2316,3.9281716183123088,1917,3.9281716183123088,1917,3.7336342359155985,1917,3.7336342359155985,1917,3.4851884871787226,2365,3.4851884871787226,2365,3.639554329038283,2365,3.639554329038283,2365,0.38975103704517244,2359,0.38975103704517244,2359,3.9535426108852936,886,3.9535426108852936,886,3.9588692399585788,886,3.9588692399585788,886,3.956601376304917,1184,3.956601376304917,1184,4.674071460405134,1184,4.674071460405134,1184,0.44413703128293996,1168,0.44413703128293996,1168,4.341556335221877,694,4.341556335221877,694,4.643924701749607,694,4.643924701749607,694,3.727897507024544,1916,3.727897507024544,1916,3.999784180001326,2365,3.999784180001326,2365,0.47419916149930086,854,0.47419916149930086,854,2.802918900052479,756,2.802918900052479,756,3.2047875402804236,756,3.2047875402804236,756,3.0099892491875795,1328,3.0099892491875795,1328,3.111228722615955,1610,3.111228722615955,1610,0.39153214434069805,1707,0.39153214434069805,1707
background,1284,,,,-1,1.6029991000174593,,3.2941390804618598,1281,3.2941390804618598,1281,4.288972670493494,744,4.288972670493494,744,3.511127084276563,91,3.511127084276563,91,3.4998066680765456,91,3.4998066680765456,91,0.36066112357471847,827,0.36066112357471847,827,3.379028849841683,286,3.379028849841683,286,3.9029192013497753,286,3.9029192013497753,286,3.129468202718602,308,3.129468202718602,308,3.525110709425621,308,3.525110709425621,308,0.3748605797903707,2379,0.3748605797903707,2379,3.9093054367689173,1280,3.9093054367689173,1280,4.288972670493494,744,4.288972670493494,744,3.783910454932015,90,3.783910454932015,90,4.14216463270997,90,4.14216463270997,90,0.4337720244852354,1208,0.4337720244852354,1208,4.207113039714993,281,4.207113039714993,281,5.0087994887464395,779,5.0087994887464395,779,3.543627786617579,308,3.543627786617579,308,4.026922041433429,2366,4.026922041433429,2366,0.4459019707020386,2334,0.4459019707020386,2334,3.1686549987376518,2294,3.1686549987376518,2294,3.899685418847675,744,3.899685418847675,744,3.2741192640066537,2057,3.2741192640066537,2057,3.7677904416130636,2294,3.7677904416130636,2294,0.4174549300767558,2144,0.4174549300767558,2144
background,1125,,,,-1,3.791285851571053,,3.6589644474120484,1755,3.6589644474120484,1755,3.954950070267445,747,3.954950070267445,747,4.001567147540574,1756,4.001567147540574,1756,3.848002919663294,1756,3.848002919663294,1756,0.35548465910116556,1708,0.35548465910116556,1708,3.2802163988970046,637,3.2802163988970046,637,3.647195872943102,637,3.647195872943102,637,3.591930918600363,637,3.591930918600363,637,3.416484825290873,637,3.416484825290873,637,0.3839124948241338,631,0.3839124948241338,631,4.479025278744835,918,4.479025278744835,918,4.943041936830502,918,4.943041936830502,918,4.612577763933799,918,4.612577763933799,918,5.319231233334311,918,5.319231233334311,918,0.5409695616560071,910,0.5409695616560071,910,5.313558242787566,1845,5.313558242787566,1845,5.522379071097976,1845,5.522379071097976,1845,3.6130573018504535,637,3.6130573018504535,637,3.7753335529602845,1361,3.7753335529602845,1361,0.4462621058580503,1813,0.4462621058580503,1813,3.268699596253852,1353,3.268699596253852,1353,3.1489727852010487,918,3.1489727852010487,918,3.0439794147706216,1353,3.0439794147706216,1353,3.7343548719018504,918,3.7343548719018504,918,0.41357424354092676,740,0.41357424354092676,740
background,708,,,,-1,1.4833072646919558,,3.6814666700573784,2005,3.6814666700573784,2005,3.907910966258125,881,3.907910966258125,881,4.1404544710929505,2005,4.1404544710929505,2005,4.238788325655434,2004,4.238788325655434,2004,0.3871951452834978,325,0.3871951452834978,325,4.684637725898849,373,4.684637725898849,373,5.371858508761309,373,5.371858508761309,373,3.4498229822860145,915,3.4498229822860145,915,3.7609819220105596,4,3.7609819220105596,4,0.47399181543188373,369,0.47399181543188373,369,4.142153223987265,373,4.142153223987265,373,4.623504058819033,373,4.623504058819033,373,4.169104968548381,1978,4.169104968548381,1978,4.5899226862010085,373,4.5899226862010085,373,0.48239952083595244,341,0.48239952083595244,341,5.033189140105774,373,5.033189140105774,373,5.95662074941618,379,5.95662074941618,379,4.052307958205461,1995,4.052307958205461,1995,4.494709938053414,233,4.494709938053414,233,0.5219020666217327,341,0.5219020666217327,341,3.351219716637969,372,3.351219716637969,372,3.8142939795875623,372,3.8142939795875623,372,3.2313006599509517,1526,3.2313006599509517,1526,3.3541781163069335,2037,3.3541781163069335,2037,0.3677414485370814,993,0.3677414485370814,993
background,215,,,,-1,5.965646585538003,,3.5000323109476734,1146,3.5000323109476734,1146,3.458885768247691,1445,3.458885768247691,1445,3.773152493764474,1753,3.773152493764474,1753,4.148425684627465,241,4.148425684627465,241,0.3817968051166861,1397,0.3817968051166861,1397,4.042125736726199,2349,4.042125736726199,2349,3.8812678057562957,1531,3.8812678057562957,1531,3.2226188970060208,1531,3.2226188970060208,1531,3.766194314573198,1754,3.766194314573198,1754,0.4508279065888499,2344,0.4508279065888499,2344,3.8974476892636805,1529,3.8974476892636805,1529,3.9366615912804974,1529,3.9366615912804974,1529,3.9236024545662977,1149,3.9236024545662977,1149,4.59444627466982,1531,4.59444627466982,1531,0.505279178808501,1515,0.505279178808501,1515,4.7675664597173935,1531,4.7675664597173935,1531,4.665029414794053,1531,4.665029414794053,1531,4.299638811887793,1531,4.299638811887793,1531,4.323997585484247,1531,4.323997585484247,1531,0.5394420721424785,1499,0.5394420721424785,1499,3.397960663391061,1531,3.397960663391061,1531,3.3063473243756936,1531,3.3063473243756936,1531,3.203535454323853,1180,3.203535454323853,1180,3.3961912460470343,1180,3.3961912460470343,1180,0.39220340806082715,1531,0.39220340806082715,1531
background,1225,,,,-1,6.485176186135529,,5.070037497050279,1304,5.070037497050279,1304,5.821438227781596,1304,5.821438227781596,1304,5.377855742384466,1304,5.377855742384466,1304,5.023614133372025,1304,5.023614133372025,1304,0.46718565371021215,1256,0.46718565371021215,1256,6.053817532843476,873,6.053817532843476,873,8.020271986227424,873,8.020271986227424,873,6.25346811107634,1304,6.25346811107634,1304,6.005053453378018,1304,6.005053453378018,1304,0.5892721375324594,867,0.5892721375324594,867,6.611111984829023,1303,6.611111984829023,1303,7.563641332554564,1303,7.563641332554564,1303,6.914121888263518,1303,6.914121888263518,1303,7.5767525835272025,1303,7.5767525835272025,1303,0.6764812882900345,1279,0.6764812882900345,1279,6.695838968538379,1218,6.695838968538379,1218,8.277506370349045,1218,8.277506370349045,1218,6.574504197792263,1303,6.574504197792263,1303,6.773077184911725,1303,6.773077184911725,1303,0.7030828600483888,1186,0.7030828600483888,1186,4.373752731132787,1474,4.373752731132787,1474,5.423798129954607,1516,5.423798129954607,1516,4.641365909171682,1474,4.641365909171682,1474,4.5822660365930545,1303,4.5822660365930545,1303,0.608833623603608,1203,0.608833623603608,1203
background,418,,,,-1,4.3058906120891915,,4.532330471235595,513,4.532330471235595,513,4.7137218434856525,733,4.7137218434856525,733,4.958198058547295,513,4.958198058547295,513,4.469555195810291,514,4.469555195810291,514,0.41151311860571227,466,0.41151311860571227,466,5.1958661711630345,735,5.1958661711630345,735,5.9282041617422205,735,5.9282041617422205,735,4.102511186433635,512,4.102511186433635,512,3.595205221985666,1841,3.595205221985666,1841,0.4463353697719944,729,0.4463353697719944,729,5.7623639750237485,733,5.7623639750237485,733,6.6468997783744035,733,6.6468997783744035,733,5.130982253193281,513,5.130982253193281,513,4.594128020700269,1602,4.594128020700269,1602,0.4927382159422723,1719,0.4927382159422723,1719,6.496690962187476,52,6.496690962187476,52,7.276657594983252,52,7.276657594983252,52,4.226356965148754,513,4.226356965148754,513,3.937551082123567,1841,3.937551082123567,1841,0.5656317062958428,697,0.5656317062958428,697,3.964939387763371,1894,3.964939387763371,1894,3.903220493151618,1894,3.903220493151618,1894,3.9875012049921654,1894,3.9875012049921654,1894,3.4260470456659093,1894,3.4260470456659093,1894,0.49588866986,1894,0.49588866986,1894
background,438,,,,-1,5.289447167914362,,3.8981228326934856,231,3.8981228326934856,231,4.211504854599435,1674,4.211504854599435,1674,4.227446314950836,232,4.227446314950836,232,4.025917327090493,733,4.025917327090493,733,0.35695424207349047,184,0.35695424207349047,184,4.248672899525956,52,4.248672899525956,52,4.288273070418568,52,4.288273070418568,52,3.5715780877973597,52,3.5715780877973597,52,3.6875441456624585,827,3.6875441456624585,827,0.42886018866513553,46,0.42886018866513553,46,4.5940562013587005,1911,4.5940562013587005,1911,5.0452510422456545,1911,5.0452510422456545,1911,4.646069135313656,1248,4.646069135313656,1248,4.786679204401905,422,4.786679204401905,422,0.5534299399803945,2341,0.5534299399803945,2341,6.167841772252633,1335,6.167841772252633,1335,6.777875407215645,1335,6.777875407215645,1335,4.242766462041049,731,4.242766462041049,731,4.674470453719134,731,4.674470453719134,731,0.5825463513011678,1303,0.5825463513011678,1303,2.938824558796329,2349,2.938824558796329,2349,3.2318224630477475,1686,3.2318224630477475,1686,3.3737601455729513,327,3.3737601455729513,327,3.4269495381233535,327,3.4269495381233535,327,0.5013449868972842,2349,0.5013449868972842,2349
background,493,,,,-1,4.0994215721785805,,4.015352642765369,1001,4.015352642765369,1001,4.132709896513262,1001,4.132709896513262,1001,5.0460548274756265,1001,5.0460548274756265,1001,5.0000970284141,1001,5.0000970284141,1001,0.3622247292365042,1685,0.3622247292365042,1685,3.6358283665692537,1531,3.6358283665692537,1531,3.5800529819642573,1531,3.5800529819642573,1531,3.771903992583629,1003,3.771903992583629,1003,4.875118300472974,2395,4.875118300472974,2395,0.3996531871451888,1525,0.3996531871451888,1525,4.16961391523358,973,4.16961391523358,973,4.291978365239353,973,4.291978365239353,973,5.099362229743817,1000,5.099362229743817,1000,5.104717479150155,1000,5.104717479150155,1000,0.4400573534449851,2352,0.4400573534449851,2352,4.502970385403747,1011,4.502970385403747,1011,5.03026105445475,987,5.03026105445475,987,4.070384091833145,987,4.070384091833145,987,5.43391532761719,2395,5.43391532761719,2395,0.5066320477844087,1237,0.5066320477844087,1237,3.0868433475862784,430,3.0868433475862784,430,3.2520942651611446,430,3.2520942651611446,430,3.40052996534926,1005,3.40052996534926,1005,3.546432883837592,2395,3.546432883837592,2395,0.4489132607243442,980,0.4489132607243442,980
background,938,,,,-1,3.4247576977276233,,3.633299982643641,407,3.633299982643641,407,3.888641100533418,982,3.888641100533418,982,3.9772206400109646,982,3.9772206400109646,982,3.743077052790286,385,3.743077052790286,385,0.3481617185996334,934,0.3481617185996334,934,4.336639207670934,1927,4.336639207670934,1927,4.413657358999095,1927,4.413657358999095,1927,3.0747875071360116,985,3.0747875071360116,985,4.1068660494693,490,4.1068660494693,490,0.4264778996719675,1921,0.4264778996719675,1921,5.084772761660437,1936,5.084772761660437,1936,5.224252993088033,1936,5.224252993088033,1936,3.9854855174280566,983,3.9854855174280566,983,4.689120861292965,489,4.689120861292965,489,0.49009878116288913,1561,0.49009878116288913,1561,5.9856976456799025,1940,5.9856976456799025,1940,6.093605919461117,1940,6.093605919461117,1940,4.166496053341268,1049,4.166496053341268,1049,4.870166293367998,1049,4.870166293367998,1049,0.5196543255659192,458,0.5196543255659192,458,2.8898174385090005,1926,2.8898174385090005,1926,2.9425296870038626,1926,2.9425296870038626,1926,3.0327571572790193,1578,3.0327571572790193,1578,2.9806113878032265,1374,2.9806113878032265,1374,0.3930353321356992,1578,0.3930353321356992,1578
background,503,,,,-1,1.6920258310743825,,3.120900520021745,1668,3.120900520021745,1668,3.447059671974899,383,3.447059671974899,383,3.4296045654915353,1668,3.4296045654915353,1668,3.729039748535309,1668,3.729039748535309,1668,0.3488842319151942,1619,0.3488842319151942,1619,3.4587157951013316,1647,3.4587157951013316,1647,4.276283495236844,968,4.276283495236844,968,3.0434703147097064,1820,3.0434703147097064,1820,3.3900955890800333,531,3.3900955890800333,531,0.3925803132354853,2360,0.3925803132354853,2360,4.080618455050073,2030,4.080618455050073,2030,4.314011175198619,967,4.314011175198619,967,4.120950321044037,2031,4.120950321044037,2031,3.94695070795789,2364,3.94695070795789,2364,0.47623894432488373,1286,0.47623894432488373,1286,5.034958562390822,2049,5.034958562390822,2049,4.950393101566414,2049,4.950393101566414,2049,4.765652560078767,2049,4.765652560078767,2049,4.126796766127248,530,4.126796766127248,530,0.42204008957799505,498,0.42204008957799505,498,4.335932434998849,1294,4.335932434998849,1294,4.073250157459096,909,4.073250157459096,909,4.264571287101709,1294,4.264571287101709,1294,3.47781806923815,2135,3.47781806923815,2135,0.5496403959134886,1294,0.5496403959134886,1294
background,128,,,,-1,4.09194861578669,,3.695822185379718,803,3.695822185379718,803,4.097755930351095,803,4.097755930351095,803,3.5450628760575533,803,3.5450628760575533,803,3.829796424003277,2393,3.829796424003277,2393,0.424331116852852,755,0.424331116852852,755,4.752192267530963,804,4.752192267530963,804,5.332909722224209,804,5.332909722224209,804,3.9897293488665606,804,3.9897293488665606,804,3.771692789427892,2395,3.771692789427892,2395,0.4912294310558283,798,0.4912294310558283,798,4.728290646072678,2251,4.728290646072678,2251,4.728215074531716,2251,4.728215074531716,2251,4.568069401282767,2281,4.568069401282767,2281,5.291528220977316,2281,5.291528220977316,2281,0.5536887814481907,2265,0.5536887814481907,2265,4.8727681519487565,804,4.8727681519487565,804,5.471592169110348,804,5.471592169110348,804,4.3856961759838375,94,4.3856961759838375,94,4.532535974955983,2394,4.532535974955983,2394,0.5176898340116673,772,0.5176898340116673,772,2.9683712813151377,802,2.9683712813151377,802,3.303411629314425,802,3.303411629314425,802,3.0248988257111282,1874,3.0248988257111282,1874,3.135243863982525,701,3.135243863982525,701,0.37283793238039165,1202,0.37283793238039165,1202
background,1005,,,,-1,4.297740658981215,,4.262051447521102,2003,4.262051447521102,2003,4.372751652841853,2003,4.372751652841853,2003,4.67639954739922,2003,4.67639954739922,2003,4.7724909255351315,2003,4.7724909255351315,2003,0.47033364528448446,1955,0.47033364528448446,1955,3.9196771193659075,2003,3.9196771193659075,2003,4.222574122753158,2003,4.222574122753158,2003,3.719533358947004,2003,3.719533358947004,2003,3.666551583084869,2261,3.666551583084869,2261,0.42495424057610753,1997,0.42495424057610753,1997,4.262051447521102,2003,4.262051447521102,2003,4.372751652841853,2003,4.372751652841853,2003,4.67639954739922,2003,4.67639954739922,2003,4.7724909255351315,2003,4.7724909255351315,2003,0.5093493734385633,0,0.5093493734385633,0,5.2910802279089575,113,5.2910802279089575,113,5.530616838694893,113,5.530616838694893,113,4.060713477373793,954,4.060713477373793,954,4.316275125217707,2135,4.316275125217707,2135,0.4845469486534422,1832,0.4845469486534422,1832,3.438158121283011,217,3.438158121283011,217,3.5759253288169326,217,3.5759253288169326,217,3.401148265750849,217,3.401148265750849,217,3.3765843941628937,525,3.3765843941628937,525,0.4916503657677521,8,0.4916503657677521,8
background,868,,,,-1,5.153333771735033,,3.925556460484178,935,3.925556460484178,935,4.009986168515832,935,4.009986168515832,935,4.479080809462998,935,4.479080809462998,935,3.9794433430171736,935,3.9794433430171736,935,0.4058305118545339,886,0.4058305118545339,886,4.365941998711264,2113,4.365941998711264,2113,4.231856357961598,2113,4.231856357961598,2113,3.5873526951006274,394,3.5873526951006274,394,3.631513805451695,1957,3.631513805451695,1957,0.4470919783952412,2107,0.4470919783952412,2107,4.06951646385067,1194,4.06951646385067,1194,4.146456270693875,1194,4.146456270693875,1194,4.479080809462998,935,4.479080809462998,935,4.770668310180125,1955,4.770668310180125,1955,0.4683163438817834,1291,0.4683163438817834,1291,4.747998970694803,2108,4.747998970694803,2108,4.680464121249337,713,4.680464121249337,713,3.903221320812044,395,3.903221320812044,395,4.2466936508530875,17,4.2466936508530875,17,0.5086606175765905,2076,0.5086606175765905,2076,3.7661342287821937,2099,3.7661342287821937,2099,3.6420022445341327,1955,3.6420022445341327,1955,3.6985359997641574,1955,3.6985359997641574,1955,3.852451927923479,1955,3.852451927923479,1955,0.41458736792053635,2099,0.41458736792053635,2099
background,100,,,,-1,6.908661887239144,,5.9485988278588335,668,5.9485988278588335,668,6.10641577720786,668,6.10641577720786,668,6.402008974817404,668,6.402008974817404,668,5.6277533493735845,668,5.6277533493735845,668,0.4829014790502126,620,0.4829014790502126,620,5.413253138749828,352,5.413253138749828,352,5.586003529448158,352,5.586003529448158,352,5.152355192834207,352,5.152355192834207,352,5.270418470155772,352,5.270418470155772,352,0.4801552484516479,346,0.4801552484516479,346,6.220741360996744,668,6.220741360996744,668,6.378004732995096,668,6.378004732995096,668,6.645484468296836,668,6.645484468296836,668,5.754681059583028,351,5.754681059583028,351,0.5449686408346038,1720,0.5449686408346038,1720,6.023249153527606,668,6.023249153527606,668,6.428804971215467,668,6.428804971215467,668,5.438017444380016,351,5.438017444380016,351,5.67440908161578,351,5.67440908161578,351,0.5220335578300213,640,0.5220335578300213,640,4.332051209170048,350,4.332051209170048,350,4.386059899315317,350,4.386059899315317,350,4.291132364262072,350,4.291132364262072,350,4.6902275350664295,350,4.6902275350664295,350,0.5405708442852809,322,0.5405708442852809,322
background,651,,,,-1,2.8783818810081017,,3.863409260822289,243,3.863409260822289,243,4.133667804331044,243,4.133667804331044,243,3.972832447001307,1394,3.972832447001307,1394,4.487651388470199,4,4.487651388470199,4,0.38659621384162923,195,0.38659621384162923,195,3.9410584028359095,244,3.9410584028359095,244,4.361817483950135,244,4.361817483950135,244,3.9803537238630136,244,3.9803537238630136,244,4.713567009664517,5,4.713567009664517,5,0.4026518438356169,238,0.4026518438356169,238,4.9578262420851535,290,4.9578262420851535,290,5.173920160837257,290,5.173920160837257,290,4.663754137910229,243,4.663754137910229,243,5.318364003269688,243,5.318364003269688,243,0.4973381267341513,211,0.4973381267341513,211,4.27115770854555,291,4.27115770854555,291,4.621198892897977,291,4.621198892897977,291,4.1046655493509,244,4.1046655493509,244,4.673064770993613,5,4.673064770993613,5,0.5205891686630125,2293,0.5205891686630125,2293,3.3838505798482883,198,3.3838505798482883,198,3.7360820841671623,198,3.7360820841671623,198,3.722304573454713,198,3.722304573454713,198,3.5009346607808554,882,3.5009346607808554,882,0.4639685332272708,882,0.4639685332272708,882
background,1087,,,,-1,1.0730937941335739,,3.521836063379998,1678,3.521836063379998,1678,3.8185130331812482,865,3.8185130331812482,865,3.839924520973536,1678,3.839924520973536,1678,3.7490178050310337,1371,3.7490178050310337,1371,0.384427328883583,1774,0.384427328883583,1774,3.8859105599707395,1926,3.8859105599707395,1926,3.57399813274636,1926,3.57399813274636,1926,3.5370697721585036,1926,3.5370697721585036,1926,3.5312599783379577,1926,3.5312599783379577,1926,0.4146334458437453,1920,0.4146334458437453,1920,3.652963370656679,362,3.652963370656679,362,4.814939207262658,864,4.814939207262658,864,3.839924520973536,1678,3.839924520973536,1678,4.564977477887728,362,4.564977477887728,362,0.42461509310498047,2337,0.42461509310498047,2337,4.159222537552864,1847,4.159222537552864,1847,5.297262201254702,1003,5.297262201254702,1003,3.9944202214235918,1925,3.9944202214235918,1925,4.153905516929726,1925,4.153905516929726,1925,0.4983698394408055,1893,0.4983698394408055,1893,3.4017984372655827,1369,3.4017984372655827,1369,3.5256377721352714,772,3.5256377721352714,772,3.5141420841224997,1369,3.5141420841224997,1369,3.0706021190072303,737,3.0706021190072303,737,0.43790141115346626,1369,0.43790141115346626,1369
background,546,,,,-1,6.139117959167107,,3.9822979061497645,1860,3.9822979061497645,1860,3.844362003056277,1860,3.844362003056277,1860,4.496610279573974,1860,4.496610279573974,1860,4.9435849950429835,1860,4.9435849950429835,1860,0.39817784277571205,1812,0.39817784277571205,1812,3.862505358343898,1650,3.862505358343898,1650,3.807658701996253,1650,3.807658701996253,1650,3.8577297526955343,1650,3.8577297526955343,1650,4.212056898513373,1650,4.212056898513373,1650,0.4377213354215685,1644,0.4377213354215685,1644,4.232332793297824,1860,4.232332793297824,1860,4.091353006926032,1860,4.091353006926032,1860,4.63604647766889,1860,4.63604647766889,1860,5.138807706760725,1860,5.138807706760725,1860,0.4303320753516456,1626,0.4303320753516456,1626,5.3650080290450095,855,5.3650080290450095,855,5.180109026249903,855,5.180109026249903,855,4.4207455177969965,855,4.4207455177969965,855,4.9015572598744255,1650,4.9015572598744255,1650,0.4865475050773987,823,0.4865475050773987,823,3.521742669600961,1908,3.521742669600961,1908,3.4137939031359674,802,3.4137939031359674,802,3.323598519691457,802,3.323598519691457,802,3.77397399165787,802,3.77397399165787,802,0.3984405405493667,1908,0.3984405405493667,1908
background,274,,,,-1,6.364428598968523,,5.513414440433519,713,5.513414440433519,713,6.396513455579369,152,6.396513455579369,152,6.10947899620784,659,6.10947899620784,659,5.460844074957638,659,5.460844074957638,659,0.46095433879880954,1186,0.46095433879880954,1186,6.381271509027375,1233,6.381271509027375,1233,7.489681228353544,1233,7.489681228353544,1233,5.74948940563922,714,5.74948940563922,714,5.165138932557035,714,5.165138932557035,714,0.6127534007761825,1227,0.6127534007761825,1227,5.6530776097015245,1234,5.6530776097015245,1234,6.529093741134968,150,6.529093741134968,150,6.320476500852307,659,6.320476500852307,659,6.121160342445913,1234,6.121160342445913,1234,0.6380278202829658,552,0.6380278202829658,552,6.610352797100392,1234,6.610352797100392,1234,7.762408177352435,1234,7.762408177352435,1234,6.089607953408178,714,6.089607953408178,714,5.925363905753437,714,5.925363905753437,714,0.6017925219144361,1202,0.6017925219144361,1202,4.029740651077208,560,4.029740651077208,560,4.8538519080533185,149,4.8538519080533185,149,4.115272818530753,149,4.115272818530753,149,3.933271749366566,1235,3.933271749366566,1235,0.6001299708371561,560,0.6001299708371561,560
background,747,,,,-1,1.4395159421410926,,4.7019213571876115,1925,4.7019213571876115,1925,4.651693864062884,1925,4.651693864062884,1925,4.615036285564195,1925,4.615036285564195,1925,4.287136955117458,1925,4.287136955117458,1925,0.5076511678499532,1877,0.5076511678499532,1877,5.534323877897141,1925,5.534323877897141,1925,5.549999313401253,1925,5.549999313401253,1925,4.584202606030003,1925,4.584202606030003,1925,4.121068753769284,879,4.121068753769284,879,0.5439314718699183,1919,0.5439314718699183,1919,4.784411653285884,1925,4.784411653285884,1925,4.773549755232849,877,4.773549755232849,877,4.7908755785412085,1925,4.7908755785412085,1925,5.336986795982558,1570,5.336986795982558,1570,0.5479270030862037,1554,0.5479270030862037,1554,5.548450899013214,1924,5.548450899013214,1924,5.581835808797674,1924,5.581835808797674,1924,4.6752337924096725,1925,4.6752337924096725,1925,4.8966537266033265,1570,4.8966537266033265,1570,0.5474116262579961,1892,0.5474116262579961,1892,3.4447811951450666,1925,3.4447811951450666,1925,3.433059752448124,1925,3.433059752448124,1925,3.1010768427496944,1925,3.1010768427496944,1925,3.661908807639435,877,3.661908807639435,877,0.3984213201969378,1876,0.3984213201969378,1876
background,645,,,,-1,6.740842230375476,,4.555232981353971,306,4.555232981353971,306,4.981060524144773,306,4.981060524144773,306,4.752155886071896,1625,4.752155886071896,1625,4.754392507386279,1454,4.754392507386279,1454,0.4284864081354683,1406,0.4284864081354683,1406,5.069300206441092,352,5.069300206441092,352,5.730213740983635,352,5.730213740983635,352,4.254459888977349,352,4.254459888977349,352,4.226576460998341,1888,4.226576460998341,1888,0.5057827334459466,2084,0.5057827334459466,2084,5.092729176166634,1713,5.092729176166634,1713,5.9342659575523635,1712,5.9342659575523635,1712,4.807484730492401,1454,4.807484730492401,1454,5.37988057002334,1454,5.37988057002334,1454,0.4702120320758806,1414,0.4702120320758806,1414,5.301107656144464,355,5.301107656144464,355,6.496039440976443,1659,6.496039440976443,1659,4.413314546439694,1422,4.413314546439694,1422,4.9336056453291395,1422,4.9336056453291395,1422,0.5239738576197795,425,0.5239738576197795,425,3.554399963009235,974,3.554399963009235,974,4.10884761029213,974,4.10884761029213,974,3.585464579088661,1621,3.585464579088661,1621,3.4855281407600556,1889,3.4855281407600556,1889,0.49290648371872187,597,0.49290648371872187,597
background,561,,,,-1,1.633061949439362,,3.921253684153624,509,3.921253684153624,509,4.226830095659108,1984,4.226830095659108,1984,4.4956045876594155,509,4.4956045876594155,509,4.7660016374302145,509,4.7660016374302145,509,0.43066938866761856,461,0.43066938866761856,461,4.232971264390294,1707,4.232971264390294,1707,4.29105207429439,826,4.29105207429439,826,4.120949203469686,508,4.120949203469686,508,4.650569938203826,508,4.650569938203826,508,0.4689968978481788,502,0.4689968978481788,502,4.884873400185444,2304,4.884873400185444,2304,4.596960366645145,2304,4.596960366645145,2304,4.650170100620809,509,4.650170100620809,509,5.336930486196732,508,5.336930486196732,508,0.4809484656070128,476,0.4809484656070128,476,4.963516471335207,1700,4.963516471335207,1700,5.3684296807328575,339,5.3684296807328575,339,4.446009182020119,1707,4.446009182020119,1707,4.991278811689011,508,4.991278811689011,508,0.5289233334503406,1675,0.5289233334503406,1675,3.5692261617479324,1707,3.5692261617479324,1707,3.909989250560672,814,3.909989250560672,814,3.3511859910646646,1707,3.3511859910646646,1707,3.0336136816233243,1707,3.0336136816233243,1707,0.408426288725564,1707,0.408426288725564,1707
background,576,,,,-1,4.705679895650427,,4.346702456050784,361,4.346702456050784,361,4.2343009556225395,361,4.2343009556225395,361,4.731264611774887,361,4.731264611774887,361,4.77530325893143,4,4.77530325893143,4,0.39261639977372104,1778,0.39261639977372104,1778,4.874562012422417,278,4.874562012422417,278,4.977604717582913,278,4.977604717582913,278,4.002284364450968,1752,4.002284364450968,1752,4.851550562325084,5,4.851550562325084,5,0.4248987718475989,272,0.4248987718475989,272,4.7219325967045656,1826,4.7219325967045656,1826,4.6557829659818974,1985,4.6557829659818974,1985,4.991684797184907,1826,4.991684797184907,1826,5.4415093949025195,1985,5.4415093949025195,1985,0.4908665765077986,2262,0.4908665765077986,2262,5.738637287113151,1611,5.738637287113151,1611,5.570622759914813,1529,5.570622759914813,1529,4.430642686629179,1751,4.430642686629179,1751,5.142184408544625,5,5.142184408544625,5,0.5688145217828317,248,0.5688145217828317,248,3.619694040103561,157,3.619694040103561,157,3.5442659023312033,1518,3.5442659023312033,1518,3.577642238893741,157,3.577642238893741,157,3.8554346330459888,1866,3.8554346330459888,1866,0.43192916501052087,379,0.43192916501052087,379
background,704,,,,-1,4.010212458612499,,4.836207092273601,1184,4.836207092273601,1184,4.962663526357462,1184,4.962663526357462,1184,5.186427762488364,1184,5.186427762488364,1184,4.669879989739096,1157,4.669879989739096,1157,0.38569320912340194,1135,0.38569320912340194,1135,4.224483380917859,249,4.224483380917859,249,4.162594608661443,249,4.162594608661443,249,4.25384950562764,248,4.25384950562764,248,4.11047764411325,377,4.11047764411325,377,0.37071301497234593,491,0.37071301497234593,491,5.74507335560394,1187,5.74507335560394,1187,5.902777176916708,1187,5.902777176916708,1187,5.936633213256922,248,5.936633213256922,248,4.893947951786054,377,4.893947951786054,377,0.48585497200744565,544,0.48585497200744565,544,5.55914272091761,1376,5.55914272091761,1376,5.398577607081183,1376,5.398577607081183,1376,4.503537442021243,1184,4.503537442021243,1184,4.405681718087929,561,4.405681718087929,561,0.4656368895272736,2281,0.4656368895272736,2281,2.6647661422467985,1932,2.6647661422467985,1932,2.702832904319574,2368,2.702832904319574,2368,3.143085485326566,1159,3.143085485326566,1159,3.3552783590841075,1925,3.3552783590841075,1925,0.49067500202212655,2368,0.49067500202212655,2368
background,857,,,,-1,2.5407028959348996,,4.43063991086154,1633,4.43063991086154,1633,4.3845766487425255,1633,4.3845766487425255,1633,5.176622967238056,1633,5.176622967238056,1633,5.144696430125678,1632,5.144696430125678,1632,0.38972062000027735,1584,0.38972062000027735,1584,3.7581998578272375,272,3.7581998578272375,272,3.9823439782320698,771,3.9823439782320698,771,3.769834642658008,1633,3.769834642658008,1633,3.961765284013596,1633,3.961765284013596,1633,0.360164078960489,2336,0.360164078960489,2336,4.569029947833286,1790,4.569029947833286,1790,4.738241808590775,813,4.738241808590775,813,5.176622967238056,1633,5.176622967238056,1633,5.311791395068352,1790,5.311791395068352,1790,0.4665963960308486,1774,0.4665963960308486,1774,4.436333965348527,1160,4.436333965348527,1160,4.3843044491587,860,4.3843044491587,860,4.156001737519233,1790,4.156001737519233,1790,4.885305872343036,1790,4.885305872343036,1790,0.46474527731744725,1379,0.46474527731744725,1379,2.8758654015326255,270,2.8758654015326255,270,3.135219534861211,769,3.135219534861211,769,2.8957871302325926,847,2.8957871302325926,847,3.3700313614340964,847,3.3700313614340964,847,0.39826736378116256,1652,0.39826736378116256,1652
background,300,,,,-1,6.738462429572515,,4.711926164265186,856,4.711926164265186,856,5.05884981080774,856,5.05884981080774,856,5.092679125413425,856,5.092679125413425,856,5.114937880985297,856,5.114937880985297,856,0.4717970833567139,808,0.4717970833567139,808,5.515641653580105,856,5.515641653580105,856,5.802789056853571,856,5.802789056853571,856,5.5542263064791575,856,5.5542263064791575,856,5.52387909543589,856,5.52387909543589,856,0.582522915729931,850,0.582522915729931,850,5.3501639211796475,855,5.3501639211796475,855,5.760682148873437,855,5.760682148873437,855,5.520864504120543,855,5.520864504120543,855,6.132171024939411,855,6.132171024939411,855,0.5657400507060388,3,0.5657400507060388,3,5.99675020267202,855,5.99675020267202,855,6.478261161563044,2347,6.478261161563044,2347,6.0900096867090765,855,6.0900096867090765,855,6.536042958189891,855,6.536042958189891,855,0.682123372939176,823,0.682123372939176,823,3.7465654234809276,82,3.7465654234809276,82,4.031533288248537,82,4.031533288248537,82,3.880703206431939,1579,3.880703206431939,1579,3.655491743655636,857,3.655491743655636,857,0.5297653817988399,11,0.5297653817988399,11
background,1218,,,,-1,1.2175541977150952,,3.8584724050433796,586,3.8584724050433796,586,4.926376488137514,586,4.926376488137514,586,3.742296785109862,586,3.742296785109862,586,3.64815846930992,585,3.64815846930992,585,0.39813918510796104,537,0.39813918510796104,537,3.2288346723096826,356,3.2288346723096826,356,3.727956370475952,586,3.727956370475952,586,3.2053999705755323,285,3.2053999705755323,285,3.01291745891424,26,3.01291745891424,26,0.3874821140136195,1937,0.3874821140136195,1937,3.8584724050433796,586,3.8584724050433796,586,4.926376488137514,586,4.926376488137514,586,3.742296785109862,586,3.742296785109862,586,4.010755778879338,1257,4.010755778879338,1257,0.4533035511052004,2393,0.4533035511052004,2393,4.411901068672403,398,4.411901068672403,398,5.6882950078621635,398,5.6882950078621635,398,3.7188198914860955,398,3.7188198914860955,398,3.894241160599521,1204,3.894241160599521,1204,0.46717963897574155,1172,0.46717963897574155,1172,3.1732809507867916,1202,3.1732809507867916,1202,3.848733417547554,588,3.848733417547554,588,3.1289403144984793,426,3.1289403144984793,426,3.050408792430781,1202,3.050408792430781,1202,0.4479532620700148,1202,0.4479532620700148,1202
background,571,,,,-1,2.249692962440927,,4.098662877209169,597,4.098662877209169,597,4.380055055402799,597,4.380055055402799,597,4.7381689571368275,597,4.7381689571368275,597,4.863672917919387,3,4.863672917919387,3,0.4449136214020623,549,0.4449136214020623,549,4.062001160240274,656,4.062001160240274,656,4.438166035087197,656,4.438166035087197,656,4.10563287083899,598,4.10563287083899,598,5.693990581673109,4,5.693990581673109,4,0.4520105522080015,592,0.4520105522080015,592,4.237329753040733,1158,4.237329753040733,1158,4.380055055402799,597,4.380055055402799,597,4.7381689571368275,597,4.7381689571368275,597,5.328560211332859,3,5.328560211332859,3,0.4563367761625577,1077,0.4563367761625577,1077,4.277336873069866,1767,4.277336873069866,1767,4.948472372908515,850,4.948472372908515,850,3.9626806443544655,597,3.9626806443544655,597,5.763656166244756,3,5.763656166244756,3,0.4742080472513794,860,0.4742080472513794,860,3.5325594621290115,654,3.5325594621290115,654,3.8156201786740125,654,3.8156201786740125,654,3.388166426301024,426,3.388166426301024,426,3.5953433770607415,654,3.5953433770607415,654,0.46611355174556673,426,0.46611355174556673,426
background,1195,,,,-1,5.84446122006659,,6.624501139164855,513,6.624501139164855,513,7.241726538526319,513,7.241726538526319,513,7.148938107613536,513,7.148938107613536,513,6.756526703440094,513,6.756526703440094,513,0.5552876087177503,465,0.5552876087177503,465,6.327541603289672,323,6.327541603289672,323,7.994710978095222,1410,7.994710978095222,1410,6.284967667970293,323,6.284967667970293,323,6.376327725152678,323,6.376327725152678,323,0.5537853973305956,1404,0.5537853973305956,1404,6.776668132632999,323,6.776668132632999,323,7.748789349824057,1410,7.748789349824057,1410,7.319061381413461,323,7.319061381413461,323,7.991164529835601,323,7.991164529835601,323,0.6447208791318304,291,0.6447208791318304,291,7.247288189107866,512,7.247288189107866,512,8.795119590492748,512,8.795119590492748,512,6.693288388347892,323,6.693288388347892,323,7.000948749582651,1410,7.000948749582651,1410,0.6400736607263507,1378,0.6400736607263507,1378,4.202151683407804,656,4.202151683407804,656,4.96137215363923,1410,4.96137215363923,1410,4.126035160385043,656,4.126035160385043,656,4.539238121911864,21,4.539238121911864,21,0.5202978526374162,656,0.5202978526374162,656
background,583,,,,-1,2.0225269815175277,,3.350295082963513,1382,3.350295082963513,1382,3.560178721655801,534,3.560178721655801,534,3.776954799672676,1495,3.776954799672676,1495,3.7590234684107604,187,3.7590234684107604,187,0.3532568408877952,139,0.3532568408877952,139,4.6226657257543815,1384,4.6226657257543815,1384,4.310352519305845,1384,4.310352519305845,1384,3.5016951584903873,1384,3.5016951584903873,1384,3.484050850204202,398,3.484050850204202,398,0.4461395629707093,1378,0.4461395629707093,1378,4.023142734455879,78,4.023142734455879,78,4.119781662955578,78,4.119781662955578,78,4.143345264616589,1494,4.143345264616589,1494,4.472330468163413,78,4.472330468163413,78,0.5723933679044595,70,0.5723933679044595,70,5.133050913984511,1384,5.133050913984511,1384,4.8133248592369124,610,4.8133248592369124,610,4.294546435860141,1384,4.294546435860141,1384,4.35483023168986,1384,4.35483023168986,1384,0.5537158716869142,1352,0.5537158716869142,1352,3.8894201841698353,1382,3.8894201841698353,1382,3.578935549112782,1382,3.578935549112782,1382,3.455461680118329,1382,3.455461680118329,1382,3.673797108264085,1382,3.673797108264085,1382,0.49434178401719114,78,0.49434178401719114,78
background,1139,,,,-1,6.943719121645916,,3.495986443410394,1585,3.495986443410394,1585,3.7121653996224313,1585,3.7121653996224313,1585,3.670501066483769,813,3.670501066483769,813,3.7193003389133277,2231,3.7193003389133277,2231,0.3724290328120303,1537,0.3724290328120303,1537,4.031983682344238,860,4.031983682344238,860,4.436888875101355,860,4.436888875101355,860,3.7950258137504997,1585,3.7950258137504997,1585,3.8903026101576943,2232,3.8903026101576943,2232,0.4653802543169184,854,0.4653802543169184,854,5.607732751426098,1178,5.607732751426098,1178,5.68217642056353,1178,5.68217642056353,1178,5.829961095323829,1178,5.829961095323829,1178,6.276224019952122,1178,6.276224019952122,1178,0.6890997618739879,1170,0.6890997618739879,1170,4.26934121305688,860,4.26934121305688,860,4.685888682276215,860,4.685888682276215,860,4.60728995991223,1180,4.60728995991223,1180,4.753836152595912,1179,4.753836152595912,1179,0.5590819994633903,1148,0.5590819994633903,1148,4.956873898698094,1178,4.956873898698094,1178,5.067310469925367,1178,5.067310469925367,1178,5.320279428464038,1178,5.320279428464038,1178,5.408988143800058,1178,5.408988143800058,1178,0.5900223025410044,939,0.5900223025410044,939
background,400,,,,-1,4.635408566977934,,4.496856873855217,1444,4.496856873855217,1444,4.781152979287614,2072,4.781152979287614,2072,4.956389131213978,2072,4.956389131213978,2072,4.825927396946378,2072,4.825927396946378,2072,0.40711917520310514,2024,0.40711917520310514,2024,4.57896064094644,1445,4.57896064094644,1445,4.840224139164741,2225,4.840224139164741,2225,4.537822509029855,1445,4.537822509029855,1445,4.044500220529107,1840,4.044500220529107,1840,0.42572343838218024,1439,0.42572343838218024,1439,4.895390984684187,2169,4.895390984684187,2169,5.472349961046864,2225,5.472349961046864,2225,5.092371987568893,2072,5.092371987568893,2072,5.456822526325131,480,5.456822526325131,480,0.47715433795009027,1815,0.47715433795009027,1815,5.134710982494948,1136,5.134710982494948,1136,5.4671051575522025,1136,5.4671051575522025,1136,4.837591903001068,1839,4.837591903001068,1839,5.15800583725297,1839,5.15800583725297,1839,0.5097435376469277,66,0.5097435376469277,66,3.379112700146195,1839,3.379112700146195,1839,3.3798972779565664,1839,3.3798972779565664,1839,3.5754733938820737,1839,3.5754733938820737,1839,3.598983742682315,1839,3.598983742682315,1839,0.4904562386057937,2119,0.4904562386057937,2119
background,768,,,,-1,6.448735336142943,,4.860769459601158,1246,4.860769459601158,1246,5.468614288996884,1246,5.468614288996884,1246,4.823173391172923,417,4.823173391172923,417,4.4878838336794376,1246,4.4878838336794376,1246,0.4444908815287478,1198,0.4444908815287478,1198,5.98840364761389,621,5.98840364761389,621,7.38450605386979,621,7.38450605386979,621,5.030230774329986,621,5.030230774329986,621,4.4345434908621,621,4.4345434908621,621,0.6601154212078406,615,0.6601154212078406,615,5.042054994558007,621,5.042054994558007,621,5.833549240826334,621,5.833549240826334,621,5.042319687807915,417,5.042319687807915,417,5.456176459343131,621,5.456176459343131,621,0.6300961805543571,1671,0.6300961805543571,1671,5.99200156343127,622,5.99200156343127,622,7.310547096550267,622,7.310547096550267,622,5.250074543816398,622,5.250074543816398,622,5.377358711395596,622,5.377358711395596,622,0.6599246400497518,590,0.6599246400497518,590,4.965751086034824,2205,4.965751086034824,2205,5.8996455026976395,662,5.8996455026976395,662,5.1079529535602965,1679,5.1079529535602965,1679,4.792872933629196,2205,4.792872933629196,2205,0.6885223212721937,1679,0.6885223212721937,1679
background,660,,,,-1,3.9747762404728735,,4.536205189030534,869,4.536205189030534,869,4.666303726465137,869,4.666303726465137,869,4.716316929533463,869,4.716316929533463,869,4.368617932458497,869,4.368617932458497,869,0.40702088105120804,821,0.40702088105120804,821,4.077754575739631,869,4.077754575739631,869,4.320980196779732,869,4.320980196779732,869,3.7674574219371912,869,3.7674574219371912,869,4.197419538491298,4,4.197419538491298,4,0.42757601492907715,590,0.42757601492907715,590,4.625824196788911,869,4.625824196788911,869,4.756449423130926,869,4.756449423130926,869,4.748081709532324,869,4.748081709532324,869,4.432583565289941,382,4.432583565289941,382,0.4183330289686338,813,0.4183330289686338,813,4.302609166328024,869,4.302609166328024,869,4.590542254903226,869,4.590542254903226,869,3.9400578066724865,868,3.9400578066724865,868,4.606331241653913,532,4.606331241653913,532,0.5106164594727702,599,0.5106164594727702,599,3.677085240641096,868,3.677085240641096,868,3.83861988061369,868,3.83861988061369,868,3.6074296618583985,868,3.6074296618583985,868,3.4701895126498976,382,3.4701895126498976,382,0.44083432857605437,2067,0.44083432857605437,2067
background,1045,,,,-1,4.832899404581266,,5.698063609767788,160,5.698063609767788,160,5.380154295666281,160,5.380154295666281,160,6.512232861736858,160,6.512232861736858,160,6.214209579186206,160,6.214209579186206,160,0.5030883701203934,112,0.5030883701203934,112,4.122289219533123,828,4.122289219533123,828,4.6439660718965206,2373,4.6439660718965206,2373,5.15676414900857,161,5.15676414900857,161,5.268593497746283,161,5.268593497746283,161,0.379315764949339,822,0.379315764949339,822,5.8721839106437255,827,5.8721839106437255,827,6.315936219109368,2372,6.315936219109368,2372,6.512232861736858,160,6.512232861736858,160,7.017980476006662,827,7.017980476006662,827,0.5728537112397963,795,0.5728537112397963,795,4.715660833493226,173,4.715660833493226,173,5.175859686219148,2372,5.175859686219148,2372,5.748035475751196,161,5.748035475751196,161,5.992540557490162,161,5.992540557490162,161,0.4587789435543607,275,0.4587789435543607,275,3.6731861187997255,2348,3.6731861187997255,2348,4.078333180680589,2348,4.078333180680589,2348,3.837438180085344,161,3.837438180085344,161,3.7468581256119653,161,3.7468581256119653,161,0.4178033345343199,2348,0.4178033345343199,2348
background,921,,,,-1,4.36660407690056,,4.5898117547249635,965,4.5898117547249635,965,4.3996470021543725,965,4.3996470021543725,965,4.8790174375257545,965,4.8790174375257545,965,4.776963068602007,491,4.776963068602007,491,0.40727722154500373,916,0.40727722154500373,916,3.6133576460530707,173,3.6133576460530707,173,4.186438762469314,2334,4.186438762469314,2334,3.959675117010538,2048,3.959675117010538,2048,4.071937183028953,491,4.071937183028953,491,0.3900427419222154,43,0.3900427419222154,43,5.3691503811924175,1970,5.3691503811924175,1970,5.95414756545145,2068,5.95414756545145,2068,5.670127426604771,1970,5.670127426604771,1970,6.565313709668181,2068,6.565313709668181,2068,0.6082877930128074,2268,0.6082877930128074,2268,5.461382059086483,2068,5.461382059086483,2068,6.102099033243706,2068,6.102099033243706,2068,5.642714677613119,2068,5.642714677613119,2068,6.642392919269262,2068,6.642392919269262,2068,0.5611999752027145,2252,0.5611999752027145,2252,2.9224254541696366,1970,2.9224254541696366,1970,3.134360712299703,2284,3.134360712299703,2284,3.1755235249188916,1970,3.1755235249188916,1970,3.082526147539905,2038,3.082526147539905,2038,0.39868008613919864,1792,0.39868008613919864,1792
background,1196,,,,-1,8.899421910811492,,4.0861622409155975,1428,4.0861622409155975,1428,3.8782584477607207,1428,3.8782584477607207,1428,4.478754697060829,1428,4.478754697060829,1428,4.4127420942806435,1885,4.4127420942806435,1885,0.35598796921651704,379,0.35598796921651704,379,3.8529466677901474,428,3.8529466677901474,428,3.912794999900362,428,3.912794999900362,428,3.636536440974545,1911,3.636536440974545,1911,4.552170420499506,4,4.552170420499506,4,0.3727942466111317,588,0.3727942466111317,588,4.433264814977819,1428,4.433264814977819,1428,4.317725923639034,1910,4.317725923639034,1910,4.878776797163355,1911,4.878776797163355,1911,4.927988310019601,1886,4.927988310019601,1886,0.4856317616474238,1796,0.4856317616474238,1796,4.443942945344057,1209,4.443942945344057,1209,5.312400983432876,961,5.312400983432876,961,4.13720784241415,1209,4.13720784241415,1209,5.0465882053782884,4,5.0465882053782884,4,0.47806041268801863,1165,0.47806041268801863,1165,4.046107037403763,1812,4.046107037403763,1812,4.021754401676992,1812,4.021754401676992,1812,4.146000191292833,1812,4.146000191292833,1812,4.082249312072731,1886,4.082249312072731,1886,0.597793225583323,1812,0.597793225583323,1812
background,774,,,,-1,3.210269304159331,,4.307344292959783,2177,4.307344292959783,2177,3.975410457617956,2177,3.975410457617956,2177,4.7293595955702665,2177,4.7293595955702665,2177,4.421157098416356,1645,4.421157098416356,1645,0.40567098468577634,1949,0.40567098468577634,1949,3.772148629015259,2177,3.772148629015259,2177,3.739078671426439,2177,3.739078671426439,2177,3.9819920418263175,2177,3.9819920418263175,2177,3.7318807456557095,2178,3.7318807456557095,2178,0.39815486653717075,957,0.39815486653717075,957,4.61880263029458,53,4.61880263029458,53,4.747299779785898,53,4.747299779785898,53,4.981342548596554,1560,4.981342548596554,1560,4.785777870909362,165,4.785777870909362,165,0.45042095804295257,470,0.45042095804295257,470,4.711193173609358,1328,4.711193173609358,1328,4.744119780871645,1328,4.744119780871645,1328,4.089079307162865,2178,4.089079307162865,2178,4.250417789986297,236,4.250417789986297,236,0.47927170298668537,1296,0.47927170298668537,1296,3.31490604874249,800,3.31490604874249,800,3.4913108172971543,800,3.4913108172971543,800,3.236488964036541,800,3.236488964036541,800,3.6796462431829116,486,3.6796462431829116,486,0.45007084208517684,2087,0.45007084208517684,2087
background,1270,,,,-1,4.148972923055141,,4.233575157971196,1032,4.233575157971196,1032,4.0464057884225015,1032,4.0464057884225015,1032,5.075448149828151,1032,5.075448149828151,1032,5.594946903364193,1032,5.594946903364193,1032,0.34260231676560887,1979,0.34260231676560887,1979,3.4888345712303437,743,3.4888345712303437,743,3.4571468672014407,1963,3.4571468672014407,1963,3.6419264973882175,1801,3.6419264973882175,1801,4.047105749743069,1031,4.047105749743069,1031,0.36107795643406965,301,0.36107795643406965,301,4.523635660004968,1032,4.523635660004968,1032,4.3158398584567745,1032,4.3158398584567745,1032,5.164520435403447,1032,5.164520435403447,1032,5.706452927836654,1032,5.706452927836654,1032,0.42199023140289893,602,0.42199023140289893,602,4.499655862067502,298,4.499655862067502,298,4.165009322395374,1965,4.165009322395374,1965,4.537698743450892,298,4.537698743450892,298,5.100940101332638,298,5.100940101332638,298,0.48452873266108415,266,0.48452873266108415,266,3.173350082316973,1051,3.173350082316973,1051,3.0235163642182243,1051,3.0235163642182243,1051,3.019730761410888,1051,3.019730761410888,1051,3.2390932364699467,646,3.2390932364699467,646,0.42961813243300007,2275,0.42961813243300007,2275
background,605,,,,-1,5.875780818750907,,4.5416080231441445,1885,4.5416080231441445,1885,4.559555744821912,1885,4.559555744821912,1885,5.1820027506619,1884,5.1820027506619,1884,4.7262658264584845,1885,4.7262658264584845,1885,0.4344328014075262,1837,0.4344328014075262,1837,3.49547704289711,1323,3.49547704289711,1323,3.5731620365034495,1323,3.5731620365034495,1323,3.718046250663263,1431,3.718046250663263,1431,3.5038303246007554,1860,3.5038303246007554,1860,0.41111542546784346,1425,0.41111542546784346,1425,4.639978595259538,1884,4.639978595259538,1884,4.654922781777876,1884,4.654922781777876,1884,5.244593562058067,1884,5.244593562058067,1884,4.7262658264584845,1885,4.7262658264584845,1885,0.45609681052187323,1828,0.45609681052187323,1828,3.9583502811818154,514,3.9583502811818154,514,4.362413868773062,514,4.362413868773062,514,4.113094419253625,373,4.113094419253625,373,4.43211864913992,514,4.43211864913992,514,0.4671380883475423,341,0.4671380883475423,341,3.027791202432671,1613,3.027791202432671,1613,3.0565809815487963,87,3.0565809815487963,87,3.15867174650503,1613,3.15867174650503,1613,3.055095587336664,1613,3.055095587336664,1613,0.39598475128375343,420,0.39598475128375343,420
background,420,,,,-1,2.103980164981161,,4.229639650681634,914,4.229639650681634,914,4.689970332939172,914,4.689970332939172,914,4.334745097219678,914,4.334745097219678,914,3.9820740229193077,792,3.9820740229193077,792,0.41091445100918367,866,0.41091445100918367,866,4.317135402501829,915,4.317135402501829,915,4.749497907331478,915,4.749497907331478,915,3.1511554366186814,1597,3.1511554366186814,1597,3.125529726298785,1223,3.125529726298785,1223,0.41391929151884793,912,0.41391929151884793,912,4.498633353555556,914,4.498633353555556,914,4.978833245730582,914,4.978833245730582,914,4.490168154652709,914,4.490168154652709,914,4.7313896715737735,382,4.7313896715737735,382,0.4433808522097757,850,0.4433808522097757,850,5.6156421333115505,914,5.6156421333115505,914,6.12396393940394,914,6.12396393940394,914,3.8032582898991913,2283,3.8032582898991913,2283,4.392688320219912,1087,4.392688320219912,1087,0.5243765594186841,882,0.5243765594186841,882,2.989255891466127,1873,2.989255891466127,1873,3.1837190577937413,2270,3.1837190577937413,2270,2.9400442738552783,2270,2.9400442738552783,2270,3.581126868104389,2270,3.581126868104389,2270,0.40756473741499216,17,0.40756473741499216,17
background,1060,,,,-1,6.740149154054368,,4.024119105025721,2186,4.024119105025721,2186,3.8726470008453084,2186,3.8726470008453084,2186,4.236566931977904,2186,4.236566931977904,2186,4.006527269786958,2185,4.006527269786958,2185,0.38007705163181926,2137,0.38007705163181926,2137,4.595277765190408,864,4.595277765190408,864,4.651102958065049,864,4.651102958065049,864,4.068288751761112,864,4.068288751761112,864,3.8798380464070785,1696,3.8798380464070785,1696,0.4738895852485605,858,0.4738895852485605,858,4.332290603526483,1695,4.332290603526483,1695,4.222826181369685,1695,4.222826181369685,1695,4.465073704127917,1695,4.465073704127917,1695,5.004940984127861,1695,5.004940984127861,1695,0.43211264855818,583,0.43211264855818,583,4.800730775970536,1667,4.800730775970536,1667,5.1569831843714224,1667,5.1569831843714224,1667,4.058742768482695,864,4.058742768482695,864,4.5351053912979875,599,4.5351053912979875,599,0.44853301711057697,482,0.44853301711057697,482,2.798623374066384,1626,2.798623374066384,1626,2.827472999123917,69,2.827472999123917,69,2.803850121346144,599,2.803850121346144,599,2.7913272235985795,1475,2.7913272235985795,1475,0.40031453573454645,1626,0.40031453573454645,1626
background,195,,,,-1,7.132090450776451,,4.5096219398608,364,4.5096219398608,364,4.8758322734424775,364,4.8758322734424775,364,4.452037602393189,364,4.452037602393189,364,4.304891629118877,711,4.304891629118877,711,0.4035115397757946,316,0.4035115397757946,316,5.885407976760996,364,5.885407976760996,364,6.625866410995935,364,6.625866410995935,364,5.098272144747065,364,5.098272144747065,364,4.673306755265709,364,4.673306755265709,364,0.5334818742054348,358,0.5334818742054348,358,7.315688523154925,1191,7.315688523154925,1191,7.812401031595094,1191,7.812401031595094,1191,6.506352022571716,1858,6.506352022571716,1858,7.573302383193271,1858,7.573302383193271,1858,0.7211537428851046,1842,0.7211537428851046,1842,7.011365932274681,1189,7.011365932274681,1189,8.089132190553924,1189,8.089132190553924,1189,5.301300243614475,1858,5.301300243614475,1858,5.924676340166086,1858,5.924676340166086,1858,0.5702572473603528,1826,0.5702572473603528,1826,3.7747389466802064,1858,3.7747389466802064,1858,4.020450056729792,1858,4.020450056729792,1858,3.835933400957484,1858,3.835933400957484,1858,4.502632665914396,1858,4.502632665914396,1858,0.551472972791745,2394,0.551472972791745,2394
background,639,,,,-1,5.365098249476154,,3.5815411309809755,1994,3.5815411309809755,1994,3.4687667651716536,1994,3.4687667651716536,1994,3.7635725780467735,1994,3.7635725780467735,1994,3.9124429310567517,2394,3.9124429310567517,2394,0.3453707594481453,1946,0.3453707594481453,1946,3.9333244738973074,684,3.9333244738973074,684,3.853977730800167,684,3.853977730800167,684,3.856504873119599,1993,3.856504873119599,1993,4.6078801759517045,2395,4.6078801759517045,2395,0.36064559011367325,2299,0.36064559011367325,2299,4.191397842091328,1993,4.191397842091328,1993,4.030742158692977,1993,4.030742158692977,1993,4.375724163041996,1993,4.375724163041996,1993,4.555774284203716,1994,4.555774284203716,1994,0.427964155932813,286,0.427964155932813,286,4.6917619666945605,684,4.6917619666945605,684,4.57860351883181,684,4.57860351883181,684,4.234892514866101,1993,4.234892514866101,1993,4.864439581898326,2394,4.864439581898326,2394,0.44537826717771206,1691,0.44537826717771206,1691,2.8777758797793567,1879,2.8777758797793567,1879,2.771278365807006,1879,2.771278365807006,1879,2.8994051475935705,1879,2.8994051475935705,1879,2.78053729088251,959,2.78053729088251,959,0.46863593041303253,1879,0.46863593041303253,1879
background,116,,,,-1,6.284010288386073,,3.80008524313868,677,3.80008524313868,677,4.019065889292609,677,4.019065889292609,677,4.36443324994785,677,4.36443324994785,677,4.657311809449311,677,4.657311809449311,677,0.41806529676231935,629,0.41806529676231935,629,4.070702260541691,1991,4.070702260541691,1991,4.2286185655076975,989,4.2286185655076975,989,3.474527302508027,274,3.474527302508027,274,3.582387072924536,677,3.582387072924536,677,0.434130751330108,268,0.434130751330108,268,5.623752289468605,206,5.623752289468605,206,5.942186997637512,206,5.942186997637512,206,4.757696804010599,32,4.757696804010599,32,5.006827938211412,1457,5.006827938211412,1457,0.4937025186835599,2145,0.4937025186835599,2145,5.910812203677443,421,5.910812203677443,421,5.83950438517292,421,5.83950438517292,421,4.727419851147813,1464,4.727419851147813,1464,4.358439312839217,1464,4.358439312839217,1464,0.4983691111610588,1432,0.4983691111610588,1432,3.4137031307622263,914,3.4137031307622263,914,3.660616941322873,914,3.660616941322873,914,3.4111177462897455,914,3.4111177462897455,914,3.6456574291275916,1221,3.6456574291275916,1221,0.4136435138244961,914,0.4136435138244961,914
background,1225,,,,-1,6.485176186135529,,6.130819945471788,1570,6.130819945471788,1570,7.564035789757488,1570,7.564035789757488,1570,6.411493838488264,1570,6.411493838488264,1570,6.107849061802832,1570,6.107849061802832,1570,0.5415538845378703,1522,0.5415538845378703,1522,6.137097381753281,1290,6.137097381753281,1290,7.836287909168953,1571,7.836287909168953,1571,5.602235390124836,1290,5.602235390124836,1290,5.688239208297441,1290,5.688239208297441,1290,0.5288277662271216,1284,0.5288277662271216,1284,6.330436485062462,1289,6.330436485062462,1289,7.564035789757488,1570,7.564035789757488,1570,6.411493838488264,1570,6.411493838488264,1570,7.133356409936298,1289,7.133356409936298,1289,0.6013680987466705,1257,0.6013680987466705,1257,6.408141620604424,1570,6.408141620604424,1570,8.666261695181419,1570,8.666261695181419,1570,5.838088271973975,2043,5.838088271973975,2043,6.064922874898697,1289,6.064922874898697,1289,0.644164406028164,1951,0.644164406028164,1951,4.250225845999268,1757,4.250225845999268,1757,5.347444403636874,1757,5.347444403636874,1757,4.780234852856217,1757,4.780234852856217,1757,4.280577390001676,2043,4.280577390001676,2043,0.5633537343464092,1620,0.5633537343464092,1620
background,2,,,,-1,4.410381763404809,,4.175843639793865,910,4.175843639793865,910,4.417582208359488,910,4.417582208359488,910,4.564899530609321,910,4.564899530609321,910,4.092533405739961,910,4.092533405739961,910,0.37382286604186216,1497,0.37382286604186216,1497,4.531918163477863,1998,4.531918163477863,1998,4.832580691546548,1998,4.832580691546548,1998,4.329052566071071,1543,4.329052566071071,1543,4.161883162477355,883,4.161883162477355,883,0.42537202126023377,1537,0.42537202126023377,1537,5.0324203311698055,2049,5.0324203311698055,2049,5.505234225548966,2049,5.505234225548966,2049,5.029006949767661,1288,5.029006949767661,1288,5.455406414204483,1117,5.455406414204483,1117,0.47192055513385,1093,0.47192055513385,1093,6.200488627781362,1816,6.200488627781362,1816,7.088985736075689,1816,7.088985736075689,1816,4.671266100907883,882,4.671266100907883,882,4.959282462335031,882,4.959282462335031,882,0.49616933415119563,1091,0.49616933415119563,1091,3.488235323124851,420,3.488235323124851,420,3.6417310812460775,420,3.6417310812460775,420,3.5846414809876235,420,3.5846414809876235,420,3.7641045869837693,2395,3.7641045869837693,2395,0.48943626539866714,420,0.48943626539866714,420
background,931,,,,-1,2.0666355035991617,,4.171827959453968,1355,4.171827959453968,1355,3.8701286915175426,1355,3.8701286915175426,1355,4.413284787901809,1355,4.413284787901809,1355,4.39914353648324,1355,4.39914353648324,1355,0.4715519267652253,1307,0.4715519267652253,1307,3.78016678421552,1890,3.78016678421552,1890,3.8301353074211746,1890,3.8301353074211746,1890,3.847895727966362,403,3.847895727966362,403,4.838235095475118,2396,4.838235095475118,2396,0.4039926877262569,1884,0.4039926877262569,1884,4.756602688764398,403,4.756602688764398,403,4.883018980682513,403,4.883018980682513,403,4.842030363806859,403,4.842030363806859,403,5.608804358345984,403,5.608804358345984,403,0.6157098539845917,379,0.6157098539845917,379,4.740010275776484,414,4.740010275776484,414,4.987362282146552,414,4.987362282146552,414,4.334974150402721,403,4.334974150402721,403,5.305026626304825,2396,5.305026626304825,2396,0.5276805528682519,378,0.5276805528682519,378,3.354794829436184,2149,3.354794829436184,2149,3.229780652426842,404,3.229780652426842,404,3.602537990900845,404,3.602537990900845,404,3.9983538012521174,404,3.9983538012521174,404,0.41663003664291887,404,0.41663003664291887,404
background,300,,,,-1,6.738462429572515,,5.24389200996697,2083,5.24389200996697,2083,5.526052356319267,2083,5.526052356319267,2083,6.031160987706574,2083,6.031160987706574,2083,5.925114710670819,2083,5.925114710670819,2083,0.44800882065472486,2035,0.44800882065472486,2035,4.583767396304846,2083,4.583767396304846,2083,4.735551362155317,2083,4.735551362155317,2083,4.477065357507964,2083,4.477065357507964,2083,4.39348814636461,2083,4.39348814636461,2083,0.4945865971085382,671,0.4945865971085382,671,5.24389200996697,2083,5.24389200996697,2083,5.526052356319267,2083,5.526052356319267,2083,6.031160987706574,2083,6.031160987706574,2083,5.963553886471525,2083,5.963553886471525,2083,0.5762808181789572,392,0.5762808181789572,392,4.895136707922439,677,4.895136707922439,677,5.210860897757789,47,5.210860897757789,47,4.652680612540056,2084,4.652680612540056,2084,5.546009879723726,677,5.546009879723726,677,0.534087942896968,645,0.534087942896968,645,3.7346563341452175,889,3.7346563341452175,889,3.875754450727979,889,3.875754450727979,889,3.8103286439670505,889,3.8103286439670505,889,3.6684525548649476,400,3.6684525548649476,400,0.49133143327522416,400,0.49133143327522416,400
background,1219,,,,-1,6.542561032956803,,3.8960337915845615,75,3.8960337915845615,75,3.9865087713104645,75,3.9865087713104645,75,4.395458340132481,75,4.395458340132481,75,4.615379597106406,75,4.615379597106406,75,0.41175692738506553,27,0.41175692738506553,27,3.3792291365625204,457,3.3792291365625204,457,3.600249026408563,457,3.600249026408563,457,2.9767930590227185,2378,2.9767930590227185,2378,3.71579138031337,844,3.71579138031337,844,0.35649820479156336,451,0.35649820479156336,451,4.110523188084781,2030,4.110523188084781,2030,3.9865087713104645,75,3.9865087713104645,75,4.395458340132481,75,4.395458340132481,75,5.047448131586754,1475,5.047448131586754,1475,0.5757378707844909,2022,0.5757378707844909,2022,4.124660406872024,64,4.124660406872024,64,4.389665166943949,354,4.389665166943949,354,3.9951904675337957,64,3.9951904675337957,64,4.523098135116397,209,4.523098135116397,209,0.47400399351609956,1715,0.47400399351609956,1715,4.433143610916004,2030,4.433143610916004,2030,4.444606167581369,558,4.444606167581369,558,4.28350824752467,2030,4.28350824752467,2030,3.4305557711181143,2030,3.4305557711181143,2030,0.6382940985593706,2030,0.6382940985593706,2030
background,766,,,,-1,7.202350097208218,,4.531181180526136,2363,4.531181180526136,2363,4.575171770056453,2363,4.575171770056453,2363,5.0566488574022515,2363,5.0566488574022515,2363,5.317889394374753,2363,5.317889394374753,2363,0.43006856725278025,2315,0.43006856725278025,2315,4.051387145122392,722,4.051387145122392,722,4.400913741094214,722,4.400913741094214,722,4.0119663542808945,668,4.0119663542808945,668,4.418691412926331,2365,4.418691412926331,2365,0.43472901848180184,716,0.43472901848180184,716,5.012517182919829,668,5.012517182919829,668,5.407278996448741,668,5.407278996448741,668,5.218409197630954,668,5.218409197630954,668,5.868236530390952,668,5.868236530390952,668,0.5196138640045891,82,0.5196138640045891,82,4.5235187927885985,714,4.5235187927885985,714,5.1350329704409,955,5.1350329704409,955,4.3230439709449895,668,4.3230439709449895,668,4.674757817267528,2364,4.674757817267528,2364,0.4648867408299711,682,0.4648867408299711,682,3.59911407755817,709,3.59911407755817,709,3.869578151314063,709,3.869578151314063,709,3.4005939985663374,2384,3.4005939985663374,2384,3.458802377022998,667,3.458802377022998,667,0.47343446951766416,90,0.47343446951766416,90
background,791,,,,-1,5.210466973438269,,4.3129068679112565,479,4.3129068679112565,479,4.079914426689488,479,4.079914426689488,479,4.758147758388269,479,4.758147758388269,479,4.425263804451963,480,4.425263804451963,480,0.43175709852675803,431,0.43175709852675803,431,3.530927396400119,1598,3.530927396400119,1598,3.3120368225522556,1598,3.3120368225522556,1598,3.87126177141807,1598,3.87126177141807,1598,3.4939259255867694,1597,3.4939259255867694,1597,0.39899013290468965,384,0.39899013290468965,384,4.345366848008857,479,4.345366848008857,479,4.19069511260314,856,4.19069511260314,856,4.758147758388269,479,4.758147758388269,479,4.7481537583398445,370,4.7481537583398445,370,0.46213328861826836,1395,0.46213328861826836,1395,4.389473831775621,1531,4.389473831775621,1531,4.271010207320731,1796,4.271010207320731,1796,4.179617969150761,1531,4.179617969150761,1531,4.527088377916742,856,4.527088377916742,856,0.49094979927709576,1764,0.49094979927709576,1764,3.54147789770101,1393,3.54147789770101,1393,3.409177560354737,2356,3.409177560354737,2356,3.657583659396391,2144,3.657583659396391,2144,3.561422532694327,2144,3.561422532694327,2144,0.45059787233869,1393,0.45059787233869,1393
background,790,,,,-1,7.205347070132269,,3.913083706089816,894,3.913083706089816,894,4.169709488842368,894,4.169709488842368,894,4.795977627574087,894,4.795977627574087,894,5.468048456775002,3,5.468048456775002,3,0.39005238509690954,1577,0.39005238509690954,1577,4.452368115252345,1625,4.452368115252345,1625,4.633178065078375,1625,4.633178065078375,1625,3.9149269180697943,1341,3.9149269180697943,1341,5.953988541575,4,5.953988541575,4,0.4878472731109229,1619,0.4878472731109229,1619,4.54390751851663,1045,4.54390751851663,1045,4.78368531159197,1045,4.78368531159197,1045,4.795977627574087,894,4.795977627574087,894,5.468048456775002,3,5.468048456775002,3,0.5060178185785147,2058,0.5060178185785147,2058,5.094099784454229,1627,5.094099784454229,1627,5.302095014146319,1627,5.302095014146319,1627,4.450221938817965,2073,4.450221938817965,2073,6.265376336399964,3,6.265376336399964,3,0.5523999157571058,2041,0.5523999157571058,2041,3.996681416215251,2258,3.996681416215251,2258,3.864542532964481,2258,3.864542532964481,2258,3.884697614723972,2258,3.884697614723972,2258,3.6487867955080837,3,3.6487867955080837,3,0.5464763825998795,1582,0.5464763825998795,1582
background,693,,,,-1,1.9566166247030565,,3.9479643139139657,2255,3.9479643139139657,2255,3.653587129538863,808,3.653587129538863,808,4.199951953824101,2255,4.199951953824101,2255,4.618050775191136,2394,4.618050775191136,2394,0.4483287900523798,2207,0.4483287900523798,2207,3.953874511373077,1688,3.953874511373077,1688,3.7120971912404372,432,3.7120971912404372,432,4.004958075554856,2258,4.004958075554856,2258,4.932678203865709,2394,4.932678203865709,2394,0.39883331846258346,2252,0.39883331846258346,2252,4.003397260587002,2254,4.003397260587002,2254,4.02833834011091,17,4.02833834011091,17,4.327139434978384,2254,4.327139434978384,2254,5.130215359939611,2393,5.130215359939611,2393,0.4816333365776821,336,0.4816333365776821,336,4.166761054269804,841,4.166761054269804,841,4.34747640615986,841,4.34747640615986,841,4.144126104091826,2258,4.144126104091826,2258,5.133648263074647,2394,5.133648263074647,2394,0.49549070465479755,1814,0.49549070465479755,1814,3.1512310026211385,1860,3.1512310026211385,1860,3.1821951635052557,239,3.1821951635052557,239,3.2413182972965258,1197,3.2413182972965258,1197,2.9943008847985215,582,2.9943008847985215,582,0.48879421196990847,239,0.48879421196990847,239
background,50,,,,-1,5.952403739362395,,5.60253615845203,787,5.60253615845203,787,5.789475267961758,787,5.789475267961758,787,5.78580484099976,787,5.78580484099976,787,5.982473718644974,809,5.982473718644974,809,0.49558018868556075,1641,0.49558018868556075,1641,6.462713830756167,788,6.462713830756167,788,7.2567283554592725,788,7.2567283554592725,788,5.119749773619983,788,5.119749773619983,788,4.89120531790197,788,4.89120531790197,788,0.5070079921401127,782,0.5070079921401127,782,5.748754832691916,788,5.748754832691916,788,5.932945299718071,788,5.932945299718071,788,5.978360039918898,787,5.978360039918898,787,6.323816315568312,788,6.323816315568312,788,0.5090628936434223,2333,0.5090628936434223,2333,6.427130080310777,788,6.427130080310777,788,7.297609109625997,787,7.297609109625997,787,5.296802133021692,787,5.296802133021692,787,5.265461900642852,787,5.265461900642852,787,0.5732596920319999,1400,0.5732596920319999,1400,3.680348265011884,1431,3.680348265011884,1431,4.20252512721727,1225,4.20252512721727,1225,3.8441596281682866,1225,3.8441596281682866,1225,3.4526628577141607,2077,3.4526628577141607,2077,0.47883675691621935,1225,0.47883675691621935,1225
background,621,,,,-1,1.2549924530169938,,3.704410230691866,36,3.704410230691866,36,3.633775926221373,36,3.633775926221373,36,3.99130705036546,2123,3.99130705036546,2123,4.0392237190279605,36,4.0392237190279605,36,0.39115797734030266,2387,0.39115797734030266,2387,3.746674404566736,2324,3.746674404566736,2324,3.857000208460227,2324,3.857000208460227,2324,3.723900289101437,37,3.723900289101437,37,3.895234478916109,1980,3.895234478916109,1980,0.4452083246681298,2318,0.4452083246681298,2318,4.153335156910158,37,4.153335156910158,37,4.0784197598949605,37,4.0784197598949605,37,4.203371879985043,37,4.203371879985043,37,4.835948856955084,37,4.835948856955084,37,0.5043527440004362,5,0.5043527440004362,5,4.663765874621465,1600,4.663765874621465,1600,5.628842391369964,410,5.628842391369964,410,4.223404061364091,2202,4.223404061364091,2202,4.166893959488662,1980,4.166893959488662,1980,0.5125953785036196,2291,0.5125953785036196,2291,3.556785175619044,1255,3.556785175619044,1255,3.4091881348558473,173,3.4091881348558473,173,3.5563048519383735,173,3.5563048519383735,173,3.7517934835001294,1758,3.7517934835001294,1758,0.41927926578971597,2121,0.41927926578971597,2121
background,393,,,,-1,2.45063770240263,,3.3492032167138115,691,3.3492032167138115,691,3.548784395568494,691,3.548784395568494,691,3.9393247504133133,1237,3.9393247504133133,1237,3.9620320866003107,201,3.9620320866003107,201,0.35425427619869093,153,0.35425427619869093,153,3.5053195180106567,480,3.5053195180106567,480,3.500472879866752,692,3.500472879866752,692,3.4999401395786665,692,3.4999401395786665,692,3.309149587896585,2187,3.309149587896585,2187,0.33991125785066256,474,0.33991125785066256,474,3.6774010348687494,691,3.6774010348687494,691,3.9038653971986523,691,3.9038653971986523,691,4.170371575622168,1263,4.170371575622168,1263,3.9620320866003107,201,3.9620320866003107,201,0.38650647129626203,170,0.38650647129626203,170,4.8986018076708095,213,4.8986018076708095,213,4.764328677756454,213,4.764328677756454,213,4.73105922174526,213,4.73105922174526,213,4.674014253774692,213,4.674014253774692,213,0.5014447146267791,956,0.5014447146267791,956,2.983304934765946,999,2.983304934765946,999,3.2755532931171083,999,3.2755532931171083,999,3.1626409278502674,778,3.1626409278502674,778,3.024898989755968,178,3.024898989755968,178,0.4352744828763136,986,0.4352744828763136,986
background,720,,,,-1,1.6989421995593197,,4.775287483557814,2213,4.775287483557814,2213,4.808847329519753,2213,4.808847329519753,2213,5.260714503113045,2213,5.260714503113045,2213,5.183258341827976,2213,5.183258341827976,2213,0.4771569466623552,2165,0.4771569466623552,2165,4.3968335815497275,2153,4.3968335815497275,2153,4.341238118195155,2153,4.341238118195155,2153,4.301751069385689,2212,4.301751069385689,2212,3.9998431007223907,2212,3.9998431007223907,2212,0.48629123566212695,1131,0.48629123566212695,1131,5.113674886958438,2152,5.113674886958438,2152,4.923630856169538,2310,4.923630856169538,2310,5.260714503113045,2213,5.260714503113045,2213,5.350030569465397,2213,5.350030569465397,2213,0.4833209258169712,2173,0.4833209258169712,2173,4.496181168432086,972,4.496181168432086,972,5.237133020787988,2332,5.237133020787988,2332,4.306711595811098,2213,4.306711595811098,2213,4.336158322279179,1429,4.336158322279179,1429,0.4666350644289753,1104,0.4666350644289753,1104,4.081439166508481,724,4.081439166508481,724,4.480030884295626,724,4.480030884295626,724,4.186248504609683,724,4.186248504609683,724,3.808629655381772,724,3.808629655381772,724,0.574696496184124,724,0.574696496184124,724
background,1003,,,,-1,3.756334647074059,,4.4090221139221235,182,4.4090221139221235,182,4.193800651552802,182,4.193800651552802,182,5.128377183437251,332,5.128377183437251,332,4.473449188952166,182,4.473449188952166,182,0.41559887482913255,283,0.41559887482913255,283,4.207650565114653,285,4.207650565114653,285,4.060488437995485,285,4.060488437995485,285,3.85627880610906,285,3.85627880610906,285,3.59968585118073,396,3.59968585118073,396,0.4367374769480106,279,0.4367374769480106,279,5.61160525706053,1388,5.61160525706053,1388,5.9493250801330495,1388,5.9493250801330495,1388,5.372279940841548,331,5.372279940841548,331,5.051388030450716,396,5.051388030450716,396,0.44580523385165527,1344,0.44580523385165527,1344,6.010385451506168,346,6.010385451506168,346,6.14057291663379,2047,6.14057291663379,2047,4.256509041722427,680,4.256509041722427,680,4.829554252109808,680,4.829554252109808,680,0.4992762323901807,320,0.4992762323901807,320,3.1252961227182143,680,3.1252961227182143,680,3.1273374988125253,680,3.1273374988125253,680,3.4691030992015253,680,3.4691030992015253,680,3.703586265948047,680,3.703586265948047,680,0.4269383510099213,1352,0.4269383510099213,1352
background,931,,,,-1,2.0666355035991617,,3.4112358438114088,264,3.4112358438114088,264,3.857370067883965,264,3.857370067883965,264,3.914532804224608,264,3.914532804224608,264,4.193260255742403,264,4.193260255742403,264,0.3926538254719346,1085,0.3926538254719346,1085,3.2407708659955183,265,3.2407708659955183,265,3.4453327624287104,700,3.4453327624287104,700,3.6257228120747595,265,3.6257228120747595,265,4.101950283596069,264,4.101950283596069,264,0.3505414506195687,259,0.3505414506195687,259,4.088160896366814,264,4.088160896366814,264,4.641627250844844,204,4.641627250844844,204,4.320631367522451,264,4.320631367522451,264,5.129711537202063,204,5.129711537202063,204,0.4808560097736791,180,0.4808560097736791,180,4.262233709954229,167,4.262233709954229,167,4.891896712130582,211,4.891896712130582,211,4.128635869201499,876,4.128635869201499,876,4.557391137874004,264,4.557391137874004,264,0.4308465185563461,844,0.4308465185563461,844,3.4293116373237025,1964,3.4293116373237025,1964,3.5291915902805027,943,3.5291915902805027,943,3.3388143550475102,943,3.3388143550475102,943,3.2196027867111354,1642,3.2196027867111354,1642,0.449311848520001,1964,0.449311848520001,1964
background,1102,,,,-1,3.3638907306443215,,2.8974673262614603,1449,2.8974673262614603,1449,2.8728534324373425,313,2.8728534324373425,313,3.399119530158943,313,3.399119530158943,313,3.7093180128415066,1450,3.7093180128415066,1450,0.3547279062239475,1477,0.3547279062239475,1477,3.6136723931727848,194,3.6136723931727848,194,3.939196522203035,194,3.939196522203035,194,3.280776736557263,1786,3.280776736557263,1786,2.9647083229027333,194,2.9647083229027333,194,0.39159435993282077,188,0.39159435993282077,188,3.9785671062776147,1214,3.9785671062776147,1214,4.130199088471888,460,4.130199088471888,460,3.75248514628026,460,3.75248514628026,460,4.479196942757254,32,4.479196942757254,32,0.476573704127519,16,0.476573704127519,16,4.456208738620912,1222,4.456208738620912,1222,5.338136896145796,454,5.338136896145796,454,3.827332083321832,1772,3.827332083321832,1772,4.633311822772646,1772,4.633311822772646,1772,0.4348615410468144,161,0.4348615410468144,161,3.300789773879376,972,3.300789773879376,972,3.559054976008783,765,3.559054976008783,765,3.2351645116813295,460,3.2351645116813295,460,3.4341784429630198,282,3.4341784429630198,282,0.4163868438849273,765,0.4163868438849273,765
background,1112,,,,-1,1.3299077643458879,,3.940318935374651,78,3.940318935374651,78,4.021860875720448,184,4.021860875720448,184,3.9769010871085766,185,3.9769010871085766,185,4.119642111760107,184,4.119642111760107,184,0.4296164793021337,30,0.4296164793021337,30,3.659813307987781,774,3.659813307987781,774,4.449266859332582,774,4.449266859332582,774,3.5703263401345553,187,3.5703263401345553,187,3.801822000798991,187,3.801822000798991,187,0.413020437416267,73,0.413020437416267,73,3.9885453849374835,186,3.9885453849374835,186,4.3686609180950935,186,4.3686609180950935,186,4.170625569320048,186,4.170625569320048,186,4.664677873253778,186,4.664677873253778,186,0.4744797753358294,30,0.4744797753358294,30,4.552689144568936,587,4.552689144568936,587,5.466424021743401,587,5.466424021743401,587,3.8858714443642173,47,3.8858714443642173,47,4.443659160133761,47,4.443659160133761,47,0.5138430205257838,15,0.5138430205257838,15,2.7369443643039717,1484,2.7369443643039717,1484,3.2128067790317463,2045,3.2128067790317463,2045,2.7072580846435454,449,2.7072580846435454,449,3.0157035973249933,1080,3.0157035973249933,1080,0.3550079971798659,757,0.3550079971798659,757
background,1047,,,,-1,5.7343793829537635,,4.622310401378142,956,4.622310401378142,956,4.990069855791079,64,4.990069855791079,64,5.07893637855006,956,5.07893637855006,956,4.61584052109893,956,4.61584052109893,956,0.41742832138061897,16,0.41742832138061897,16,5.214939414386698,1532,5.214939414386698,1532,6.036964597310651,1532,6.036964597310651,1532,4.846434762053894,956,4.846434762053894,956,4.414363538221239,1189,4.414363538221239,1189,0.5734070797022178,1526,0.5734070797022178,1526,5.600055472978788,1532,5.600055472978788,1532,6.212269288280761,1532,6.212269288280761,1532,5.539345844247571,1532,5.539345844247571,1532,6.366766931797169,1532,6.366766931797169,1532,0.5722725946156364,1508,0.5722725946156364,1508,5.828984593509247,1532,5.828984593509247,1532,6.662038158628876,1532,6.662038158628876,1532,5.8410862732738345,957,5.8410862732738345,957,5.955850748502317,957,5.955850748502317,957,0.6630478279421954,1500,0.6630478279421954,1500,4.241185734302419,957,4.241185734302419,957,4.631323580621889,957,4.631323580621889,957,4.352227441065366,957,4.352227441065366,957,4.642769993718016,957,4.642769993718016,957,0.4907774774544128,1800,0.4907774774544128,1800
background,349,,,,-1,4.262329270995818,,4.776320535114807,2117,4.776320535114807,2117,4.754854121420722,2117,4.754854121420722,2117,5.610232713399421,2117,5.610232713399421,2117,5.7569565210377105,2117,5.7569565210377105,2117,0.43506825857668335,2069,0.43506825857668335,2069,4.663297391242122,2212,4.663297391242122,2212,4.676094356429549,2212,4.676094356429549,2212,4.065266700696199,1008,4.065266700696199,1008,4.648484687887727,1008,4.648484687887727,1008,0.4553270956012096,338,0.4553270956012096,338,5.183524793484567,2213,5.183524793484567,2213,5.234679918859372,2213,5.234679918859372,2213,5.619487178070904,2117,5.619487178070904,2117,5.974769232415188,2117,5.974769232415188,2117,0.5088384991058873,672,0.5088384991058873,672,5.288272300716015,2214,5.288272300716015,2214,5.687400167249802,2305,5.687400167249802,2305,4.472934572674232,696,4.472934572674232,696,5.148155304400186,696,5.148155304400186,696,0.4755557231722394,311,0.4755557231722394,311,3.603719998050624,121,3.603719998050624,121,3.5959745959410463,121,3.5959745959410463,121,3.8079559674717127,696,3.8079559674717127,696,4.031856151639002,696,4.031856151639002,696,0.4558797754339538,739,0.4558797754339538,739
background,43,,,,-1,1.0623511037561004,,4.398908616614433,464,4.398908616614433,464,5.481638271013823,464,5.481638271013823,464,4.6087584062517095,464,4.6087584062517095,464,4.5906183328143255,1762,4.5906183328143255,1762,0.48302968886319253,416,0.48302968886319253,416,4.172909803809641,97,4.172909803809641,97,4.659129952438458,464,4.659129952438458,464,3.861553049410523,464,3.861553049410523,464,3.78695892186458,1763,3.78695892186458,1763,0.4327252260560729,91,0.4327252260560729,91,4.4002330388107795,464,4.4002330388107795,464,5.531386760096794,464,5.531386760096794,464,4.6087584062517095,464,4.6087584062517095,464,4.739266291996567,1763,4.739266291996567,1763,0.48348443232758487,425,0.48348443232758487,425,4.187887520491478,584,4.187887520491478,584,4.964813862054259,465,4.964813862054259,465,4.0285907806821015,464,4.0285907806821015,464,4.480671580662623,718,4.480671580662623,718,0.4493885216378923,2030,0.4493885216378923,2030,2.9616132681183633,2105,2.9616132681183633,2105,3.677559270922397,323,3.677559270922397,323,2.729591703823241,2219,2.729591703823241,2219,3.6850989414885285,1156,3.6850989414885285,1156,0.37969570746647097,2105,0.37969570746647097,2105
background,530,,,,-1,2.03175584199546,,4.220963115569658,2025,4.220963115569658,2025,4.0522616856718106,2025,4.0522616856718106,2025,4.749245638825795,2024,4.749245638825795,2024,4.774094716069886,2025,4.774094716069886,2025,0.43493959267433463,1977,0.43493959267433463,1977,3.480652586757429,1546,3.480652586757429,1546,3.5166679540224783,326,3.5166679540224783,326,3.3734601988652035,2026,3.3734601988652035,2026,3.460770604128538,2026,3.460770604128538,2026,0.42206562969849204,2280,0.42206562969849204,2280,4.220963115569658,2025,4.220963115569658,2025,4.0522616856718106,2025,4.0522616856718106,2025,4.749245638825795,2024,4.749245638825795,2024,4.774094716069886,2025,4.774094716069886,2025,0.5317298855218335,2280,0.5317298855218335,2280,4.07179966307046,330,4.07179966307046,330,4.150518369334581,330,4.150518369334581,330,3.728932771536766,2036,3.728932771536766,2036,4.411500844999732,1632,4.411500844999732,1632,0.5010588153551359,2254,0.5010588153551359,2254,3.3016722375608234,1544,3.3016722375608234,1544,3.3983096715992565,324,3.3983096715992565,324,3.0170174691283353,324,3.0170174691283353,324,3.4022813537542547,1831,3.4022813537542547,1831,0.43990125854485923,60,0.43990125854485923,60
background,1123,,,,-1,3.767663971056227,,3.610506954303123,1736,3.610506954303123,1736,3.4221963373276405,1736,3.4221963373276405,1736,3.8961365385679665,1736,3.8961365385679665,1736,3.8681223364495128,1176,3.8681223364495128,1176,0.3964770708137664,1687,0.3964770708137664,1687,3.5012156608262157,1737,3.5012156608262157,1737,3.646565404308089,789,3.646565404308089,789,3.2954745704560255,1737,3.2954745704560255,1737,3.185294874581486,1176,3.185294874581486,1176,0.3672556424928289,1170,0.3672556424928289,1170,4.461340976679189,274,4.461340976679189,274,4.494118267125965,274,4.494118267125965,274,4.7155423809049015,274,4.7155423809049015,274,5.441920007822175,274,5.441920007822175,274,0.5382489349727279,258,0.5382489349727279,258,4.588665867546406,1261,4.588665867546406,1261,4.5191619287443965,90,4.5191619287443965,90,4.07577969479457,274,4.07577969479457,274,4.704504842491833,274,4.704504842491833,274,0.46879804419503074,242,0.46879804419503074,242,3.191590065395048,91,3.191590065395048,91,3.3605417030562856,790,3.3605417030562856,790,3.1645958432843124,1644,3.1645958432843124,1644,3.0700864624091335,16,3.0700864624091335,16,0.4246478058455821,13,0.4246478058455821,13
background,708,,,,-1,1.4833072646919558,,4.290074470683736,720,4.290074470683736,720,5.870277402115785,720,5.870277402115785,720,4.33834341224471,720,4.33834341224471,720,4.3037485821293435,365,4.3037485821293435,365,0.4230069394476546,672,0.4230069394476546,672,4.684476041873579,366,4.684476041873579,366,6.039775169188038,720,6.039775169188038,720,3.9586819329592893,366,3.9586819329592893,366,3.9959088595905166,367,3.9959088595905166,367,0.4596998019348587,360,0.4596998019348587,360,4.862160986463604,366,4.862160986463604,366,5.996478415027879,720,5.996478415027879,720,4.9281707818576415,366,4.9281707818576415,366,5.5056780399990055,366,5.5056780399990055,366,0.4984185237242535,334,0.4984185237242535,334,5.047339136979915,366,5.047339136979915,366,6.532587641284343,721,6.532587641284343,721,4.310808584638994,366,4.310808584638994,366,4.412607654325871,366,4.412607654325871,366,0.5056984315427856,334,0.5056984315427856,334,3.4314471334735077,1538,3.4314471334735077,1538,4.3569276532195005,720,4.3569276532195005,720,3.3292069257187027,1538,3.3292069257187027,1538,3.273016059896895,1801,3.273016059896895,1801,0.39817719007424934,1391,0.39817719007424934,1391
background,624,,,,-1,2.8520521356492976,,3.973312810970023,1452,3.973312810970023,1452,4.042783154641262,982,4.042783154641262,982,4.311162205278116,1452,4.311162205278116,1452,4.109170805567647,1452,4.109170805567647,1452,0.3820098205200582,1404,0.3820098205200582,1404,3.881266195889268,206,3.881266195889268,206,3.749302404526006,1035,3.749302404526006,1035,3.6906963778568413,1453,3.6906963778568413,1453,3.709843404580962,1211,3.709843404580962,1211,0.34747331816223714,1447,0.34747331816223714,1447,3.973312810970023,1452,3.973312810970023,1452,4.114849824593808,982,4.114849824593808,982,4.317814804546243,1451,4.317814804546243,1451,4.325350185144316,1155,4.325350185144316,1155,0.4166364371059952,1421,0.4166364371059952,1421,4.717225956446009,1671,4.717225956446009,1671,4.92745684151274,2157,4.92745684151274,2157,4.076352483500194,1453,4.076352483500194,1453,4.459808747450148,1210,4.459808747450148,1210,0.4467980547363472,1639,0.4467980547363472,1639,3.131535412974816,1212,3.131535412974816,1212,3.4732169249377174,729,3.4732169249377174,729,3.2962499787751818,1212,3.2962499787751818,1212,3.24744794181701,729,3.24744794181701,729,0.41037438577621044,1212,0.41037438577621044,1212
background,731,,,,-1,6.016723352903635,,4.82506228581501,1781,4.82506228581501,1781,5.168215376720128,1781,5.168215376720128,1781,5.146457498541005,1781,5.146457498541005,1781,4.4740086994962365,1781,4.4740086994962365,1781,0.41863893699762295,1733,0.41863893699762295,1733,4.671659601867672,1964,4.671659601867672,1964,5.376419626666175,1964,5.376419626666175,1964,4.536532322307793,1964,4.536532322307793,1964,3.9122786895166883,1964,3.9122786895166883,1964,0.40758438676295816,1958,0.40758438676295816,1958,5.1121652174956465,93,5.1121652174956465,93,5.38394136989513,1781,5.38394136989513,1781,5.332627700535576,1781,5.332627700535576,1781,5.264593146222119,1727,5.264593146222119,1727,0.5019428615638939,1695,0.5019428615638939,1695,5.281375287352078,93,5.281375287352078,93,5.613920121821872,93,5.613920121821872,93,4.842466554968653,1963,4.842466554968653,1963,4.5159507763888005,1963,4.5159507763888005,1963,0.49553407632946334,64,0.49553407632946334,64,3.8790152543965766,1060,3.8790152543965766,1060,4.264157302712027,1060,4.264157302712027,1060,4.066459818335292,1060,4.066459818335292,1060,3.9215080031143112,818,3.9215080031143112,818,0.5052657372133712,1973,0.5052657372133712,1973
background,14,,,,-1,4.689035714460736,,4.294225025166822,2382,4.294225025166822,2382,4.86696556820465,2382,4.86696556820465,2382,4.483793267547988,1724,4.483793267547988,1724,4.84002219968234,1723,4.84002219968234,1723,0.3922593440676196,2334,0.3922593440676196,2334,4.013339773604036,2034,4.013339773604036,2034,4.033622235840358,2034,4.033622235840358,2034,4.022974858803547,2383,4.022974858803547,2383,3.5841808674767632,2034,3.5841808674767632,2034,0.365341843493791,202,0.365341843493791,202,4.439473295677225,1692,4.439473295677225,1692,5.027720048338441,2382,5.027720048338441,2382,4.483793267547988,1724,4.483793267547988,1724,4.902271463038354,2032,4.902271463038354,2032,0.499515272905606,1872,0.499515272905606,1872,5.086909437880334,1484,5.086909437880334,1484,5.652754328271312,1484,5.652754328271312,1484,4.08855776524957,2383,4.08855776524957,2383,3.953825337543181,1137,3.953825337543181,1137,0.49799506217717254,1846,0.49799506217717254,1846,3.1756000657757055,2185,3.1756000657757055,2185,3.409377603881439,2185,3.409377603881439,2185,3.317597274606535,2185,3.317597274606535,2185,2.857630834213315,2185,2.857630834213315,2185,0.5060712222267002,2185,0.5060712222267002,2185
background,991,,,,-1,2.2985759058977924,,3.246819705691217,949,3.246819705691217,949,3.4107696531720326,660,3.4107696531720326,660,3.491953822983833,949,3.491953822983833,949,3.651358496053644,659,3.651358496053644,659,0.39667246004128376,901,0.39667246004128376,901,3.2145030105903754,660,3.2145030105903754,660,3.5684033687667105,660,3.5684033687667105,660,3.2799775931327795,660,3.2799775931327795,660,3.6428611401013575,660,3.6428611401013575,660,0.35267377102408487,1111,0.35267377102408487,1111,4.198812877876778,659,4.198812877876778,659,4.676209375354239,659,4.676209375354239,659,4.444115736051878,659,4.444115736051878,659,5.048054944086828,659,5.048054944086828,659,0.4978910471646155,2079,0.4978910471646155,2079,5.010320755434976,1397,5.010320755434976,1397,4.152619523219819,1359,4.152619523219819,1359,3.675935898412293,1339,3.675935898412293,1339,4.213172036731067,1339,4.213172036731067,1339,0.5450084680522873,1314,0.5450084680522873,1314,3.702491757362727,948,3.702491757362727,948,3.698578868833738,1150,3.698578868833738,1150,3.802225132441999,948,3.802225132441999,948,3.6505245342213093,2095,3.6505245342213093,2095,0.516664059775118,948,0.516664059775118,948
background,872,,,,-1,4.139138722125302,,3.351975674543876,1074,3.351975674543876,1074,3.501794104376288,117,3.501794104376288,117,4.030221337618503,1073,4.030221337618503,1073,4.061506853729412,1074,4.061506853729412,1074,0.3426311792465151,70,0.3426311792465151,70,3.96493774835048,1570,3.96493774835048,1570,3.964019409807949,1570,3.964019409807949,1570,3.386595588639634,348,3.386595588639634,348,3.2529549454485513,348,3.2529549454485513,348,0.40798825702301805,1564,0.40798825702301805,1564,4.005895399376846,483,4.005895399376846,483,4.289234384672169,483,4.289234384672169,483,4.030221337618503,1073,4.030221337618503,1073,4.395492895472272,1811,4.395492895472272,1811,0.42962941776764974,1029,0.42962941776764974,1029,4.219217333989209,1085,4.219217333989209,1085,4.223913584183351,552,4.223913584183351,552,3.8394198482113215,347,3.8394198482113215,347,3.9846368724320995,347,3.9846368724320995,347,0.44632083361428765,254,0.44632083361428765,254,2.9811793506491635,1324,2.9811793506491635,1324,2.9912150288259203,607,2.9912150288259203,607,3.2590089105740896,607,3.2590089105740896,607,2.926598337197505,607,2.926598337197505,607,0.41390417309022975,1324,0.41390417309022975,1324
background,120,,,,-1,2.1445890917214485,,3.9042604001685515,1582,3.9042604001685515,1582,3.725604546325426,1582,3.725604546325426,1582,4.226579904120265,1582,4.226579904120265,1582,4.22608606962973,1582,4.22608606962973,1582,0.41950427384296735,1535,0.41950427384296735,1535,4.560576560085926,1650,4.560576560085926,1650,4.4433739651290045,1650,4.4433739651290045,1650,3.865365875343009,1583,3.865365875343009,1583,4.02587057412782,1279,4.02587057412782,1279,0.43749776197598167,1644,0.43749776197598167,1644,4.743209936376312,2301,4.743209936376312,2301,5.411054988825075,2301,5.411054988825075,2301,4.546753396615104,1279,4.546753396615104,1279,5.313909676708325,1279,5.313909676708325,1279,0.544724461047781,1254,0.544724461047781,1254,5.379633456381422,1646,5.379633456381422,1646,5.218478873302504,1646,5.218478873302504,1646,4.0277068486964955,1278,4.0277068486964955,1278,4.615468204463499,1824,4.615468204463499,1824,0.48188033432269467,1614,0.48188033432269467,1614,3.245534076101635,1647,3.245534076101635,1647,3.33200152314428,2230,3.33200152314428,2230,3.0832183682499292,1280,3.0832183682499292,1280,3.303635417637269,1824,3.303635417637269,1824,0.3989823276794244,1902,0.3989823276794244,1902
background,1200,,,,-1,2.0325666590197056,,4.443768817445381,1225,4.443768817445381,1225,4.276590090835838,1225,4.276590090835838,1225,4.516983578167907,1226,4.516983578167907,1226,4.247036367823248,1225,4.247036367823248,1225,0.48638489863658824,1177,0.48638489863658824,1177,4.931466104604218,1224,4.931466104604218,1224,4.8739710493007085,1224,4.8739710493007085,1224,4.038303137635687,1224,4.038303137635687,1224,3.735832985973673,1224,3.735832985973673,1224,0.5024575172733339,1218,0.5024575172733339,1218,4.443768817445381,1225,4.443768817445381,1225,4.276590090835838,1225,4.276590090835838,1225,4.516983578167907,1226,4.516983578167907,1226,4.812309326592071,1670,4.812309326592071,1670,0.48771682501187175,1185,0.48771682501187175,1185,5.200871619270624,1226,5.200871619270624,1226,5.167446856124244,1226,5.167446856124244,1226,4.113019662254849,1225,4.113019662254849,1225,4.503245446602547,683,4.503245446602547,683,0.5240842539850752,1193,0.5240842539850752,1193,3.4408193354368914,2056,3.4408193354368914,2056,3.5029571465454943,167,3.5029571465454943,167,3.3378450336831493,269,3.3378450336831493,269,3.182914546061289,2370,3.182914546061289,2370,0.43424643571577165,167,0.43424643571577165,167
background,970,,,,-1,4.3987417585288835,,3.1654724801716734,1058,3.1654724801716734,1058,3.2217856259808824,1058,3.2217856259808824,1058,3.1598911884302825,164,3.1598911884302825,164,3.3137046431300545,1058,3.3137046431300545,1058,0.3398280741558316,1010,0.3398280741558316,1010,3.01998051241103,168,3.01998051241103,168,3.0273184813086256,513,3.0273184813086256,513,2.83455886195529,84,2.83455886195529,84,2.8476182861054813,434,2.8476182861054813,434,0.3545414702855202,78,0.3545414702855202,78,3.630228763024833,9,3.630228763024833,9,3.6324730456084953,1058,3.6324730456084953,1058,3.5848998375052386,1185,3.5848998375052386,1185,4.229489117241855,433,4.229489117241855,433,0.46640781938228293,1432,0.46640781938228293,1432,4.838626568174301,854,4.838626568174301,854,5.33419790973909,854,5.33419790973909,854,3.6573954480199293,202,3.6573954480199293,202,4.221226624025508,1185,4.221226624025508,1185,0.45457862581403646,170,0.45457862581403646,170,3.7765069603136405,2169,3.7765069603136405,2169,3.6976909639248094,2169,3.6976909639248094,2169,4.1042049352196255,280,4.1042049352196255,280,3.6541442542656255,280,3.6541442542656255,280,0.5205219759311805,280,0.5205219759311805,280
background,276,,,,-1,1.6776502195826315,,4.742066519963727,1907,4.742066519963727,1907,4.859425625433502,1907,4.859425625433502,1907,4.602900353052857,1908,4.602900353052857,1908,3.947685118856602,1696,3.947685118856602,1696,0.4367885212755543,1859,0.4367885212755543,1859,4.75885131474856,947,4.75885131474856,947,5.566209212405184,947,5.566209212405184,947,4.212640304935545,1908,4.212640304935545,1908,3.235521459450716,1389,3.235521459450716,1389,0.4243081991062525,1902,0.4243081991062525,1902,6.001772057719471,1910,6.001772057719471,1910,6.266271407338194,1911,6.266271407338194,1911,5.047223049772578,1909,5.047223049772578,1909,4.773435675294602,1084,4.773435675294602,1084,0.5001176083894797,1822,0.5001176083894797,1822,5.206558224794966,1908,5.206558224794966,1908,6.089074205331436,947,6.089074205331436,947,4.5789754954129975,1909,4.5789754954129975,1909,4.212859660127956,2241,4.212859660127956,2241,0.4687427108128953,137,0.4687427108128953,137,2.7411393634996797,1908,2.7411393634996797,1908,3.1760719446326546,947,3.1760719446326546,947,2.821061172071449,1058,2.821061172071449,1058,3.4281755082311864,1058,3.4281755082311864,1058,0.41374033642002084,179,0.41374033642002084,179
background,56,,,,-1,2.11704252789119,,4.332602769593008,1031,4.332602769593008,1031,4.693089571069885,1031,4.693089571069885,1031,4.718082219120754,1031,4.718082219120754,1031,4.567783142077142,1032,4.567783142077142,1032,0.36922464728243026,1768,0.36922464728243026,1768,4.209261477535157,1031,4.209261477535157,1031,4.651133422191063,1031,4.651133422191063,1031,3.8619057392281833,1031,3.8619057392281833,1031,3.354684894339331,1031,3.354684894339331,1031,0.3775555787572105,1025,0.3775555787572105,1025,4.413993701851555,1031,4.413993701851555,1031,4.7472301894448625,1031,4.7472301894448625,1031,4.886406635760123,1207,4.886406635760123,1207,4.567783142077142,1032,4.567783142077142,1032,0.5632030016832017,669,0.5632030016832017,669,4.437975665345733,1208,4.437975665345733,1208,4.692093290145488,1208,4.692093290145488,1208,4.178288054977706,1221,4.178288054977706,1221,4.48392258598377,1221,4.48392258598377,1221,0.431518753089115,973,0.431518753089115,973,3.488070275585323,1066,3.488070275585323,1066,3.846687866688725,677,3.846687866688725,677,3.838842792941365,677,3.838842792941365,677,3.5299892944823656,1851,3.5299892944823656,1851,0.5152806670457724,677,0.5152806670457724,677
background,928,,,,-1,5.096650809922617,,3.912771771843203,1031,3.912771771843203,1031,3.662218160799124,1794,3.662218160799124,1794,4.257102755189109,1032,4.257102755189109,1032,3.9138691833780204,1031,3.9138691833780204,1031,0.4147091734006442,1746,0.4147091734006442,1746,3.623363727555658,455,3.623363727555658,455,3.9141895336631047,2284,3.9141895336631047,2284,3.631598708080855,188,3.631598708080855,188,3.4107406819620456,188,3.4107406819620456,188,0.4346336228764964,112,0.4346336228764964,112,4.226117485604843,1032,4.226117485604843,1032,4.094818279494152,2285,4.094818279494152,2285,4.532280107380418,1032,4.532280107380418,1032,4.157795584363788,2285,4.157795584363788,2285,0.41825187844292894,78,0.41825187844292894,78,4.563694584428421,452,4.563694584428421,452,4.54586188496349,452,4.54586188496349,452,3.960717640738775,188,3.960717640738775,188,4.181642990102423,188,4.181642990102423,188,0.45399051226391446,421,0.45399051226391446,421,3.6601790900050517,120,3.6601790900050517,120,3.657762107966755,120,3.657762107966755,120,3.809080022686675,956,3.809080022686675,956,3.3983044508159868,1493,3.3983044508159868,1493,0.45567959410663567,956,0.45567959410663567,956
background,372,,,,-1,6.685938890680262,,5.3823849570539295,2284,5.3823849570539295,2284,5.817237415676139,2284,5.817237415676139,2284,5.688410026599266,2284,5.688410026599266,2284,5.026701315129017,2284,5.026701315129017,2284,0.5252323486416676,2236,0.5252323486416676,2236,5.448432500066789,1106,5.448432500066789,1106,6.27024560882706,1106,6.27024560882706,1106,5.140216585083839,2285,5.140216585083839,2285,4.704225670252086,1180,4.704225670252086,1180,0.5422491290617676,1100,0.5422491290617676,1100,5.501300544401075,2285,5.501300544401075,2285,6.119173756118645,607,6.119173756118645,607,5.744587293859137,2284,5.744587293859137,2284,6.368076517839577,607,6.368076517839577,607,0.6264365415373458,591,0.6264365415373458,591,5.973694325639619,2285,5.973694325639619,2285,6.637013081623396,1112,6.637013081623396,1112,5.793450562708108,2285,5.793450562708108,2285,5.567545863420347,1179,5.567545863420347,1179,0.6199992284375762,2253,0.6199992284375762,2253,3.936137226918112,2284,3.936137226918112,2284,4.347245957733361,2284,4.347245957733361,2284,3.9266073344684655,608,3.9266073344684655,608,4.276345751341824,2312,4.276345751341824,2312,0.42999648949245445,608,0.42999648949245445,608
background,15,,,,-1,4.249157500489226,,4.110188104529309,223,4.110188104529309,223,4.313717898766675,223,4.313717898766675,223,4.333450392024506,223,4.333450392024506,223,4.304882628708486,223,4.304882628708486,223,0.44524601444242534,175,0.44524601444242534,175,3.9976278134826013,224,3.9976278134826013,224,4.269492342890269,224,4.269492342890269,224,3.986881785902929,224,3.986881785902929,224,3.9687471332976325,224,3.9687471332976325,224,0.40844628897844043,218,0.40844628897844043,218,4.314356647189134,1401,4.314356647189134,1401,4.53509389995254,223,4.53509389995254,223,4.57824705275339,223,4.57824705275339,223,4.849514027784744,1401,4.849514027784744,1401,0.5317385788077436,1393,0.5317385788077436,1393,4.293116253074622,550,4.293116253074622,550,4.953126523936079,550,4.953126523936079,550,4.098946415243424,224,4.098946415243424,224,4.682236481975502,1561,4.682236481975502,1561,0.4949205590792276,518,0.4949205590792276,518,3.5480572102388352,1021,3.5480572102388352,1021,3.8751346135075453,1021,3.8751346135075453,1021,3.5004987484467103,1401,3.5004987484467103,1401,3.757712851702864,1401,3.757712851702864,1401,0.4307326984194235,1401,0.4307326984194235,1401
background,144,,,,-1,7.5714554852046225,,4.720263602556908,1828,4.720263602556908,1828,4.8005263320898095,1828,4.8005263320898095,1828,5.2917006141599465,1828,5.2917006141599465,1828,4.575386175870931,1852,4.575386175870931,1852,0.43985352521273074,1780,0.43985352521273074,1780,4.338936375585001,1831,4.338936375585001,1831,4.438945021483048,1831,4.438945021483048,1831,4.1612017461401205,702,4.1612017461401205,702,4.4388223116362155,2300,4.4388223116362155,2300,0.4007245153644016,696,0.4007245153644016,696,5.301540186287876,1827,5.301540186287876,1827,5.367752233761146,1827,5.367752233761146,1827,5.666436663948244,1827,5.666436663948244,1827,5.93402987081494,2299,5.93402987081494,2299,0.5056268737174716,2275,0.5056268737174716,2275,5.414164172065578,1828,5.414164172065578,1828,5.526388041905777,1828,5.526388041905777,1828,4.995841940432655,702,4.995841940432655,702,4.917352704178642,2299,4.917352704178642,2299,0.5549557749887646,670,0.5549557749887646,670,3.6953623912783615,1005,3.6953623912783615,1005,3.6447308251422847,1005,3.6447308251422847,1005,3.375905971941878,921,3.375905971941878,921,3.1681916484884476,703,3.1681916484884476,703,0.45031711691047055,1005,0.45031711691047055,1005
background,107,,,,-1,4.907479160339508,,4.68168809139141,2204,4.68168809139141,2204,5.222518642645278,2204,5.222518642645278,2204,5.16492722638987,971,5.16492722638987,971,4.650709167856433,1257,4.650709167856433,1257,0.38558333506344417,2156,0.38558333506344417,2156,4.362303279799987,2296,4.362303279799987,2296,5.228621415900712,2296,5.228621415900712,2296,4.286014068833909,582,4.286014068833909,582,4.593521589291757,582,4.593521589291757,582,0.38727990857755956,2292,0.38727990857755956,2292,4.922992479966293,2296,4.922992479966293,2296,5.537992478576268,2296,5.537992478576268,2296,5.281976759059461,971,5.281976759059461,971,5.50943697477563,582,5.50943697477563,582,0.4674507228461291,558,0.4674507228461291,558,5.333448292915664,1365,5.333448292915664,1365,6.363827406795006,2299,6.363827406795006,2299,4.651722255459794,582,4.651722255459794,582,4.97243297357614,582,4.97243297357614,582,0.5126228424138038,34,0.5126228424138038,34,3.801651041677908,2295,3.801651041677908,2295,4.368709803450342,2295,4.368709803450342,2295,4.175734526787003,583,4.175734526787003,583,3.7200065676607017,1177,3.7200065676607017,1177,0.4610499358758409,583,0.4610499358758409,583
background,1110,,,,-1,4.295558074080033,,4.299646683814486,462,4.299646683814486,462,4.248812216579186,462,4.248812216579186,462,4.666886458632354,462,4.666886458632354,462,3.9569328835614788,489,3.9569328835614788,489,0.41102649535196223,414,0.41102649535196223,414,4.4855658331157136,463,4.4855658331157136,463,4.437357106767156,463,4.437357106767156,463,3.965133863292767,463,3.965133863292767,463,3.544358876617156,1213,3.544358876617156,1213,0.45292775402545105,177,0.45292775402545105,177,4.867126470132727,463,4.867126470132727,463,4.780051837045021,463,4.780051837045021,463,4.979186344760497,462,4.979186344760497,462,4.261968892810969,1952,4.261968892810969,1952,0.46366886273503904,399,0.46366886273503904,399,4.776503964991724,463,4.776503964991724,463,4.707842244056931,463,4.707842244056931,463,4.231970922178966,1397,4.231970922178966,1397,4.237471825893494,2294,4.237471825893494,2294,0.5145496068961,1365,0.5145496068961,1365,3.285153577987989,1985,3.285153577987989,1985,3.2266318460093704,1985,3.2266318460093704,1985,3.554189712196966,1985,3.554189712196966,1985,3.1264744819665338,729,3.1264744819665338,729,0.4257154822193897,1985,0.4257154822193897,1985
background,258,,,,-1,8.54845663160048,,4.123331940347047,1725,4.123331940347047,1725,4.598257868827745,1066,4.598257868827745,1066,4.664445734984642,1725,4.664445734984642,1725,4.457734616895709,1404,4.457734616895709,1404,0.3938328116406588,1018,0.3938328116406588,1018,5.483800602286948,1067,5.483800602286948,1067,6.236474818946545,1067,6.236474818946545,1067,3.7121423392759567,1436,3.7121423392759567,1436,4.140222932667103,4,4.140222932667103,4,0.4427410337398246,1061,0.4427410337398246,1061,5.105650731722863,1910,5.105650731722863,1910,5.434892183717333,1910,5.434892183717333,1910,4.941745894783531,2349,4.941745894783531,2349,5.653040565659935,2349,5.653040565659935,2349,0.6240996660662264,2333,0.6240996660662264,2333,7.266648002503435,1075,7.266648002503435,1075,8.354690969519307,1075,8.354690969519307,1075,4.80140905434293,2349,4.80140905434293,2349,4.904713216353833,2349,4.904713216353833,2349,0.5945378521756802,2317,0.5945378521756802,2317,3.83714824420298,2348,3.83714824420298,2348,4.093563650142349,2348,4.093563650142349,2348,3.7683739351500543,2348,3.7683739351500543,2348,4.049665646312657,2349,4.049665646312657,2349,0.5207771098441966,1020,0.5207771098441966,1020
background,363,,,,-1,1.1530371275950282,,3.9198712561456706,2263,3.9198712561456706,2263,3.826967778533758,2263,3.826967778533758,2263,4.391776571492593,2263,4.391776571492593,2263,4.2511154951398105,2263,4.2511154951398105,2263,0.4143010888510073,2214,0.4143010888510073,2214,3.8592543445560707,434,3.8592543445560707,434,3.9155233078221974,434,3.9155233078221974,434,3.196563027515673,1187,3.196563027515673,1187,3.3691532679189686,435,3.3691532679189686,435,0.42853689653891053,428,0.42853689653891053,428,3.94560661115548,2263,3.94560661115548,2263,4.177358100639734,624,4.177358100639734,624,4.408218548752125,2263,4.408218548752125,2263,4.2511154951398105,2263,4.2511154951398105,2263,0.4392122601510113,919,0.4392122601510113,919,4.441141726558613,434,4.441141726558613,434,4.800867286086082,346,4.800867286086082,346,3.8857038031465976,434,3.8857038031465976,434,4.442633506382396,434,4.442633506382396,434,0.5249350150152149,402,0.5249350150152149,402,3.3282251301653325,927,3.3282251301653325,927,3.3265418900197834,927,3.3265418900197834,927,3.7211995302906424,1591,3.7211995302906424,1591,3.65354466622692,2322,3.65354466622692,2322,0.4700302253001722,927,0.4700302253001722,927
background,761,,,,-1,4.395948473386462,,5.348752479687063,1983,5.348752479687063,1983,5.759622115464023,1983,5.759622115464023,1983,5.843802121320537,1983,5.843802121320537,1983,4.944406683156249,1983,4.944406683156249,1983,0.5252688443930393,1935,0.5252688443930393,1935,5.124392510940911,1642,5.124392510940911,1642,5.453692334643144,1985,5.453692334643144,1985,5.231973287483313,1642,5.231973287483313,1642,4.769110655865217,1642,4.769110655865217,1642,0.5086548364074592,1979,0.5086548364074592,1979,5.727807256547965,1983,5.727807256547965,1983,6.136105709085331,1983,6.136105709085331,1983,6.121521911117783,1983,6.121521911117783,1983,4.944406683156249,1983,4.944406683156249,1983,0.552472889847778,1919,0.552472889847778,1919,4.98443703007348,1984,4.98443703007348,1984,5.474574958832359,1984,5.474574958832359,1984,5.118708572315472,1984,5.118708572315472,1984,4.758869237723431,205,4.758869237723431,205,0.4957423899652468,1953,0.4957423899652468,1953,3.0388188138720187,1097,3.0388188138720187,1097,3.5355260095371763,2365,3.5355260095371763,2365,3.1025454078544774,1097,3.1025454078544774,1097,2.9716258433552136,1985,2.9716258433552136,1985,0.45247530323464336,1097,0.45247530323464336,1097
background,743,,,,-1,3.629490264528585,,3.3707324946723847,759,3.3707324946723847,759,3.699702430480657,759,3.699702430480657,759,3.7777391613977764,2185,3.7777391613977764,2185,3.976324161126913,2185,3.976324161126913,2185,0.33349849807088155,2137,0.33349849807088155,2137,3.5871658780478715,467,3.5871658780478715,467,3.5604724334154287,1070,3.5604724334154287,1070,3.231636267163393,467,3.231636267163393,467,3.552037702607377,19,3.552037702607377,19,0.374555242022734,52,0.374555242022734,52,4.149561041089829,872,4.149561041089829,872,4.470662999680586,872,4.470662999680586,872,3.9645517542512265,2186,3.9645517542512265,2186,4.669759078716619,18,4.669759078716619,18,0.47152537241961306,1888,0.47152537241961306,1888,4.243090343065917,299,4.243090343065917,299,4.583795830399074,644,4.583795830399074,644,3.5088822120608776,401,3.5088822120608776,401,4.128448178203201,401,4.128448178203201,401,0.4755237418790018,369,0.4755237418790018,369,3.1803598387499306,1417,3.1803598387499306,1417,3.137448446280539,1267,3.137448446280539,1267,3.1932384733077974,1417,3.1932384733077974,1417,3.633155810702417,954,3.633155810702417,954,0.3804966638321342,30,0.3804966638321342,30
background,86,,,,-1,1.4363500958956084,,3.3440581234574243,474,3.3440581234574243,474,3.7261460985342016,474,3.7261460985342016,474,3.637376625154079,502,3.637376625154079,502,3.6983661198896267,502,3.6983661198896267,502,0.3551713693779925,426,0.3551713693779925,426,3.1948314929046084,474,3.1948314929046084,474,3.571812529816494,474,3.571812529816494,474,3.27572220288633,474,3.27572220288633,474,3.2352750206262617,474,3.2352750206262617,474,0.3541065978483135,324,0.3541065978483135,324,3.710020467612299,2196,3.710020467612299,2196,3.795778099997021,454,3.795778099997021,454,3.846464770701978,1296,3.846464770701978,1296,4.523054529697122,1296,4.523054529697122,1296,0.48940343121863605,2180,0.48940343121863605,2180,3.937253406523128,1178,3.937253406523128,1178,4.3138476863481685,323,4.3138476863481685,323,4.023196089340226,1178,4.023196089340226,1178,4.6075640865521965,1178,4.6075640865521965,1178,0.4931307750007432,1146,0.4931307750007432,1146,2.8586838478701915,2335,2.8586838478701915,2335,3.1316923504318006,994,3.1316923504318006,994,3.1054677224924103,2335,3.1054677224924103,2335,3.570656294057609,2335,3.570656294057609,2335,0.405433960455191,1586,0.405433960455191,1586
background,342,,,,-1,8.676895141284644,,4.1259533684733025,1960,4.1259533684733025,1960,4.306259827682348,1960,4.306259827682348,1960,4.379620059085638,1960,4.379620059085638,1960,4.990530221131075,1938,4.990530221131075,1938,0.32765898985289515,1912,0.32765898985289515,1912,3.869253673052924,1627,3.869253673052924,1627,3.920278404819654,1627,3.920278404819654,1627,3.486147299354838,1209,3.486147299354838,1209,3.9724392183925072,912,3.9724392183925072,912,0.3976360372797424,1328,0.3976360372797424,1328,4.3862582569867765,913,4.3862582569867765,913,4.513164311303259,1961,4.513164311303259,1961,4.598219263707761,1961,4.598219263707761,1961,5.264802346982268,913,5.264802346982268,913,0.5832923622704925,83,0.5832923622704925,83,4.469412618724508,565,4.469412618724508,565,4.539415328315034,665,4.539415328315034,665,4.083266913360204,1949,4.083266913360204,1949,4.481711611526861,151,4.481711611526861,151,0.5112049978436529,57,0.5112049978436529,57,3.698867644669627,91,3.698867644669627,91,3.831944960690076,91,3.831944960690076,91,3.95005355571681,91,3.95005355571681,91,3.9548868927849234,91,3.9548868927849234,91,0.5300461098460871,165,0.5300461098460871,165
background,509,,,,-1,4.874863519446839,,4.066683365722126,356,4.066683365722126,356,4.212073327392407,1130,4.212073327392407,1130,4.302063405677824,1130,4.302063405677824,1130,4.760588941531832,1265,4.760588941531832,1265,0.44277947932717915,1082,0.44277947932717915,1082,4.196988777450682,1437,4.196988777450682,1437,4.201701277519275,1437,4.201701277519275,1437,3.8524257458619204,1437,3.8524257458619204,1437,4.177430529041899,5,4.177430529041899,5,0.39697201476748323,1431,0.39697201476748323,1431,4.2336991463771545,356,4.2336991463771545,356,4.685088165874191,32,4.685088165874191,32,4.40661871618908,1130,4.40661871618908,1130,4.865830834029113,1265,4.865830834029113,1265,0.4656832459644727,279,0.4656832459644727,279,4.178160725826481,1437,4.178160725826481,1437,4.342617433288129,357,4.342617433288129,357,4.241090417395222,295,4.241090417395222,295,4.57680939044264,4,4.57680939044264,4,0.4780080246840951,1221,0.4780080246840951,1221,3.7593458060947156,295,3.7593458060947156,295,4.0568342080651725,295,4.0568342080651725,295,4.007066663384358,295,4.007066663384358,295,4.682876103950872,295,4.682876103950872,295,0.38330365119332244,295,0.38330365119332244,295
background,1146,,,,-1,3.8676999486714725,,4.186299684430298,871,4.186299684430298,871,4.286718148704236,871,4.286718148704236,871,4.27046963495494,871,4.27046963495494,871,4.0170974676320865,980,4.0170974676320865,980,0.3527664299498753,823,0.3527664299498753,823,3.963780102035514,952,3.963780102035514,952,4.033711078833897,952,4.033711078833897,952,3.3216754189277298,952,3.3216754189277298,952,3.3254846780814757,791,3.3254846780814757,791,0.3695243470483695,49,0.3695243470483695,49,5.492940716852928,426,5.492940716852928,426,5.808992046996325,426,5.808992046996325,426,4.977036982677536,427,4.977036982677536,427,4.413565896376282,55,4.413565896376282,55,0.4762249874953441,338,0.4762249874953441,338,4.945356236952393,950,4.945356236952393,950,5.0416956720902615,951,5.0416956720902615,951,4.057770467319279,1165,4.057770467319279,1165,4.923636886750501,1165,4.923636886750501,1165,0.5886489597451158,2364,0.5886489597451158,2364,3.397395774409038,750,3.397395774409038,750,3.5228247804385076,750,3.5228247804385076,750,3.23859240982606,750,3.23859240982606,750,3.178459798889633,1653,3.178459798889633,1653,0.4614338343535452,12,0.4614338343535452,12
background,1082,,,,-1,4.530247158210508,,4.863714227738001,196,4.863714227738001,196,4.687209213975408,196,4.687209213975408,196,4.957417287439569,196,4.957417287439569,196,5.009405355641276,196,5.009405355641276,196,0.46652106519774106,148,0.46652106519774106,148,5.667904931731744,196,5.667904931731744,196,5.4569504542099745,196,5.4569504542099745,196,4.697978062458875,196,4.697978062458875,196,4.761639003432708,196,4.761639003432708,196,0.49635531945539074,190,0.49635531945539074,190,5.29478688580597,1053,5.29478688580597,1053,5.382515009870206,1053,5.382515009870206,1053,5.208300072573786,196,5.208300072573786,196,5.516510171279995,196,5.516510171279995,196,0.4936357758676869,156,0.4936357758676869,156,5.590343261586269,196,5.590343261586269,196,5.821700499898355,1053,5.821700499898355,1053,4.80153848594585,195,4.80153848594585,195,5.033869308646685,195,5.033869308646685,195,0.5101897005403637,302,0.5101897005403637,302,3.7925335298615863,335,3.7925335298615863,335,3.660906907641072,335,3.660906907641072,335,3.3682847817018007,335,3.3682847817018007,335,2.9499273433447293,2222,2.9499273433447293,2222,0.44224312679073946,335,0.44224312679073946,335
background,735,,,,-1,2.0872993649880636,,3.829544800098918,1229,3.829544800098918,1229,4.031553489839905,283,4.031553489839905,283,4.27091223310476,1229,4.27091223310476,1229,4.160521453295896,237,4.160521453295896,237,0.37018844061984196,1181,0.37018844061984196,1181,3.838043161557734,1198,3.838043161557734,1198,3.351322450481081,1198,3.351322450481081,1198,3.6795700070624116,1228,3.6795700070624116,1228,3.739894135124175,1228,3.739894135124175,1228,0.38717851970614925,1192,0.38717851970614925,1192,4.326256409285932,1505,4.326256409285932,1505,4.736457012225181,885,4.736457012225181,885,4.301580084257592,1229,4.301580084257592,1229,4.319527320679655,1228,4.319527320679655,1228,0.42065154973058816,2246,0.42065154973058816,2246,3.8666217740582223,557,3.8666217740582223,557,4.368716522666713,249,4.368716522666713,249,4.32490250135294,1544,4.32490250135294,1544,4.4298407124535615,1544,4.4298407124535615,1544,0.4748894627583052,265,0.4748894627583052,265,3.099169465631684,2247,3.099169465631684,2247,3.045330792132061,1106,3.045330792132061,1106,3.139637882142676,2247,3.139637882142676,2247,3.2404172078433873,2254,3.2404172078433873,2254,0.45659951769810647,2247,0.45659951769810647,2247
background,474,,,,-1,8.118403304243987,,4.470430035340213,1673,4.470430035340213,1673,4.827389997865496,1673,4.827389997865496,1673,5.061398135362096,293,5.061398135362096,293,5.286877873516488,293,5.286877873516488,293,0.4552408375717586,1625,0.4552408375717586,1625,4.982744326994227,1673,4.982744326994227,1673,5.4801407160221745,1673,5.4801407160221745,1673,4.32388456286102,1673,4.32388456286102,1673,4.031273898332993,1184,4.031273898332993,1184,0.5132683284054527,1667,0.5132683284054527,1667,4.947408631463436,2172,4.947408631463436,2172,5.157117659907834,2172,5.157117659907834,2172,5.061398135362096,293,5.061398135362096,293,5.687381578444115,2172,5.687381578444115,2172,0.5080123244884953,1247,0.5080123244884953,1247,5.585011640613633,1674,5.585011640613633,1674,6.111842597876521,1674,6.111842597876521,1674,5.0286726039389,1673,5.0286726039389,1673,5.450718901613138,2172,5.450718901613138,2172,0.5840497546939034,1641,0.5840497546939034,1641,4.737779460981303,1303,4.737779460981303,1303,5.153563837979463,1303,5.153563837979463,1303,4.954052094081578,1303,4.954052094081578,1303,4.353173421534686,1674,4.353173421534686,1674,0.5826785222863055,1303,0.5826785222863055,1303
background,978,,,,-1,4.8100994497297735,,4.512268186211662,2146,4.512268186211662,2146,4.4276340538023895,2146,4.4276340538023895,2146,4.496258268414925,2146,4.496258268414925,2146,4.375598417899132,335,4.375598417899132,335,0.45353022007356447,2098,0.45353022007356447,2098,4.631870409573706,2145,4.631870409573706,2145,4.6512580870497935,2145,4.6512580870497935,2145,3.959395461969225,2145,3.959395461969225,2145,4.045097233963683,2391,4.045097233963683,2391,0.47476877843384985,2139,0.47476877843384985,2139,4.512268186211662,2146,4.512268186211662,2146,4.4276340538023895,2146,4.4276340538023895,2146,4.531954925117719,2146,4.531954925117719,2146,4.767347330210465,1183,4.767347330210465,1183,0.4610258923509242,2106,0.4610258923509242,2106,4.940269034563704,2146,4.940269034563704,2146,4.99853838573156,2147,4.99853838573156,2147,4.226155636341101,2146,4.226155636341101,2146,4.913534216767916,1512,4.913534216767916,1512,0.49471021164427575,1480,0.49471021164427575,1480,3.0048841006899276,2146,3.0048841006899276,2146,3.1605251207475518,625,3.1605251207475518,625,3.00260743220553,1152,3.00260743220553,1152,3.2426040754792003,2389,3.2426040754792003,2389,0.4140001674826089,1332,0.4140001674826089,1332
background,886,,,,-1,4.450073409081921,,4.431418465022888,586,4.431418465022888,586,4.311327620738003,586,4.311327620738003,586,4.742326123238652,586,4.742326123238652,586,4.881600633890404,586,4.881600633890404,586,0.4521929002046136,538,0.4521929002046136,538,3.7168510606634233,1989,3.7168510606634233,1989,3.9983905960431976,1989,3.9983905960431976,1989,3.6543201442309146,2182,3.6543201442309146,2182,3.808726835335,2029,3.808726835335,2029,0.40330114142439333,2176,0.40330114142439333,2176,4.795781390160901,586,4.795781390160901,586,4.653374212303752,586,4.653374212303752,586,5.026845330407217,586,5.026845330407217,586,5.483177491955831,586,5.483177491955831,586,0.49238473966890767,546,0.49238473966890767,546,4.860385351559501,496,4.860385351559501,496,4.780215262196398,496,4.780215262196398,496,4.43878711091067,585,4.43878711091067,585,4.796052752063859,585,4.796052752063859,585,0.535426835508489,2156,0.535426835508489,2156,3.1503262443619304,1061,3.1503262443619304,1061,3.386587918234891,2282,3.386587918234891,2282,3.3737995641779164,31,3.3737995641779164,31,3.354357912541898,2127,3.354357912541898,2127,0.46975937558006753,31,0.46975937558006753,31
background,784,,,,-1,4.712023103561459,,4.113890677925924,90,4.113890677925924,90,4.284514209620103,90,4.284514209620103,90,4.44016918574136,976,4.44016918574136,976,4.454460116477784,975,4.454460116477784,975,0.4417743466930442,42,0.4417743466930442,42,4.084709479581619,91,4.084709479581619,91,4.32991144297446,91,4.32991144297446,91,3.8351167443652296,91,3.8351167443652296,91,5.538519826392658,4,5.538519826392658,4,0.45198790350146617,85,0.45198790350146617,85,4.595615193949189,2314,4.595615193949189,2314,4.539741765372105,90,4.539741765372105,90,4.44016918574136,976,4.44016918574136,976,5.41354476954496,5,5.41354476954496,5,0.4900711538547288,492,0.4900711538547288,492,4.451912439280414,2341,4.451912439280414,2341,4.317862543363203,1580,4.317862543363203,1580,3.824717064313413,1385,3.824717064313413,1385,5.593640639871114,3,5.593640639871114,3,0.466462812914606,779,0.466462812914606,779,3.527070799386544,465,3.527070799386544,465,3.56418166741879,465,3.56418166741879,465,3.384692021795892,1009,3.384692021795892,1009,4.139494192105055,1,4.139494192105055,1,0.4622141537050723,419,0.4622141537050723,419
background,702,,,,-1,4.566042759453446,,4.566193477956018,365,4.566193477956018,365,4.288169572901994,365,4.288169572901994,365,5.363499108886817,365,5.363499108886817,365,5.229514573792886,364,5.229514573792886,364,0.3742643309129441,317,0.3742643309129441,317,4.557506051491371,821,4.557506051491371,821,4.337453365906679,314,4.337453365906679,314,4.581651641485274,821,4.581651641485274,821,4.455837827824544,821,4.455837827824544,821,0.4733231911216908,815,0.4733231911216908,815,5.57963083758323,989,5.57963083758323,989,4.996056781213094,989,4.996056781213094,989,5.363499108886817,365,5.363499108886817,365,5.5077363779481425,1028,5.5077363779481425,1028,0.4999333306579162,796,0.4999333306579162,796,5.252927525124441,1824,5.252927525124441,1824,4.93929674063302,1824,4.93929674063302,1824,5.044494492128415,821,5.044494492128415,821,5.354651362808015,1298,5.354651362808015,1298,0.563025374980347,1266,0.563025374980347,1266,3.2829287652373944,500,3.2829287652373944,500,3.3327285659532664,82,3.3327285659532664,82,3.576722661192804,1138,3.576722661192804,1138,3.4130052976288043,1297,3.4130052976288043,1297,0.5161530776845314,500,0.5161530776845314,500
background,902,,,,-1,5.865083530707246,,3.8823316957148704,652,3.8823316957148704,652,4.186754569402218,652,4.186754569402218,652,4.613780562046245,1685,4.613780562046245,1685,4.4008049886607035,1685,4.4008049886607035,1685,0.33900439737486315,425,0.33900439737486315,425,4.667628070184267,653,4.667628070184267,653,4.844599156487656,653,4.844599156487656,653,4.118732729785509,653,4.118732729785509,653,4.0018712213316014,4,4.0018712213316014,4,0.42368124813094643,647,0.42368124813094643,647,4.562656275590297,2110,4.562656275590297,2110,4.682396023757541,2110,4.682396023757541,2110,4.82035040281154,1684,4.82035040281154,1684,5.099249525591801,678,5.099249525591801,678,0.44728741691442403,1574,0.44728741691442403,1574,5.25227634398996,2083,5.25227634398996,2083,5.573262656578214,2083,5.573262656578214,2083,4.409332552888101,652,4.409332552888101,652,4.278766458547562,678,4.278766458547562,678,0.4570598176441552,620,0.4570598176441552,620,3.6422391772273177,650,3.6422391772273177,650,3.7944122669105944,650,3.7944122669105944,650,3.43691767885073,650,3.43691767885073,650,3.3912825363808965,650,3.3912825363808965,650,0.4187135784342965,1573,0.4187135784342965,1573
background,890,,,,-1,4.490684384750098,,4.371983310953202,625,4.371983310953202,625,4.691820786546507,625,4.691820786546507,625,4.500863337119034,624,4.500863337119034,624,3.9780043502424958,624,3.9780043502424958,624,0.4275588213389509,577,0.4275588213389509,577,3.6286093082524284,627,3.6286093082524284,627,3.9766543782060504,985,3.9766543782060504,985,3.4216391531971073,627,3.4216391531971073,627,3.3180183398676584,755,3.3180183398676584,755,0.3893685403927558,979,0.3893685403927558,979,4.612720749899695,629,4.612720749899695,629,4.960298544636912,629,4.960298544636912,629,4.500863337119034,624,4.500863337119034,624,4.245756581171869,754,4.245756581171869,754,0.4275588213389509,577,0.4275588213389509,577,4.52860526082142,1409,4.52860526082142,1409,4.735718369484003,984,4.735718369484003,984,3.970737037720229,624,3.970737037720229,624,4.179837694965699,874,4.179837694965699,874,0.5064678262630993,952,0.5064678262630993,952,3.0847733545207014,1122,3.0847733545207014,1122,3.246889607977212,1813,3.246889607977212,1813,3.22392766744435,1813,3.22392766744435,1813,3.1756918470778404,754,3.1756918470778404,754,0.44827850760970345,859,0.44827850760970345,859
background,314,,,,-1,4.112642664184628,,3.4942333716973066,1296,3.4942333716973066,1296,3.62640570515923,431,3.62640570515923,431,4.238286486207972,1662,4.238286486207972,1662,4.516422436415969,1662,4.516422436415969,1662,0.3756490774231938,1614,0.3756490774231938,1614,3.9223353629506366,433,3.9223353629506366,433,4.572354877023768,433,4.572354877023768,433,3.528513090769109,1298,3.528513090769109,1298,3.7912933163818594,1298,3.7912933163818594,1298,0.3892258527865467,920,0.3892258527865467,920,4.373275477319669,796,4.373275477319669,796,5.075222730134952,698,5.075222730134952,698,4.238286486207972,1662,4.238286486207972,1662,4.741966649500969,406,4.741966649500969,406,0.4729888382943866,390,0.4729888382943866,390,5.152011363223403,698,5.152011363223403,698,6.431780661836793,698,6.431780661836793,698,4.157501969689031,1297,4.157501969689031,1297,4.714841249686,1297,4.714841249686,1297,0.5143222631560467,666,0.5143222631560467,666,3.071482978059604,117,3.071482978059604,117,3.427763931727303,926,3.427763931727303,926,2.971947628387856,1297,2.971947628387856,1297,3.4079718902442404,406,3.4079718902442404,406,0.3935461557703839,633,0.3935461557703839,633
background,572,,,,-1,1.5482548106038097,,3.3833469557204623,156,3.3833469557204623,156,4.6251802046417705,776,4.6251802046417705,776,3.8956105591912578,2103,3.8956105591912578,2103,4.492160816932104,2378,4.492160816932104,2378,0.31914977092131036,108,0.31914977092131036,108,4.003932429607651,1214,4.003932429607651,1214,4.344452130558567,157,4.344452130558567,157,3.842055032293947,157,3.842055032293947,157,4.2164868113547636,157,4.2164868113547636,157,0.43120466281329556,1208,0.43120466281329556,1208,4.35407384972174,717,4.35407384972174,717,5.714692179380767,796,5.714692179380767,796,4.372896515760835,157,4.372896515760835,157,5.151667375109745,717,5.151667375109745,717,0.4832164905876698,701,0.4832164905876698,701,4.57755506317277,717,4.57755506317277,717,7.958065009374627,808,7.958065009374627,808,4.6085716118039315,717,4.6085716118039315,717,5.392056007229759,717,5.392056007229759,717,0.509402165221245,2125,0.509402165221245,2125,3.3478802694026837,1100,3.3478802694026837,1100,4.258521881054145,821,4.258521881054145,821,3.3746599364840617,1100,3.3746599364840617,1100,3.2591641451966216,821,3.2591641451966216,821,0.45716448106526014,1100,0.45716448106526014,1100
background,242,,,,-1,4.843452837036962,,4.007807608918016,462,4.007807608918016,462,4.2371823423724235,2230,4.2371823423724235,2230,4.898300961908314,462,4.898300961908314,462,5.393665328954605,462,5.393665328954605,462,0.3979241785336414,414,0.3979241785336414,414,4.296605656753102,1109,4.296605656753102,1109,4.462576954220558,1109,4.462576954220558,1109,3.5498562643093505,669,3.5498562643093505,669,4.039833860892456,465,4.039833860892456,465,0.4382917366284917,1103,0.4382917366284917,1103,4.5301370916077754,1332,4.5301370916077754,1332,5.0774348640060065,1332,5.0774348640060065,1332,5.030900970781728,463,5.030900970781728,463,5.643990973418896,463,5.643990973418896,463,0.5632755751085863,2350,0.5632755751085863,2350,5.101670199831447,472,5.101670199831447,472,5.928919506124736,1349,5.928919506124736,1349,5.718344029427357,1349,5.718344029427357,1349,5.789854278011617,1349,5.789854278011617,1349,0.5274553220879972,441,0.5274553220879972,441,3.380949938644293,1502,3.380949938644293,1502,3.7222229892889307,1502,3.7222229892889307,1502,3.489375100652778,218,3.489375100652778,218,3.483122636339258,1653,3.483122636339258,1653,0.5145733351634323,2358,0.5145733351634323,2358
background,56,,,,-1,2.11704252789119,,3.6785707056603214,195,3.6785707056603214,195,3.5862140165713656,558,3.5862140165713656,558,4.361562484706432,195,4.361562484706432,195,4.297062735230814,195,4.297062735230814,195,0.41429954356472515,146,0.41429954356472515,146,3.6011623090173535,1198,3.6011623090173535,1198,3.5732102610925454,2085,3.5732102610925454,2085,3.6999285689489465,1744,3.6999285689489465,1744,3.5468715686126697,194,3.5468715686126697,194,0.402777463756353,2381,0.402777463756353,2381,5.501834252257935,2289,5.501834252257935,2289,5.021489862308615,2289,5.021489862308615,2289,4.361562484706432,195,4.361562484706432,195,4.353850481210641,1934,4.353850481210641,1934,0.5565288995168968,1926,0.5565288995168968,1926,6.068523748298392,844,6.068523748298392,844,6.943382242971865,842,6.943382242971865,842,4.027835887254239,1141,4.027835887254239,1141,4.624305349351016,639,4.624305349351016,639,0.5309938872143658,1109,0.5309938872143658,1109,3.2349329751876987,1934,3.2349329751876987,1934,3.132382114565238,1934,3.132382114565238,1934,3.5195901436414645,1906,3.5195901436414645,1906,3.4067573868209484,1743,3.4067573868209484,1743,0.48708732222294293,1934,0.48708732222294293,1934
background,683,,,,-1,1.2706142248836938,,3.0137081961703527,1884,3.0137081961703527,1884,3.101357423654957,1039,3.101357423654957,1039,3.2391361985868863,1039,3.2391361985868863,1039,3.302770825723965,1884,3.302770825723965,1884,0.32821107693380064,1040,0.32821107693380064,1040,3.3187871710403174,149,3.3187871710403174,149,3.112486560395391,999,3.112486560395391,999,3.4159925767783683,1442,3.4159925767783683,1442,3.944593654969847,2395,3.944593654969847,2395,0.35775188160038984,2075,0.35775188160038984,2075,3.5733990705871994,1003,3.5733990705871994,1003,4.348914970620795,941,4.348914970620795,941,4.0588266449648485,1038,4.0588266449648485,1038,4.042270472032049,169,4.042270472032049,169,0.4092292410302138,1515,0.4092292410302138,1515,4.6001575564310935,1122,4.6001575564310935,1122,5.309295640006064,1122,5.309295640006064,1122,4.013897936645652,1122,4.013897936645652,1122,4.505912409346542,1544,4.505912409346542,1544,0.4756237876939443,1090,0.4756237876939443,1090,3.5135264800281925,660,3.5135264800281925,660,4.047961261234378,660,4.047961261234378,660,3.6050472969762914,660,3.6050472969762914,660,3.2040065781834604,2397,3.2040065781834604,2397,0.3943788436929916,660,0.3943788436929916,660
background,164,,,,-1,3.183933741110918,,3.858811030732729,1834,3.858811030732729,1834,4.045013655985683,1834,4.045013655985683,1834,3.9928237732958305,1834,3.9928237732958305,1834,3.7544829021448196,1834,3.7544829021448196,1834,0.4158677358284461,1688,0.4158677358284461,1688,4.286146445900108,155,4.286146445900108,155,4.697445667374906,155,4.697445667374906,155,4.094297444076289,1837,4.094297444076289,1837,3.672014763697106,2265,3.672014763697106,2265,0.5286702691895813,2259,0.5286702691895813,2259,3.9218322625901454,620,3.9218322625901454,620,4.2175576536217765,620,4.2175576536217765,620,3.9928237732958305,1834,3.9928237732958305,1834,4.500905663737408,1945,4.500905663737408,1945,0.5037273597855716,1929,0.5037273597855716,1929,4.60727471834916,154,4.60727471834916,154,5.041510183068736,154,5.041510183068736,154,4.289466693265072,2265,4.289466693265072,2265,4.503800834902984,2265,4.503800834902984,2265,0.5641611046779053,2233,0.5641611046779053,2233,3.725607768409593,153,3.725607768409593,153,4.069919956596218,153,4.069919956596218,153,3.4792475858070793,153,3.4792475858070793,153,3.8249741449011108,153,3.8249741449011108,153,0.43536875099526784,621,0.43536875099526784,621
background,208,,,,-1,6.035688396010161,,5.929072804626232,1703,5.929072804626232,1703,5.915482988751441,1703,5.915482988751441,1703,6.084174713690013,1703,6.084174713690013,1703,5.60323961125022,1704,5.60323961125022,1704,0.5246708083910661,1656,0.5246708083910661,1656,5.12093442000715,424,5.12093442000715,424,5.34240980964239,424,5.34240980964239,424,4.949974333257914,1706,4.949974333257914,1706,4.580116811141167,1706,4.580116811141167,1706,0.4783118363354977,418,0.4783118363354977,418,5.929072804626232,1703,5.929072804626232,1703,5.915482988751441,1703,5.915482988751441,1703,6.084174713690013,1703,6.084174713690013,1703,5.72972315642206,1704,5.72972315642206,1704,0.5246708083910661,1656,0.5246708083910661,1656,5.970309656051833,418,5.970309656051833,418,6.311134532388848,418,6.311134532388848,418,5.1595788830354525,1703,5.1595788830354525,1703,4.645216651195792,1706,4.645216651195792,1706,0.6034289465581841,386,0.6034289465581841,386,2.817687693936285,611,2.817687693936285,611,2.8771250141059794,422,2.8771250141059794,422,2.969931891811392,1481,2.969931891811392,1481,3.009556370152897,2010,3.009556370152897,2010,0.46047102965749503,1481,0.46047102965749503,1481
background,534,,,,-1,5.546200303102554,,3.626438711510546,2325,3.626438711510546,2325,3.896549492265639,2325,3.896549492265639,2325,4.162751807324434,1355,4.162751807324434,1355,4.486436054711336,1355,4.486436054711336,1355,0.39750048482979244,1307,0.39750048482979244,1307,4.222057891189621,704,4.222057891189621,704,4.33115678446903,704,4.33115678446903,704,3.303308855931005,704,3.303308855931005,704,3.5687689309541515,1725,3.5687689309541515,1725,0.4160859913685751,832,0.4160859913685751,832,3.9817444548588177,840,3.9817444548588177,840,3.896549492265639,2325,3.896549492265639,2325,4.2447915706411825,1355,4.2447915706411825,1355,4.661476555040092,1355,4.661476555040092,1355,0.4681125784879782,686,0.4681125784879782,686,5.308843531100867,696,5.308843531100867,696,5.541798211591267,696,5.541798211591267,696,4.0344079535723445,696,4.0344079535723445,696,4.329772392871401,1756,4.329772392871401,1756,0.5786448109835673,664,0.5786448109835673,664,3.180016614787723,310,3.180016614787723,310,3.151855840369454,1667,3.151855840369454,1667,3.5019584032984645,310,3.5019584032984645,310,3.2000140842222518,1537,3.2000140842222518,1537,0.4771846206198426,310,0.4771846206198426,310
background,627,,,,-1,4.255842547429662,,3.1858622469066447,793,3.1858622469066447,793,3.249723783602529,2225,3.249723783602529,2225,3.7026813381908945,945,3.7026813381908945,945,4.635903936642357,945,4.635903936642357,945,0.3747652374113587,897,0.3747652374113587,897,3.5255295370634125,1363,3.5255295370634125,1363,3.5694046720729746,1363,3.5694046720729746,1363,3.3876565845389504,356,3.3876565845389504,356,4.224382117725149,945,4.224382117725149,945,0.40237947752872816,532,0.40237947752872816,532,4.379470932556056,945,4.379470932556056,945,4.2801753186601985,945,4.2801753186601985,945,4.719626102929444,945,4.719626102929444,945,5.6392270162701195,945,5.6392270162701195,945,0.46252155521637717,913,0.46252155521637717,913,5.045404081335541,1189,5.045404081335541,1189,5.401648110232992,232,5.401648110232992,232,3.832369238064982,355,3.832369238064982,355,4.4482559587389305,944,4.4482559587389305,944,0.46809329033040264,1450,0.46809329033040264,1450,3.1912569442599645,1483,3.1912569442599645,1483,3.450710137494128,1483,3.450710137494128,1483,3.16824904114289,256,3.16824904114289,256,3.2982163064216294,2033,3.2982163064216294,2033,0.38913915406604854,2121,0.38913915406604854,2121
background,772,,,,-1,5.772285855892979,,4.269585705945338,865,4.269585705945338,865,4.720943854890777,2346,4.720943854890777,2346,4.588538937350603,865,4.588538937350603,865,4.228074383777933,254,4.228074383777933,254,0.35787653830142574,817,0.35787653830142574,817,4.718567800358013,910,4.718567800358013,910,5.556999864939412,2345,5.556999864939412,2345,4.544683677853223,233,4.544683677853223,233,4.689441527651442,233,4.689441527651442,233,0.4759362217649869,227,0.4759362217649869,227,5.596868665559142,1262,5.596868665559142,1262,6.203597131161652,1262,6.203597131161652,1262,5.0762452409397,233,5.0762452409397,233,5.691385572824976,233,5.691385572824976,233,0.5011764022730789,1799,0.5011764022730789,1799,5.346977563858901,1289,5.346977563858901,1289,6.807970364362327,2335,6.807970364362327,2335,4.910771284283249,232,4.910771284283249,232,5.313718264643692,232,5.313718264643692,232,0.5409409566010008,2303,0.5409409566010008,2303,3.3795765814406415,1815,3.3795765814406415,1815,4.110650005698867,2342,4.110650005698867,2342,3.291918948072387,292,3.291918948072387,292,3.6349697996673607,746,3.6349697996673607,746,0.4303582371223635,2342,0.4303582371223635,2342
background,841,,,,-1,5.658368416723731,,4.107622552200955,2106,4.107622552200955,2106,4.105977227223964,2106,4.105977227223964,2106,4.122345584181146,2106,4.122345584181146,2106,4.324308957948854,1046,4.324308957948854,1046,0.4077346098486177,2058,0.4077346098486177,2058,4.512549788338293,2106,4.512549788338293,2106,4.50970227155869,2106,4.50970227155869,2106,4.250794089139882,2106,4.250794089139882,2106,4.495723390188922,1045,4.495723390188922,1045,0.42266919879784604,2100,0.42266919879784604,2100,4.585393152565859,1045,4.585393152565859,1045,4.786028601019843,1045,4.786028601019843,1045,4.6631446900898865,1045,4.6631446900898865,1045,5.496607001465106,1045,5.496607001465106,1045,0.49991440741482435,2285,0.49991440741482435,2285,4.721909227110222,2106,4.721909227110222,2106,4.721731926228367,2106,4.721731926228367,2106,4.568195796588916,1045,4.568195796588916,1045,5.452375709447711,1045,5.452375709447711,1045,0.5093748552931558,1013,0.5093748552931558,1013,3.2294114295271883,1044,3.2294114295271883,1044,3.2930866520113953,1044,3.2930866520113953,1044,3.231229067563191,1044,3.231229067563191,1044,3.563692019370196,1044,3.563692019370196,1044,0.41324607948906134,2022,0.41324607948906134,2022
background,867,,,,-1,5.9340609143671115,,3.846266481741258,2136,3.846266481741258,2136,4.082439357157617,654,4.082439357157617,654,4.362860201848091,227,4.362860201848091,227,4.600696610710888,226,4.600696610710888,226,0.38907008248908925,179,0.38907008248908925,179,4.219702807602029,657,4.219702807602029,657,4.474127714820637,657,4.474127714820637,657,3.8630402312257064,228,3.8630402312257064,228,4.050967194772112,228,4.050967194772112,228,0.4646370106245184,651,0.4646370106245184,651,4.503725982944826,655,4.503725982944826,655,4.878580814577027,655,4.878580814577027,655,4.5014279128450685,655,4.5014279128450685,655,4.7145856395475905,226,4.7145856395475905,226,0.4616244206094578,583,0.4616244206094578,583,4.815277458501576,656,4.815277458501576,656,5.074201567164043,656,5.074201567164043,656,4.033206148929197,1182,4.033206148929197,1182,4.714256860776405,1182,4.714256860776405,1182,0.5415231600840305,624,0.5415231600840305,624,3.8863681891429307,1208,3.8863681891429307,1208,4.017549474200544,1208,4.017549474200544,1208,3.9135946599994496,1208,3.9135946599994496,1208,3.195968403676494,1096,3.195968403676494,1096,0.5340628569951341,1208,0.5340628569951341,1208
background,610,,,,-1,7.358312734150112,,3.858520226879507,873,3.858520226879507,873,3.9688341799486713,873,3.9688341799486713,873,4.599974886309114,873,4.599974886309114,873,3.996988684696394,873,3.996988684696394,873,0.37947035999575646,1497,0.37947035999575646,1497,4.06445079706849,229,4.06445079706849,229,4.29226735658388,229,4.29226735658388,229,3.7851574885474926,229,3.7851574885474926,229,3.806120056843979,2261,3.806120056843979,2261,0.3681532117959037,1541,0.3681532117959037,1541,4.207936587050439,2260,4.207936587050439,2260,4.311190794308629,874,4.311190794308629,874,5.097492975205109,874,5.097492975205109,874,4.9470732196597895,2260,4.9470732196597895,2260,0.4521014044263572,2244,0.4521014044263572,2244,4.8597252983035695,890,4.8597252983035695,890,4.925872363653251,890,4.925872363653251,890,4.415972293777948,2260,4.415972293777948,2260,5.0023396568547644,2260,5.0023396568547644,2260,0.45861134601107056,2228,0.45861134601107056,2228,3.371109654761046,2062,3.371109654761046,2062,3.5520777978020583,2062,3.5520777978020583,2062,3.4522476907984734,2062,3.4522476907984734,2062,3.0384193107611557,2062,3.0384193107611557,2062,0.5053069772695391,945,0.5053069772695391,945
background,755,,,,-1,6.102369950747413,,3.9681234101849263,950,3.9681234101849263,950,4.127467740091125,950,4.127467740091125,950,4.475267163717895,950,4.475267163717895,950,4.2953242365656115,1059,4.2953242365656115,1059,0.36333339515385343,499,0.36333339515385343,499,3.9794080898494273,1283,3.9794080898494273,1283,3.897372713227661,1283,3.897372713227661,1283,3.753410193117506,950,3.753410193117506,950,3.676569532661292,1059,3.676569532661292,1059,0.38603443497798473,1277,0.38603443497798473,1277,4.71438509332766,546,4.71438509332766,546,4.882531007662654,546,4.882531007662654,546,4.583855283583749,546,4.583855283583749,546,5.218708146169006,1058,5.218708146169006,1058,0.4652289552772073,466,0.4652289552772073,466,4.2992576864549035,2203,4.2992576864549035,2203,4.2956807924509945,2203,4.2956807924509945,2203,4.495375415532967,2203,4.495375415532967,2203,5.3131862045742855,2203,5.3131862045742855,2203,0.4404175402768088,2171,0.4404175402768088,2171,2.9885771939904684,1493,2.9885771939904684,1493,2.9519632512451985,1493,2.9519632512451985,1493,3.2325932708703693,338,3.2325932708703693,338,3.070264514846026,2083,3.070264514846026,2083,0.42803032172264716,338,0.42803032172264716,338
background,1175,,,,-1,4.941508990311335,,4.277067656795198,393,4.277067656795198,393,4.437103827832042,393,4.437103827832042,393,4.621952610123513,791,4.621952610123513,791,6.419841970106618,5,6.419841970106618,5,0.385945945251934,345,0.385945945251934,345,4.477141108173139,393,4.477141108173139,393,4.648117030437276,393,4.648117030437276,393,4.02742336818749,393,4.02742336818749,393,5.71707780325928,4,5.71707780325928,4,0.37742587949783896,1427,0.37742587949783896,1427,4.765338436788484,2017,4.765338436788484,2017,4.904693305370138,2017,4.904693305370138,2017,4.621952610123513,791,4.621952610123513,791,6.984079321749174,5,6.984079321749174,5,0.44279753872737637,1186,0.44279753872737637,1186,4.63690484128886,393,4.63690484128886,393,4.813241535869687,393,4.813241535869687,393,4.564282621528494,2035,4.564282621528494,2035,6.982822855554743,6,6.982822855554743,6,0.47331336188946316,1400,0.47331336188946316,1400,3.176315300715607,1918,3.176315300715607,1918,3.1950162092677252,1918,3.1950162092677252,1918,3.407201770898914,1918,3.407201770898914,1918,4.4481389347284725,1,4.4481389347284725,1,0.4437522552746755,1860,0.4437522552746755,1860
background,389,,,,-1,4.48511844070277,,4.200711860760255,623,4.200711860760255,623,4.0598990525332885,2393,4.0598990525332885,2393,4.454544172088132,624,4.454544172088132,624,3.960207511930065,599,3.960207511930065,599,0.3573563663886938,551,0.3573563663886938,551,4.54102547983527,479,4.54102547983527,479,4.884354593076912,2396,4.884354593076912,2396,4.251539935697661,623,4.251539935697661,623,3.5002792578247504,599,3.5002792578247504,599,0.4717869657580053,2261,0.4717869657580053,2261,4.87779933420875,1523,4.87779933420875,1523,5.3079173391275,1523,5.3079173391275,1523,4.6091730246570295,624,4.6091730246570295,624,4.444514706979446,1930,4.444514706979446,1930,0.5396060732498617,1512,0.5396060732498617,1512,5.725188520585268,2140,5.725188520585268,2140,6.560967659795142,1546,6.560967659795142,1546,4.262536498472411,622,4.262536498472411,622,4.690334756210707,1820,4.690334756210707,1820,0.479217450737996,1369,0.479217450737996,1369,3.800909809512159,1520,3.800909809512159,1520,4.007223399882928,1520,4.007223399882928,1520,3.850104519608424,1520,3.850104519608424,1520,3.7918313902598166,1372,3.7918313902598166,1372,0.48978606306777867,1520,0.48978606306777867,1520
background,190,,,,-1,3.4645542508225087,,5.017713031116727,311,5.017713031116727,311,5.185219572197859,311,5.185219572197859,311,4.969011078599132,311,4.969011078599132,311,4.058611983632698,2346,4.058611983632698,2346,0.4635758213533727,2298,0.4635758213533727,2298,5.279516005307159,313,5.279516005307159,313,5.464558371376019,313,5.464558371376019,313,4.60463901069516,313,4.60463901069516,313,3.6321101578658324,2205,3.6321101578658324,2205,0.5407631923692906,2341,0.5407631923692906,2341,6.868347299221434,311,6.868347299221434,311,7.112100697755853,311,7.112100697755853,311,6.061637019022538,311,6.061637019022538,311,4.210947093092189,2346,4.210947093092189,2346,0.6339969716772603,231,0.6339969716772603,231,5.962404267521593,310,5.962404267521593,310,6.185585450290757,310,6.185585450290757,310,5.0399120096313315,310,5.0399120096313315,310,4.629970643403269,1814,4.629970643403269,1814,0.5638019352420728,278,0.5638019352420728,278,3.675089961586504,463,3.675089961586504,463,3.958346955123851,463,3.958346955123851,463,3.625436662161036,1302,3.625436662161036,1302,3.0523240624601087,2202,3.0523240624601087,2202,0.4854398991085547,1302,0.4854398991085547,1302
background,487,,,,-1,5.019512981820398,,5.298873828103459,364,5.298873828103459,364,5.195955025692364,364,5.195955025692364,364,6.111472015158744,364,6.111472015158744,364,4.833200830093693,364,4.833200830093693,364,0.457781912457091,317,0.457781912457091,317,4.371791823756633,365,4.371791823756633,365,4.262966298832857,365,4.262966298832857,365,4.454669376131418,365,4.454669376131418,365,3.418906121309925,337,3.418906121309925,337,0.39663724267871475,1918,0.39663724267871475,1918,6.551122255302787,363,6.551122255302787,363,6.4030411197924835,363,6.4030411197924835,363,7.167650768717292,363,7.167650768717292,363,5.5398848163201295,363,5.5398848163201295,363,0.5851445102183674,299,0.5851445102183674,299,4.867811617230777,363,4.867811617230777,363,5.231581621868413,1103,5.231581621868413,1103,4.848459525545316,363,4.848459525545316,363,3.943848693864288,1467,3.943848693864288,1467,0.50409389386623,688,0.50409389386623,688,2.8555880738217545,1926,2.8555880738217545,1926,2.830289069165998,576,2.830289069165998,576,2.946482915000349,1971,2.946482915000349,1971,3.3178128048689666,1925,3.3178128048689666,1925,0.43379154684754223,1971,0.43379154684754223,1971
background,121,,,,-1,4.575011222339634,,5.259297189164729,34,5.259297189164729,34,5.131317184690256,34,5.131317184690256,34,5.588905108966457,34,5.588905108966457,34,5.036821377149534,883,5.036821377149534,883,0.42978360038250196,2385,0.42978360038250196,2385,5.04409280104889,172,5.04409280104889,172,5.114809643690453,172,5.114809643690453,172,4.780943805279327,883,4.780943805279327,883,4.95204869751072,883,4.95204869751072,883,0.44178470956685567,1719,0.44178470956685567,1719,7.035058606670666,33,7.035058606670666,33,6.907705609689098,33,6.907705609689098,33,6.733172368096653,34,6.733172368096653,34,5.149413453864417,1044,5.149413453864417,1044,0.5667122355181229,2360,0.5667122355181229,2360,5.9853990738455805,165,5.9853990738455805,165,6.154366699021115,165,6.154366699021115,165,5.035221173563198,33,5.035221173563198,33,5.137734030111761,883,5.137734030111761,883,0.4703281264367731,918,0.4703281264367731,918,3.4618584104755645,169,3.4618584104755645,169,3.4588811452051247,169,3.4588811452051247,169,3.3282103657111803,881,3.3282103657111803,881,3.320661456820091,881,3.320661456820091,881,0.45564018775839704,1571,0.45564018775839704,1571
background,995,,,,-1,5.240960952344659,,4.541336724600328,1507,4.541336724600328,1507,4.857705563782384,1507,4.857705563782384,1507,4.704262658482818,1507,4.704262658482818,1507,5.1801861777373075,21,5.1801861777373075,21,0.41012157023917745,1459,0.41012157023917745,1459,5.16595942471538,1966,5.16595942471538,1966,6.34470801195707,1966,6.34470801195707,1966,4.334496493919009,1966,4.334496493919009,1966,4.403049343817356,48,4.403049343817356,48,0.5396350054646483,1960,0.5396350054646483,1960,5.185037296954092,730,5.185037296954092,730,6.311414273419705,730,6.311414273419705,730,5.009167743040291,2364,5.009167743040291,2364,5.908902171932084,2364,5.908902171932084,2364,0.6376213217901073,2340,0.6376213217901073,2340,5.33905939648199,728,5.33905939648199,728,7.176813650621841,730,7.176813650621841,730,4.587042224142626,1965,4.587042224142626,1965,4.946260656033247,2364,4.946260656033247,2364,0.5506551454493026,696,0.5506551454493026,696,3.637579680511208,2336,3.637579680511208,2336,4.5614446637695085,2336,4.5614446637695085,2336,3.5408386028938477,2336,3.5408386028938477,2336,3.8708277030638114,2364,3.8708277030638114,2364,0.4863803307281944,2378,0.4863803307281944,2378
background,543,,,,-1,3.3595284735416326,,6.043429861055621,803,6.043429861055621,803,6.513690791758847,803,6.513690791758847,803,6.995589971552309,803,6.995589971552309,803,6.441432139970903,803,6.441432139970903,803,0.5680221385040994,755,0.5680221385040994,755,3.9658055908725087,887,3.9658055908725087,887,4.252142020380565,887,4.252142020380565,887,4.71788755638587,804,4.71788755638587,804,4.22885564934571,804,4.22885564934571,804,0.42414335857253865,2221,0.42414335857253865,2221,6.059566748632621,803,6.059566748632621,803,6.5365697118842805,803,6.5365697118842805,803,7.107998788792361,803,7.107998788792361,803,6.441432139970903,803,6.441432139970903,803,0.5809628462527533,747,0.5809628462527533,747,4.517725036565586,888,4.517725036565586,888,4.973408064362214,888,4.973408064362214,888,5.261259474673317,802,5.261259474673317,802,4.797583120871335,802,4.797583120871335,802,0.540117593793191,673,0.540117593793191,673,3.7734438572824267,2369,3.7734438572824267,2369,3.974675990755908,705,3.974675990755908,705,3.7097041511174504,2369,3.7097041511174504,2369,3.4779096405816086,2369,3.4779096405816086,2369,0.43740614096982855,2369,0.43740614096982855,2369
background,128,,,,-1,4.09194861578669,,3.65552253208562,1874,3.65552253208562,1874,3.792365037737177,1874,3.792365037737177,1874,3.5877785028462568,1874,3.5877785028462568,1874,3.26499185900562,1874,3.26499185900562,1874,0.3937693314955197,1826,0.3937693314955197,1826,4.772595922407179,2124,4.772595922407179,2124,4.916441091376259,2124,4.916441091376259,2124,4.1425945528693076,2124,4.1425945528693076,2124,3.8618661391714757,2124,3.8618661391714757,2124,0.5069720489379803,2118,0.5069720489379803,2118,4.5122771738355825,444,4.5122771738355825,444,5.013259521454574,192,5.013259521454574,192,4.4726359721111315,2123,4.4726359721111315,2123,4.903498807659904,2123,4.903498807659904,2123,0.48559722091871255,365,0.48559722091871255,365,5.669744171439056,845,5.669744171439056,845,6.469992787896502,845,6.469992787896502,845,4.493946811700885,2123,4.493946811700885,2123,5.0317831375398185,1148,5.0317831375398185,1148,0.5640501191424526,1938,0.5640501191424526,1938,3.0964725735019214,2123,3.0964725735019214,2123,3.4774923491163685,187,3.4774923491163685,187,3.177343149400583,2300,3.177343149400583,2300,3.272927807607312,562,3.272927807607312,562,0.5073552233815362,2300,0.5073552233815362,2300
background,448,,,,-1,5.464979130001245,,4.673663661310016,676,4.673663661310016,676,4.5584387460869245,676,4.5584387460869245,676,5.159532434659499,676,5.159532434659499,676,4.620290084181087,676,4.620290084181087,676,0.4341224804746372,628,0.4341224804746372,628,4.0931890271009195,1264,4.0931890271009195,1264,4.379120480264553,1264,4.379120480264553,1264,4.299651129586738,677,4.299651129586738,677,4.067576157758627,235,4.067576157758627,235,0.44458639120295473,673,0.44458639120295473,673,4.731227171919923,675,4.731227171919923,675,4.626210671296804,675,4.626210671296804,675,5.221553261519278,676,5.221553261519278,676,4.6981607084039005,235,4.6981607084039005,235,0.46096485299727397,211,0.46096485299727397,211,5.074690714271716,1040,5.074690714271716,1040,5.631670592689401,1040,5.631670592689401,1040,4.579476376605025,678,4.579476376605025,678,4.710979551479491,234,4.710979551479491,234,0.5098161809874565,1505,0.5098161809874565,1505,3.294484708037227,809,3.294484708037227,809,3.27069154804269,809,3.27069154804269,809,3.1629340605841905,263,3.1629340605841905,263,3.1056758808839233,2229,3.1056758808839233,2229,0.4390333891999902,2022,0.4390333891999902,2022
background,485,,,,-1,4.030519998955521,,5.138957510195397,260,5.138957510195397,260,5.109407151104979,260,5.109407151104979,260,5.502187735938361,260,5.502187735938361,260,4.5630378766579405,260,4.5630378766579405,260,0.46984222177892526,212,0.46984222177892526,212,4.666171409789746,263,4.666171409789746,263,4.638729260648645,2382,4.638729260648645,2382,4.178265999173908,263,4.178265999173908,263,4.074485695380538,690,4.074485695380538,690,0.40881321500207574,257,0.40881321500207574,257,5.763752584659339,259,5.763752584659339,259,5.752523746233464,259,5.752523746233464,259,6.03222662207189,259,6.03222662207189,259,5.564007395697489,599,5.564007395697489,599,0.5539214881329272,583,0.5539214881329272,583,5.242413547611799,261,5.242413547611799,261,6.14870097943306,1442,6.14870097943306,1442,4.668299066376767,260,4.668299066376767,260,4.650842082513976,599,4.650842082513976,599,0.5376323046672776,710,0.5376323046672776,710,3.9447672662016995,599,3.9447672662016995,599,4.118748124780486,599,4.118748124780486,599,4.1578144997998,599,4.1578144997998,599,3.9442706289321876,599,3.9442706289321876,599,0.476596998478788,599,0.476596998478788,599
background,9,,,,-1,3.3159869075794615,,3.4620306138694206,1961,3.4620306138694206,1961,3.5615477002659777,1260,3.5615477002659777,1260,3.660951907064495,1961,3.660951907064495,1961,4.026447357824117,1260,4.026447357824117,1260,0.3738599897834649,1212,0.3738599897834649,1212,4.2307320111495805,1349,4.2307320111495805,1349,4.522385451429601,1349,4.522385451429601,1349,3.403982489260489,2246,3.403982489260489,2246,3.662755014950289,1261,3.662755014950289,1261,0.4185418993230467,1342,0.4185418993230467,1342,4.783537506046966,369,4.783537506046966,369,4.773302524429702,369,4.773302524429702,369,3.9444226442365737,1260,3.9444226442365737,1260,4.524366217050902,1260,4.524366217050902,1260,0.47058560606896427,1892,0.47058560606896427,1892,6.052341614353443,369,6.052341614353443,369,6.369470106486783,369,6.369470106486783,369,3.649775908368154,2247,3.649775908368154,2247,4.0748740860518256,151,4.0748740860518256,151,0.5373058682072751,337,0.5373058682072751,337,3.7544289380513853,1023,3.7544289380513853,1023,3.774484403065336,1023,3.774484403065336,1023,3.7607327540326736,1746,3.7607327540326736,1746,3.617727831719092,1023,3.617727831719092,1023,0.46090331778291294,1746,0.46090331778291294,1746
background,1214,,,,-1,6.0584015635395385,,4.386655190237354,564,4.386655190237354,564,4.633213035756291,564,4.633213035756291,564,4.734509015365952,564,4.734509015365952,564,4.917476125577936,3,4.917476125577936,3,0.44609061081409024,1059,0.44609061081409024,1059,4.297169532488338,1109,4.297169532488338,1109,4.9904224060309845,1522,4.9904224060309845,1522,4.3024258378888565,564,4.3024258378888565,564,5.52742584040249,5,5.52742584040249,5,0.4822483826341662,283,0.4822483826341662,283,5.0805546619988755,1171,5.0805546619988755,1171,5.47527042806896,1172,5.47527042806896,1172,5.252775244557023,1215,5.252775244557023,1215,5.611280858550219,3,5.611280858550219,3,0.5167542771889744,265,0.5167542771889744,265,5.70190414928653,1197,5.70190414928653,1197,5.5442935250845045,1199,5.5442935250845045,1199,4.237194596215714,564,4.237194596215714,564,6.012705629111561,4,6.012705629111561,4,0.5354981326701386,257,0.5354981326701386,257,3.4401049115604247,527,3.4401049115604247,527,3.918660546283262,2288,3.918660546283262,2288,3.4683337631352846,527,3.4683337631352846,527,3.8036933059852367,2,3.8036933059852367,2,0.4297278280095971,1926,0.4297278280095971,1926
background,208,,,,-1,6.035688396010161,,4.114995882085683,871,4.114995882085683,871,4.33093689905754,870,4.33093689905754,870,4.522504170945586,871,4.522504170945586,871,4.648223443930756,870,4.648223443930756,870,0.36131199391141583,822,0.36131199391141583,822,3.9199836359518243,77,3.9199836359518243,77,4.070446583290582,77,4.070446583290582,77,3.7531631408802526,871,3.7531631408802526,871,3.7610611839208974,871,3.7610611839208974,871,0.4212863890327237,71,0.4212863890327237,71,4.4025919610086,870,4.4025919610086,870,4.6261825937318735,870,4.6261825937318735,870,4.664085871749554,870,4.664085871749554,870,5.064134354550358,870,5.064134354550358,870,0.5082859551338066,1605,0.5082859551338066,1605,5.0588462278681074,160,5.0588462278681074,160,5.516468223597361,160,5.516468223597361,160,4.3218265445996975,160,4.3218265445996975,160,4.228044425816265,160,4.228044425816265,160,0.4673209761027993,128,0.4673209761027993,128,3.456425640254481,1237,3.456425640254481,1237,3.400892203771879,1237,3.400892203771879,1237,3.433310690794869,1237,3.433310690794869,1237,3.2875304347114405,1613,3.2875304347114405,1613,0.47944936481864897,1613,0.47944936481864897,1613
background,111,,,,-1,1.9256461054421146,,3.565940087177615,633,3.565940087177615,633,3.8287087560271402,633,3.8287087560271402,633,3.7587462604205615,1203,3.7587462604205615,1203,4.181864769382166,1140,4.181864769382166,1140,0.3721682702684113,585,0.3721682702684113,585,3.9875065408844854,632,3.9875065408844854,632,4.09695173005265,632,4.09695173005265,632,3.6434596564189747,632,3.6434596564189747,632,3.8812304793581682,1460,3.8812304793581682,1460,0.41222653971350715,626,0.41222653971350715,626,3.5788847760962863,2200,3.5788847760962863,2200,3.948660037173675,1167,3.948660037173675,1167,3.8825422189775023,1167,3.8825422189775023,1167,4.526943452446558,2200,4.526943452446558,2200,0.47512313230038106,1454,0.47512313230038106,1454,4.748266292176724,1187,4.748266292176724,1187,5.824796334528605,1187,5.824796334528605,1187,3.6885502507714905,632,3.6885502507714905,632,4.216762322631513,2200,4.216762322631513,2200,0.4804581133870981,1213,0.4804581133870981,1213,3.2772696327184265,633,3.2772696327184265,633,3.443678218467553,633,3.443678218467553,633,3.168452696982569,633,3.168452696982569,633,3.4900519624804596,1062,3.4900519624804596,1062,0.40382288768141306,977,0.40382288768141306,977
background,1028,,,,-1,4.261579808296459,,3.75396846763411,1659,3.75396846763411,1659,3.82895813580154,1659,3.82895813580154,1659,4.360347962166017,1096,4.360347962166017,1096,4.018077081427794,1637,4.018077081427794,1637,0.3684262105341546,1048,0.3684262105341546,1048,4.189993292493522,1175,4.189993292493522,1175,4.291413860351824,1175,4.291413860351824,1175,3.7679327086870398,1274,3.7679327086870398,1274,4.257263246876388,4,4.257263246876388,4,0.38527361438550367,1169,0.38527361438550367,1169,4.285009931503753,137,4.285009931503753,137,4.227135055792278,137,4.227135055792278,137,4.473233308388381,1096,4.473233308388381,1096,4.963968584573117,137,4.963968584573117,137,0.4345268891831614,113,0.4345268891831614,113,4.935854786132645,1177,4.935854786132645,1177,5.128533043816315,1177,5.128533043816315,1177,4.335018872998442,137,4.335018872998442,137,4.987686676725433,137,4.987686676725433,137,0.5031979197659283,1613,0.5031979197659283,1613,2.969584417798931,677,2.969584417798931,677,3.15651127385782,677,3.15651127385782,677,3.242034227919155,677,3.242034227919155,677,3.4717614043401173,1637,3.4717614043401173,1637,0.39413862763043245,1708,0.39413862763043245,1708
background,978,,,,-1,4.8100994497297735,,3.751176549153544,2384,3.751176549153544,2384,3.587356938121269,2384,3.587356938121269,2384,3.93397733842435,2384,3.93397733842435,2384,4.171740818738046,1015,4.171740818738046,1015,0.3495260854631508,967,0.3495260854631508,967,4.265082340934371,2384,4.265082340934371,2384,4.235329041087712,381,4.235329041087712,381,3.7582846931654585,2384,3.7582846931654585,2384,3.5898649062504155,1035,3.5898649062504155,1035,0.38595722032611396,2377,0.38595722032611396,2377,4.175698921544285,1016,4.175698921544285,1016,4.493999525702216,54,4.493999525702216,54,4.309414045352813,54,4.309414045352813,54,4.967281527502493,1016,4.967281527502493,1016,0.5282562339634737,18,0.5282562339634737,18,4.527770834984806,2384,4.527770834984806,2384,4.7203666203802666,54,4.7203666203802666,54,4.201556149184753,54,4.201556149184753,54,4.773776177798321,54,4.773776177798321,54,0.5102395387140827,22,0.5102395387140827,22,3.0038295774941353,985,3.0038295774941353,985,3.094325219576611,985,3.094325219576611,985,3.206384771371209,985,3.206384771371209,985,3.3510076518363374,1799,3.3510076518363374,1799,0.4039710354426097,26,0.4039710354426097,26
background,509,,,,-1,4.874863519446839,,4.3454466105423,454,4.3454466105423,454,4.307159442717253,454,4.307159442717253,454,4.565415906925731,454,4.565415906925731,454,4.399166368198382,454,4.399166368198382,454,0.45355159901138303,406,0.45355159901138303,406,4.0020451545172415,1952,4.0020451545172415,1952,3.9978876548662137,454,3.9978876548662137,454,3.7087301721381896,454,3.7087301721381896,454,3.8030961463306,1695,3.8030961463306,1695,0.39789724841363006,1689,0.39789724841363006,1689,4.390207588342245,1694,4.390207588342245,1694,4.3128980167756,454,4.3128980167756,454,4.565415906925731,454,4.565415906925731,454,4.852248434193935,1694,4.852248434193935,1694,0.46715355795838304,1654,0.46715355795838304,1654,4.296814406384988,1953,4.296814406384988,1953,4.323380679106675,1600,4.323380679106675,1600,3.7819129651682633,454,3.7819129651682633,454,5.584313717195741,4,5.584313717195741,4,0.49066551415075427,1568,0.49066551415075427,1568,3.976899395220887,1760,3.976899395220887,1760,3.9102160038039773,1760,3.9102160038039773,1760,3.9628618895392025,1760,3.9628618895392025,1760,3.1121848136928145,1521,3.1121848136928145,1521,0.5261104167012977,1760,0.5261104167012977,1760
background,426,,,,-1,3.716204894255417,,2.8150302740396835,1693,2.8150302740396835,1693,2.851867322060031,708,2.851867322060031,708,3.222747334265172,1855,3.222747334265172,1855,3.311330850616523,1855,3.311330850616523,1855,0.34479034649047474,1807,0.34479034649047474,1807,3.3278860978230416,1305,3.3278860978230416,1305,3.363977726820417,1003,3.363977726820417,1003,2.8865383472808332,2260,2.8865383472808332,2260,3.3520373021743723,1723,3.3520373021743723,1723,0.3622492768658719,997,0.3622492768658719,997,3.640355992985469,308,3.640355992985469,308,3.9289192204732983,646,3.9289192204732983,646,3.7780146092574496,810,3.7780146092574496,810,4.408584177340161,308,4.408584177340161,308,0.4469797966975713,2120,0.4469797966975713,2120,4.348126022956869,308,4.348126022956869,308,4.399231268456672,308,4.399231268456672,308,4.449938663222254,308,4.449938663222254,308,5.143825939336464,308,5.143825939336464,308,0.4844899944578571,276,0.4844899944578571,276,3.3585924364830686,1777,3.3585924364830686,1777,3.2640234898814455,1777,3.2640234898814455,1777,3.4410088400996277,1777,3.4410088400996277,1777,3.253867684265798,2128,3.253867684265798,2128,0.4708797379163811,2128,0.4708797379163811,2128
background,500,,,,-1,7.37773012885102,,4.019713535103543,346,4.019713535103543,346,4.083578066587033,346,4.083578066587033,346,4.2874920243752825,898,4.2874920243752825,898,4.502439481818613,898,4.502439481818613,898,0.3921757684228886,850,0.3921757684228886,850,4.284907895262906,1149,4.284907895262906,1149,4.377054276357495,1149,4.377054276357495,1149,3.9898157873223155,347,3.9898157873223155,347,3.3667180938686996,713,3.3667180938686996,713,0.3987456006338386,341,0.3987456006338386,341,4.22409184142129,346,4.22409184142129,346,4.245255294183623,346,4.245255294183623,346,4.2874920243752825,898,4.2874920243752825,898,4.804078405304241,2341,4.804078405304241,2341,0.48438763752012237,2317,0.48438763752012237,2317,4.964605628713201,523,4.964605628713201,523,4.80934848638004,163,4.80934848638004,163,4.021815531522856,1148,4.021815531522856,1148,4.028233610816051,2050,4.028233610816051,2050,0.4476612160218729,681,0.4476612160218729,681,3.028403780255836,1343,3.028403780255836,1343,3.028855947633359,1147,3.028855947633359,1147,3.239425555671216,1343,3.239425555671216,1343,3.1427782066236745,2229,3.1427782066236745,2229,0.41765998984082453,1343,0.41765998984082453,1343
background,977,,,,-1,2.1518404472866637,,4.176440523320513,1115,4.176440523320513,1115,4.070652254289497,1115,4.070652254289497,1115,4.245057613905635,1115,4.245057613905635,1115,4.013705907963036,1791,4.013705907963036,1791,0.42143493958765776,1066,0.42143493958765776,1066,3.4341465033282024,1115,3.4341465033282024,1115,3.712334591196598,622,3.712334591196598,622,3.357469172481336,1115,3.357469172481336,1115,3.8567755090679205,1792,3.8567755090679205,1792,0.3789400384752514,1259,0.3789400384752514,1259,4.176440523320513,1115,4.176440523320513,1115,4.177358534389697,511,4.177358534389697,511,4.245057613905635,1115,4.245057613905635,1115,4.840265557037176,1792,4.840265557037176,1792,0.4946573192940299,2189,0.4946573192940299,2189,3.80349644283579,621,3.80349644283579,621,4.363160094529502,678,4.363160094529502,678,4.104178278015583,1792,4.104178278015583,1792,4.8354855487337955,1792,4.8354855487337955,1792,0.4678244700100557,2366,0.4678244700100557,2366,3.5521157229630536,1019,3.5521157229630536,1019,3.525384807058193,1019,3.525384807058193,1019,3.533317873254349,1200,3.533317873254349,1200,3.3927472706074857,1019,3.3927472706074857,1019,0.4499522388123535,2197,0.4499522388123535,2197
background,305,,,,-1,5.678794756851182,,5.1320246814114805,1385,5.1320246814114805,1385,4.890577958321356,1385,4.890577958321356,1385,5.156239845335682,1385,5.156239845335682,1385,4.258497322435632,1464,4.258497322435632,1464,0.45108610180331693,1337,0.45108610180331693,1337,4.929528136143367,1386,4.929528136143367,1386,4.825011404727251,1386,4.825011404727251,1386,4.103719547705478,1386,4.103719547705478,1386,3.5036400944447736,1890,3.5036400944447736,1890,0.3793706102185593,1883,0.3793706102185593,1883,6.490428529379208,1385,6.490428529379208,1385,6.209129512804263,1385,6.209129512804263,1385,5.997192584466311,1385,5.997192584466311,1385,4.799512917138049,1889,4.799512917138049,1889,0.5707134232084137,1305,0.5707134232084137,1305,6.275944807815405,1384,6.275944807815405,1384,6.173036964061131,1384,6.173036964061131,1384,5.120786467767833,1384,5.120786467767833,1384,4.281044086855313,2280,4.281044086855313,2280,0.5804241187271421,1352,0.5804241187271421,1352,3.227152714825362,1939,3.227152714825362,1939,3.22521156484972,46,3.22521156484972,46,3.2111632755282646,1939,3.2111632755282646,1939,3.180820591091053,326,3.180820591091053,326,0.4331633723153561,46,0.4331633723153561,46
background,285,,,,-1,4.50616010982578,,5.021445009462251,1864,5.021445009462251,1864,5.274820834758409,1694,5.274820834758409,1694,5.3487921479795615,1864,5.3487921479795615,1864,5.21139141682374,1320,5.21139141682374,1320,0.42583704228791486,1815,0.42583704228791486,1815,4.728099552535222,890,4.728099552535222,890,4.8793746394032915,13,4.8793746394032915,13,4.507139565150476,1032,4.507139565150476,1032,3.8748047532294208,890,3.8748047532294208,890,0.543978990453909,637,0.543978990453909,637,5.075622022684102,1863,5.075622022684102,1863,5.56994909507646,1542,5.56994909507646,1542,5.350171770513251,1863,5.350171770513251,1863,5.6223663467057,1674,5.6223663467057,1674,0.4787504370609584,625,0.4787504370609584,625,5.271000220669339,1666,5.271000220669339,1666,6.196500778348877,1666,6.196500778348877,1666,4.865340218388349,1542,4.865340218388349,1542,5.662449118040529,1542,5.662449118040529,1542,0.5941343357337074,610,0.5941343357337074,610,3.38358198430319,1412,3.38358198430319,1412,4.071511474555488,1412,4.071511474555488,1412,3.229184744434244,1412,3.229184744434244,1412,3.129968046554431,1542,3.129968046554431,1542,0.41040745898176356,2388,0.41040745898176356,2388
background,1262,,,,-1,3.529296701678043,,3.587756386406811,451,3.587756386406811,451,3.600471593323229,451,3.600471593323229,451,4.01531822671076,1113,4.01531822671076,1113,4.05994354642896,1113,4.05994354642896,1113,0.4047909184834092,1129,0.4047909184834092,1129,3.849926195893679,1113,3.849926195893679,1113,3.8167893631276253,717,3.8167893631276253,717,3.8306005646007812,327,3.8306005646007812,327,3.771237465724089,1113,3.771237465724089,1113,0.41777802984313456,321,0.41777802984313456,321,3.7589691121608606,941,3.7589691121608606,941,3.7602825898756507,941,3.7602825898756507,941,4.01531822671076,1113,4.01531822671076,1113,4.508323053160827,941,4.508323053160827,941,0.4656091095805616,253,0.4656091095805616,253,4.6667950313769175,277,4.6667950313769175,277,4.690131031190923,623,4.690131031190923,623,4.150993733037418,277,4.150993733037418,277,4.039478477048554,263,4.039478477048554,263,0.5528374864932325,245,0.5528374864932325,245,3.3454617005297416,261,3.3454617005297416,261,3.217259581763592,261,3.217259581763592,261,3.246916280686689,261,3.246916280686689,261,3.1590998636262557,2192,3.1590998636262557,2192,0.4494342470198633,261,0.4494342470198633,261
background,823,,,,-1,2.1619924170029265,,4.032702468822275,2238,4.032702468822275,2238,3.908169237524929,2238,3.908169237524929,2238,4.51432452764745,2238,4.51432452764745,2238,4.360742530158989,2239,4.360742530158989,2239,0.5162287830038279,2191,0.5162287830038279,2191,3.886132765265273,1501,3.886132765265273,1501,3.8877886930478534,1501,3.8877886930478534,1501,3.743848774626164,2239,3.743848774626164,2239,3.8903968452332403,2239,3.8903968452332403,2239,0.43835031811977204,1495,0.43835031811977204,1495,4.401061930554913,2347,4.401061930554913,2347,4.482164592385352,2347,4.482164592385352,2347,4.51432452764745,2238,4.51432452764745,2238,4.434667215933931,2239,4.434667215933931,2239,0.5300731854697285,2252,0.5300731854697285,2252,4.6431408297514585,1498,4.6431408297514585,1498,4.911143396055248,2347,4.911143396055248,2347,3.893791120104991,2239,3.893791120104991,2239,4.16220136964586,499,4.16220136964586,499,0.511846893440483,1466,0.511846893440483,1466,3.304441651127179,1502,3.304441651127179,1502,3.5086369357176217,824,3.5086369357176217,824,3.16005246459159,824,3.16005246459159,824,3.0382825463247265,824,3.0382825463247265,824,0.41725949262857437,824,0.41725949262857437,824
background,639,,,,-1,5.365098249476154,,3.971929628969729,911,3.971929628969729,911,3.950102496227846,911,3.950102496227846,911,4.243288554813436,352,4.243288554813436,352,4.627499021926253,353,4.627499021926253,353,0.3716805374539788,863,0.3716805374539788,863,3.908009105401919,2040,3.908009105401919,2040,3.871029262921349,2040,3.871029262921349,2040,3.675888821435361,911,3.675888821435361,911,3.6676796350728473,333,3.6676796350728473,333,0.4286658832617672,1771,0.4286658832617672,1771,4.057697726686725,352,4.057697726686725,352,4.143999568325777,635,4.143999568325777,635,4.282825366309055,353,4.282825366309055,353,4.793748493576296,353,4.793748493576296,353,0.4538906675875763,2017,0.4538906675875763,2017,4.395901350781781,283,4.395901350781781,283,4.276856156794573,283,4.276856156794573,283,3.98067218662351,2040,3.98067218662351,2040,4.230020803364167,2040,4.230020803364167,2040,0.49591735221116856,1745,0.49591735221116856,1745,2.71958444993346,1335,2.71958444993346,1335,2.664724743352269,1335,2.664724743352269,1335,2.623761088622994,635,2.623761088622994,635,2.8252134034084735,635,2.8252134034084735,635,0.4205522089156602,7,0.4205522089156602,7
background,809,,,,-1,4.953601073289128,,3.9385975831558917,385,3.9385975831558917,385,3.8229135046888745,385,3.8229135046888745,385,4.140115939445834,385,4.140115939445834,385,4.330397643613674,385,4.330397643613674,385,0.4356787106662922,337,0.4356787106662922,337,3.835163476086143,227,3.835163476086143,227,4.126079242866062,2336,4.126079242866062,2336,3.4649823348821163,384,3.4649823348821163,384,4.367546734714565,2393,4.367546734714565,2393,0.4247465193581589,2386,0.4247465193581589,2386,4.112637752735013,385,4.112637752735013,385,4.201933918828743,2392,4.201933918828743,2392,4.268164086212379,385,4.268164086212379,385,4.74224144969352,732,4.74224144969352,732,0.45582054600363886,345,0.45582054600363886,345,3.9539561912403784,228,3.9539561912403784,228,4.362688337261218,2392,4.362688337261218,2392,3.944533965551335,1114,3.944533965551335,1114,5.065171636437749,2392,5.065171636437749,2392,0.5084258448504868,2360,0.5084258448504868,2360,3.080345060151998,229,3.080345060151998,229,3.690130098022742,2394,3.690130098022742,2394,3.1324462654444822,734,3.1324462654444822,734,3.3855128893140436,2394,3.3855128893140436,2394,0.47819065062937455,2394,0.47819065062937455,2394
background,69,,,,-1,5.172409221949868,,4.824428774582157,1121,4.824428774582157,1121,4.649283712581515,1121,4.649283712581515,1121,5.357391365558734,945,5.357391365558734,945,4.721281321220381,2138,4.721281321220381,2138,0.4261432447203796,1073,0.4261432447203796,1073,4.30674889443831,996,4.30674889443831,996,4.4360341394020555,1268,4.4360341394020555,1268,4.155403413754218,1946,4.155403413754218,1946,4.589307910702391,2139,4.589307910702391,2139,0.44909332355830917,156,0.44909332355830917,156,5.037445783789122,996,5.037445783789122,996,4.982104511824582,548,4.982104511824582,548,5.485714372717717,944,5.485714372717717,944,5.461877700606978,2138,5.461877700606978,2138,0.5058729406555745,467,0.5058729406555745,467,5.271323296947427,2297,5.271323296947427,2297,5.538760250323948,2297,5.538760250323948,2297,4.666365357131589,1945,4.666365357131589,1945,5.098024312021445,1945,5.098024312021445,1945,0.43895040471771174,1262,0.43895040471771174,1262,3.717636062791063,995,3.717636062791063,995,3.762520285372221,1292,3.762520285372221,1292,3.7491936847252365,995,3.7491936847252365,995,3.4381806908781716,2140,3.4381806908781716,2140,0.4416025875302364,1292,0.4416025875302364,1292
background,953,,,,-1,4.321747500705626,,4.546008418940709,427,4.546008418940709,427,4.551158060640066,427,4.551158060640066,427,4.628110005402101,427,4.628110005402101,427,5.577321943559804,5,5.577321943559804,5,0.4212419277542995,379,0.4212419277542995,379,3.8176766971558567,345,3.8176766971558567,345,3.7517340906700025,345,3.7517340906700025,345,3.479769145956753,429,3.479769145956753,429,5.812304300469215,4,5.812304300469215,4,0.4117179836716018,339,0.4117179836716018,339,4.758087210936125,2014,4.758087210936125,2014,4.906844571116709,2014,4.906844571116709,2014,5.218141679711278,2013,5.218141679711278,2013,5.980813872988795,5,5.980813872988795,5,0.4627100590818818,2335,0.4627100590818818,2335,4.700103746137846,765,4.700103746137846,765,4.932513700396311,765,4.932513700396311,765,4.028294909451176,429,4.028294909451176,429,6.193430408586253,5,6.193430408586253,5,0.48151830483613667,2246,0.48151830483613667,2246,2.87401218222111,428,2.87401218222111,428,2.849282804828849,428,2.849282804828849,428,3.0293881672561183,428,3.0293881672561183,428,3.0875325623783705,5,3.0875325623783705,5,0.40451040159808865,15,0.40451040159808865,15
background,955,,,,-1,6.180136092604321,,6.4178026388094125,1826,6.4178026388094125,1826,6.548504597629744,1826,6.548504597629744,1826,6.61914796998579,1826,6.61914796998579,1826,5.675818979225797,1730,5.675818979225797,1730,0.5802850878741367,1778,0.5802850878741367,1778,5.739139772995585,1826,5.739139772995585,1826,6.466553032144586,1826,6.466553032144586,1826,5.2910142661026835,1826,5.2910142661026835,1826,4.213782277052038,1825,4.213782277052038,1825,0.46661049871931426,1823,0.46661049871931426,1823,6.8290396153790205,1827,6.8290396153790205,1827,6.98983339959256,1827,6.98983339959256,1827,6.753293080395363,1826,6.753293080395363,1826,6.374415906924598,1730,6.374415906924598,1730,0.6111900764393002,1755,0.6111900764393002,1755,6.445168669298165,1827,6.445168669298165,1827,7.383291756592678,1827,7.383291756592678,1827,5.915161668382888,1826,5.915161668382888,1826,5.033056012294481,878,5.033056012294481,878,0.5555268422386896,1796,0.5555268422386896,1796,3.7504381996591674,1826,3.7504381996591674,1826,4.077183741390607,1826,4.077183741390607,1826,3.6462612356477964,1459,3.6462612356477964,1459,3.999698091563252,507,3.999698091563252,507,0.5216620191373298,1002,0.5216620191373298,1002
background,442,,,,-1,6.670485407721472,,5.101864766942968,2144,5.101864766942968,2144,4.953849944806516,2144,4.953849944806516,2144,5.987375844728497,2144,5.987375844728497,2144,6.231461243068093,2144,6.231461243068093,2144,0.453957466355703,2096,0.453957466355703,2096,4.4624341393656355,1787,4.4624341393656355,1787,4.5152797782509175,1787,4.5152797782509175,1787,4.025335152025536,2237,4.025335152025536,2237,3.9492668509406266,2144,3.9492668509406266,2144,0.37525572871230234,1781,0.37525572871230234,1781,5.490182798598666,626,5.490182798598666,626,5.541221360443203,626,5.541221360443203,626,5.987375844728497,2144,5.987375844728497,2144,6.231461243068093,2144,6.231461243068093,2144,0.453957466355703,2096,0.453957466355703,2096,5.652338374256257,1008,5.652338374256257,1008,6.1431545738143605,1008,6.1431545738143605,1008,4.705799266322946,2134,4.705799266322946,2134,5.0466343410039665,2134,5.0466343410039665,2134,0.43812617294147205,822,0.43812617294147205,822,3.188959368248397,2058,3.188959368248397,2058,3.064887942319452,2058,3.064887942319452,2058,3.2477439404365303,1865,3.2477439404365303,1865,3.6347829298604184,798,3.6347829298604184,798,0.4576115905111697,1660,0.4576115905111697,1660
background,542,,,,-1,2.909819598523659,,3.8524968881566974,420,3.8524968881566974,420,3.9072591499149403,420,3.9072591499149403,420,4.010002189680649,420,4.010002189680649,420,4.052709040817233,420,4.052709040817233,420,0.36571744248440585,2397,0.36571744248440585,2397,3.47409552927113,1623,3.47409552927113,1623,3.5270342418182152,785,3.5270342418182152,785,3.4996664476348505,1554,3.4996664476348505,1554,4.661594564046891,4,4.661594564046891,4,0.40671063478121344,1548,0.40671063478121344,1548,3.9940321829918455,1628,3.9940321829918455,1628,4.290063979464681,678,4.290063979464681,678,4.012682191275665,420,4.012682191275665,420,4.525375602058191,2061,4.525375602058191,2061,0.42421636352813197,1556,0.42421636352813197,1556,4.709832261002084,384,4.709832261002084,384,4.8802534059187375,384,4.8802534059187375,384,3.870103142812036,384,3.870103142812036,384,4.624058632306498,3,4.624058632306498,3,0.5168666786987468,1590,0.5168666786987468,1590,3.079411751475196,903,3.079411751475196,903,3.2425186584527514,679,3.2425186584527514,679,3.011509473580709,2197,3.011509473580709,2197,3.071651142307973,903,3.071651142307973,903,0.3453380983888699,1168,0.3453380983888699,1168
background,1214,,,,-1,6.0584015635395385,,6.134639459256077,1068,6.134639459256077,1068,6.647186307209346,1068,6.647186307209346,1068,6.310904061814197,1068,6.310904061814197,1068,5.309938772044215,1068,5.309938772044215,1068,0.5009438350210369,1020,0.5009438350210369,1020,5.573999769360607,1070,5.573999769360607,1070,6.80199973777991,2330,6.80199973777991,2330,5.054824506041638,1306,5.054824506041638,1306,4.653039736299786,1902,4.653039736299786,1902,0.5589511494333218,2324,0.5589511494333218,2324,6.833385618584636,1068,6.833385618584636,1068,7.38803433717684,1068,7.38803433717684,1068,6.703155709145307,1068,6.703155709145307,1068,5.985826646301561,2329,5.985826646301561,2329,0.5609329902264443,2297,0.5609329902264443,2297,6.932639902216529,1068,6.932639902216529,1068,8.044192471282797,1068,8.044192471282797,1068,5.558182421773088,1068,5.558182421773088,1068,5.641263877602615,1902,5.641263877602615,1902,0.5886638574186837,2297,0.5886638574186837,2297,3.5857317121676076,2347,3.5857317121676076,2347,4.527519095944671,2347,4.527519095944671,2347,3.4191526647574855,1903,3.4191526647574855,1903,3.958469508604663,2346,3.958469508604663,2346,0.42631344353676126,763,0.42631344353676126,763
background,188,,,,-1,0.9666253448979814,,4.643325984570178,1405,4.643325984570178,1405,4.515939740068974,905,4.515939740068974,905,5.153610128990762,1405,5.153610128990762,1405,5.1475205109450854,1405,5.1475205109450854,1405,0.47450799076383054,1357,0.47450799076383054,1357,4.149573749516952,1449,4.149573749516952,1449,4.1834407840589165,1449,4.1834407840589165,1449,4.453721000969333,1449,4.453721000969333,1449,4.508126498469701,1449,4.508126498469701,1449,0.4022884545620986,1443,0.4022884545620986,1443,4.927161948965968,1405,4.927161948965968,1405,4.548173849909296,904,4.548173849909296,904,5.360319999026144,1405,5.360319999026144,1405,5.619053728986375,1405,5.619053728986375,1405,0.5083122190206456,1365,0.5083122190206456,1365,4.528564303572372,1229,4.528564303572372,1229,4.763085956450293,887,4.763085956450293,887,4.54719553932044,1448,4.54719553932044,1448,4.830869156563034,1448,4.830869156563034,1448,0.5391363516733976,1197,0.5391363516733976,1197,3.1590112863483015,1229,3.1590112863483015,1229,3.4092529127604654,1762,3.4092529127604654,1762,3.4122431889798652,53,3.4122431889798652,53,3.712449234454386,2068,3.712449234454386,2068,0.41211415485277425,1967,0.41211415485277425,1967
background,270,,,,-1,2.8912532521782897,,3.9406531367326787,1875,3.9406531367326787,1875,4.332669403225204,92,4.332669403225204,92,4.330026614737613,92,4.330026614737613,92,4.404757195828156,92,4.404757195828156,92,0.42863122907619267,916,0.42863122907619267,916,3.9726816977638486,297,3.9726816977638486,297,4.376318743101783,297,4.376318743101783,297,3.967777022875758,92,3.967777022875758,92,4.20602782030474,93,4.20602782030474,93,0.40922998652742043,291,0.40922998652742043,291,5.020323332271541,1875,5.020323332271541,1875,5.5043735924202375,92,5.5043735924202375,92,5.255611680567146,92,5.255611680567146,92,5.78554220097769,92,5.78554220097769,92,0.5131800636031031,1843,0.5131800636031031,1843,4.302322728572889,2035,4.302322728572889,2035,4.537899694836702,295,4.537899694836702,295,4.5019861200003595,92,4.5019861200003595,92,4.882989567044158,1214,4.882989567044158,1214,0.45447094880608435,1900,0.45447094880608435,1900,3.45208545671487,691,3.45208545671487,691,3.6542460259187672,691,3.6542460259187672,691,3.5084958901897316,91,3.5084958901897316,91,3.054572472957147,1214,3.054572472957147,1214,0.4264247379688134,618,0.4264247379688134,618
background,558,,,,-1,3.8579123050322632,,3.8124015369254565,242,3.8124015369254565,242,4.222968005281448,1967,4.222968005281448,1967,4.46768526808449,2073,4.46768526808449,2073,4.252462789842264,242,4.252462789842264,242,0.33678030075889953,2383,0.33678030075889953,2383,4.6960793756847385,956,4.6960793756847385,956,4.806416043738503,1625,4.806416043738503,1625,4.146220151004535,215,4.146220151004535,215,3.8080117977349732,990,3.8080117977349732,990,0.38628513965840866,656,0.38628513965840866,656,5.3063389449550735,1628,5.3063389449550735,1628,5.7513787163859735,1628,5.7513787163859735,1628,5.185229071117386,1628,5.185229071117386,1628,5.481414944824888,1663,5.481414944824888,1663,0.5685811880878445,1647,0.5685811880878445,1647,5.949688014829986,2089,5.949688014829986,2089,6.715775805067695,2089,6.715775805067695,2089,4.766046843260019,274,4.766046843260019,274,5.452638673153677,274,5.452638673153677,274,0.5432651480083569,242,0.5432651480083569,242,3.9673786338621717,1663,3.9673786338621717,1663,4.490283715463663,1663,4.490283715463663,1663,3.817069165568584,1663,3.817069165568584,1663,3.7932642521600384,1663,3.7932642521600384,1663,0.5431613682355638,940,0.5431613682355638,940
background,1071,,,,-1,2.9652728043239582,,3.477099245594553,2102,3.477099245594553,2102,3.656545846912867,683,3.656545846912867,683,3.267133544340767,683,3.267133544340767,683,3.355252490156995,4,3.355252490156995,4,0.3305181531820906,2199,0.3305181531820906,2199,4.520664132295507,2102,4.520664132295507,2102,4.490647877258198,683,4.490647877258198,683,3.4278645962204344,683,3.4278645962204344,683,3.1140238894392365,3,3.1140238894392365,3,0.39983594038488823,677,0.39983594038488823,677,4.8222984114122065,2105,4.8222984114122065,2105,4.70483838437201,2105,4.70483838437201,2105,4.033834325404572,1073,4.033834325404572,1073,4.801196619319386,1073,4.801196619319386,1073,0.5073666456404688,2009,0.5073666456404688,2009,4.845012220414975,2108,4.845012220414975,2108,4.693507602210989,2108,4.693507602210989,2108,4.462384980072893,174,4.462384980072893,174,5.082343997723136,174,5.082343997723136,174,0.49627683462439603,142,0.49627683462439603,142,4.03789119835425,2102,4.03789119835425,2102,3.9548394192817273,2102,3.9548394192817273,2102,3.45596193063902,2102,3.45596193063902,2102,3.2862531998701034,1834,3.2862531998701034,1834,0.40585911617043186,1535,0.40585911617043186,1535
background,902,,,,-1,5.865083530707246,,4.2128259488619255,734,4.2128259488619255,734,4.337916121535294,734,4.337916121535294,734,4.311080692648992,734,4.311080692648992,734,4.477979885230568,755,4.477979885230568,755,0.39229742409611146,686,0.39229742409611146,686,4.3041407438614705,263,4.3041407438614705,263,4.112628730677071,263,4.112628730677071,263,3.8055915924483372,263,3.8055915924483372,263,3.4890678172164313,843,3.4890678172164313,843,0.42109181234994103,257,0.42109181234994103,257,4.754707910101553,259,4.754707910101553,259,4.520948136762891,259,4.520948136762891,259,4.408110500806448,733,4.408110500806448,733,4.644129691339885,755,4.644129691339885,755,0.44171066655153984,1320,0.44171066655153984,1320,4.58369192420374,735,4.58369192420374,735,4.8615825615296,2096,4.8615825615296,2096,3.9556821791617294,2016,3.9556821791617294,2016,4.502004662259086,1220,4.502004662259086,1220,0.5794935608533279,2325,0.5794935608533279,2325,3.4829007883095433,260,3.4829007883095433,260,3.320263712214593,260,3.320263712214593,260,3.3032352811211516,260,3.3032352811211516,260,3.5585178711259804,1218,3.5585178711259804,1218,0.39811171333149165,260,0.39811171333149165,260
background,570,,,,-1,7.588056565802725,,4.1792844351744645,1416,4.1792844351744645,1416,4.554816494281751,75,4.554816494281751,75,4.270535330778672,75,4.270535330778672,75,4.576269172152176,75,4.576269172152176,75,0.418257402636484,27,0.418257402636484,27,5.464150353381497,1416,5.464150353381497,1416,6.063181622545324,1416,6.063181622545324,1416,4.803673795512134,1416,4.803673795512134,1416,4.566437314665532,75,4.566437314665532,75,0.5882420443124712,1410,0.5882420443124712,1410,5.159769514967487,75,5.159769514967487,75,5.662548858255247,75,5.662548858255247,75,5.129730928800875,75,5.129730928800875,75,5.924535557024836,75,5.924535557024836,75,0.5085149164315164,43,0.5085149164315164,43,5.594158544536421,1415,5.594158544536421,1415,6.10733118127346,1415,6.10733118127346,1415,5.226794556931353,1415,5.226794556931353,1415,5.0284482196712466,1415,5.0284482196712466,1415,0.6404947377809644,1383,0.6404947377809644,1383,3.5015388627857855,2174,3.5015388627857855,2174,3.829870229637714,2174,3.829870229637714,2174,3.673586876427497,1998,3.673586876427497,1998,3.747187909640079,2174,3.747187909640079,2174,0.483024579995702,193,0.483024579995702,193
background,791,,,,-1,5.210466973438269,,4.154262715512269,917,4.154262715512269,917,4.123393666868078,917,4.123393666868078,917,4.323168397179614,917,4.323168397179614,917,4.56724708199471,917,4.56724708199471,917,0.3874388119867312,869,0.3874388119867312,869,4.1906133244103145,1263,4.1906133244103145,1263,3.86856814196598,1263,3.86856814196598,1263,3.5942567955221087,1263,3.5942567955221087,1263,3.4511990551689014,1263,3.4511990551689014,1263,0.40327785944228717,1257,0.40327785944228717,1257,4.39891825493815,419,4.39891825493815,419,4.320772420301496,917,4.320772420301496,917,4.530220924655775,917,4.530220924655775,917,4.9182677491306634,917,4.9182677491306634,917,0.5023201036984039,2274,0.5023201036984039,2274,4.4602019768911845,1781,4.4602019768911845,1781,4.461333565716733,1781,4.461333565716733,1781,4.396721997662406,1781,4.396721997662406,1781,5.078963171160354,1781,5.078963171160354,1781,0.5172278260323818,1784,0.5172278260323818,1784,3.358124679829472,631,3.358124679829472,631,3.412412886767018,631,3.412412886767018,631,3.4119998548670774,631,3.4119998548670774,631,3.240551051914945,985,3.240551051914945,985,0.47746902094952365,1818,0.47746902094952365,1818
background,843,,,,-1,7.257890828943693,,4.167485415989216,360,4.167485415989216,360,4.093954826644476,360,4.093954826644476,360,4.264463687914216,360,4.264463687914216,360,4.442475731943015,1087,4.442475731943015,1087,0.41490140276850634,312,0.41490140276850634,312,4.002624889088719,360,4.002624889088719,360,4.149579656109265,360,4.149579656109265,360,3.89266528106301,647,3.89266528106301,647,4.270018312502649,647,4.270018312502649,647,0.4180760295436351,641,0.4180760295436351,641,4.8076802726274455,1114,4.8076802726274455,1114,4.96275852635069,1114,4.96275852635069,1114,4.779140867595825,646,4.779140867595825,646,5.44281474865857,646,5.44281474865857,646,0.5019376216128459,623,0.5019376216128459,623,4.592444028406576,512,4.592444028406576,512,5.049405130054301,512,5.049405130054301,512,4.340942725271391,647,4.340942725271391,647,4.691499021672119,647,4.691499021672119,647,0.49759678844751104,2188,0.49759678844751104,2188,3.506708924633157,2079,3.506708924633157,2079,3.584641314846234,2079,3.584641314846234,2079,3.419236258715831,1746,3.419236258715831,1746,3.571829628933995,1543,3.571829628933995,1543,0.4628610689778015,2329,0.4628610689778015,2329
background,1025,,,,-1,4.163762268288487,,4.357977505810858,1597,4.357977505810858,1597,4.669350134677093,1597,4.669350134677093,1597,4.398451953755036,1597,4.398451953755036,1597,4.339326218619991,2382,4.339326218619991,2382,0.3553979089366057,206,0.3553979089366057,206,5.246327635514452,256,5.246327635514452,256,5.01542587055968,256,5.01542587055968,256,4.633164501302988,256,4.633164501302988,256,4.656401244652524,256,4.656401244652524,256,0.4981054302957955,250,0.4981054302957955,250,5.103965161495318,757,5.103965161495318,757,5.293274695197965,1598,5.293274695197965,1598,5.416092407314954,757,5.416092407314954,757,6.178477240481858,757,6.178477240481858,757,0.5553433466849613,742,0.5553433466849613,742,5.394175065857694,255,5.394175065857694,255,5.152807202063006,255,5.152807202063006,255,5.168662304615523,758,5.168662304615523,758,5.7326977539072805,758,5.7326977539072805,758,0.5626228154094214,726,0.5626228154094214,726,3.0011720488567963,254,3.0011720488567963,254,3.0027345359181363,1915,3.0027345359181363,1915,2.963110620280796,758,2.963110620280796,758,3.6598528129546115,758,3.6598528129546115,758,0.40064286934536814,258,0.40064286934536814,258
background,1234,,,,-1,1.9421406566619572,,3.627736718090792,1701,3.627736718090792,1701,3.6632441269960303,1701,3.6632441269960303,1701,3.538677185142945,1701,3.538677185142945,1701,3.5811107268855236,687,3.5811107268855236,687,0.40140706172335244,1652,0.40140706172335244,1652,3.911409730715896,1701,3.911409730715896,1701,4.381101951706477,689,4.381101951706477,689,3.4626593803375734,1701,3.4626593803375734,1701,3.5105069912964404,1763,3.5105069912964404,1763,0.4501017777223445,683,0.4501017777223445,683,3.908655335519157,915,3.908655335519157,915,4.112595411709242,915,4.112595411709242,915,3.7255517642670375,916,3.7255517642670375,916,4.219093602601336,166,4.219093602601336,166,0.44783790103172155,142,0.44783790103172155,142,4.520594739867899,1700,4.520594739867899,1700,4.779991794461351,1101,4.779991794461351,1101,4.306432026481591,1700,4.306432026481591,1700,4.965413691929988,1101,4.965413691929988,1101,0.5337036860074257,1668,0.5337036860074257,1668,3.894517128471848,919,3.894517128471848,919,4.178071098854069,919,4.178071098854069,919,3.892921578768537,919,3.892921578768537,919,3.551215078241065,919,3.551215078241065,919,0.45020410091664836,919,0.45020410091664836,919
background,1264,,,,-1,4.92107850886171,,5.006006097494497,1071,5.006006097494497,1071,4.550810445780945,1071,4.550810445780945,1071,5.29916951361337,1071,5.29916951361337,1071,5.189097073964021,1071,5.189097073964021,1071,0.40582445972222375,1023,0.40582445972222375,1023,4.957068629358768,1403,4.957068629358768,1403,5.024878906743114,1403,5.024878906743114,1403,4.451339009671121,1071,4.451339009671121,1071,4.4169658538636,1070,4.4169658538636,1070,0.42175225172117164,471,0.42175225172117164,471,5.552286195140653,250,5.552286195140653,250,5.269032662039495,250,5.269032662039495,250,5.638879390740306,250,5.638879390740306,250,6.110315574278331,842,6.110315574278331,842,0.5320740697689083,826,0.5320740697689083,826,5.730424552583183,1402,5.730424552583183,1402,5.848767016102167,1402,5.848767016102167,1402,4.760128096645459,842,4.760128096645459,842,5.379748980985361,842,5.379748980985361,842,0.5274406697677735,810,0.5274406697677735,810,4.202077496322097,841,4.202077496322097,841,3.7139823150579723,841,3.7139823150579723,841,4.11530220609493,841,4.11530220609493,841,3.621225363076586,842,3.621225363076586,842,0.5150116330417105,841,0.5150116330417105,841
background,1131,,,,-1,6.044475694874013,,5.670834296438373,352,5.670834296438373,352,4.982862894431795,352,4.982862894431795,352,6.087272827972781,353,6.087272827972781,353,5.08725820328932,353,5.08725820328932,353,0.39919748427087376,304,0.39919748427087376,304,5.1062482536756475,1188,5.1062482536756475,1188,5.252662023030741,1188,5.252662023030741,1188,5.033448868022884,351,5.033448868022884,351,4.159850534326379,1595,4.159850534326379,1595,0.4042417135213403,345,0.4042417135213403,345,6.2918533598492505,351,6.2918533598492505,351,5.566444876673113,351,5.566444876673113,351,6.487630628313642,352,6.487630628313642,352,5.08725820328932,353,5.08725820328932,353,0.5238431834887409,419,0.5238431834887409,419,6.493780482649408,1369,6.493780482649408,1369,7.337405677731135,1369,7.337405677731135,1369,5.466227740670751,352,5.466227740670751,352,4.669839457518701,1594,4.669839457518701,1594,0.48381899186499144,147,0.48381899186499144,147,3.849926426541894,1127,3.849926426541894,1127,4.131625886326611,2219,4.131625886326611,2219,4.195884402065632,2219,4.195884402065632,2219,3.553221000444737,437,3.553221000444737,437,0.5549773641505001,2219,0.5549773641505001,2219
background,846,,,,-1,1.860660880398936,,4.083946444407237,1312,4.083946444407237,1312,3.9818553713797873,774,3.9818553713797873,774,4.6034144996172035,1312,4.6034144996172035,1312,4.658712409062097,4,4.658712409062097,4,0.4320219568692471,1264,0.4320219568692471,1264,3.298568772273632,4,3.298568772273632,4,3.8978942997141806,776,3.8978942997141806,776,3.2550824492691066,1312,3.2550824492691066,1312,4.525366490904129,4,4.525366490904129,4,0.375730459617525,920,0.375730459617525,920,4.293575031806227,1312,4.293575031806227,1312,4.07566345102684,1312,4.07566345102684,1312,4.865625208650455,1312,4.865625208650455,1312,4.658712409062097,4,4.658712409062097,4,0.4544211160239113,1772,0.4544211160239113,1772,3.918274849082521,3,3.918274849082521,3,4.5626122504339515,771,4.5626122504339515,771,3.68055547969458,1198,3.68055547969458,1198,5.332483727866848,3,5.332483727866848,3,0.44672315739276186,894,0.44672315739276186,894,3.2823513791764785,4,3.2823513791764785,4,3.7096347704801023,4,3.7096347704801023,4,3.1015495140620155,1955,3.1015495140620155,1955,4.0458669486679435,3,4.0458669486679435,3,0.3913322278018492,2382,0.3913322278018492,2382
background,476,,,,-1,3.9496674728147356,,4.328024014277888,873,4.328024014277888,873,3.9920291913504213,1054,3.9920291913504213,1054,4.8329641195597155,1054,4.8329641195597155,1054,5.698195681513795,2393,5.698195681513795,2393,0.43944361110592356,1006,0.43944361110592356,1006,4.032999820750241,1472,4.032999820750241,1472,3.9731907087090685,1472,3.9731907087090685,1472,3.846994833302288,1056,3.846994833302288,1056,4.861851517190446,2393,4.861851517190446,2393,0.40061814803745904,1050,0.40061814803745904,1050,5.077413932412031,1022,5.077413932412031,1022,4.534806890208246,1021,4.534806890208246,1021,5.1545550763067,1054,5.1545550763067,1054,5.832172628317728,1054,5.832172628317728,1054,0.46269249700443615,1014,0.46269249700443615,1014,5.317236739639061,1471,5.317236739639061,1471,5.451800329692326,1462,5.451800329692326,1462,4.284156958698917,873,4.284156958698917,873,5.249151599005086,2393,5.249151599005086,2393,0.47509067682646966,1178,0.47509067682646966,1178,3.2299910823474858,1054,3.2299910823474858,1054,3.012759637632964,1054,3.012759637632964,1054,3.28515815772301,1054,3.28515815772301,1054,3.4024282769024974,2395,3.4024282769024974,2395,0.4167686312061356,1076,0.4167686312061356,1076
background,744,,,,-1,4.352290217252003,,4.681807911444469,340,4.681807911444469,340,4.643670728398931,2158,4.643670728398931,2158,5.232020737065188,2158,5.232020737065188,2158,4.758006101039244,2158,4.758006101039244,2158,0.4153044508628306,2110,0.4153044508628306,2110,4.630228037431222,2303,4.630228037431222,2303,4.7475232325061745,2303,4.7475232325061745,2303,4.2879276216376585,339,4.2879276216376585,339,4.1578738982920065,339,4.1578738982920065,339,0.40074996065857343,333,0.40074996065857343,333,5.0743807855568175,1025,5.0743807855568175,1025,4.897317782483606,346,4.897317782483606,346,5.471424222730515,2157,5.471424222730515,2157,5.284356471200844,339,5.284356471200844,339,0.5196018949322864,245,0.5196018949322864,245,5.391611422102486,2317,5.391611422102486,2317,5.623135078005968,2020,5.623135078005968,2020,4.367924542465298,340,4.367924542465298,340,4.536830552264299,262,4.536830552264299,262,0.4966457578527757,229,0.4966457578527757,229,3.3023197926576904,1026,3.3023197926576904,1026,3.3076669451973726,86,3.3076669451973726,86,3.085625005762684,1026,3.085625005762684,1026,3.6573344090146995,2181,3.6573344090146995,2181,0.3896300685082254,2359,0.3896300685082254,2359
background,1150,,,,-1,4.722223609636019,,4.0883281147080535,1813,4.0883281147080535,1813,3.9357619913056987,1077,3.9357619913056987,1077,4.569998400354547,1077,4.569998400354547,1077,4.568524038527726,1813,4.568524038527726,1813,0.45842519416432814,1765,0.45842519416432814,1765,4.210077216280715,1497,4.210077216280715,1497,4.33209764580346,469,4.33209764580346,469,4.276863610202621,1078,4.276863610202621,1078,4.489154591235359,1077,4.489154591235359,1077,0.4611141581218388,463,0.4611141581218388,463,4.319624186390069,1076,4.319624186390069,1076,4.249538039850984,1076,4.249538039850984,1076,4.586772477211345,1078,4.586772477211345,1078,5.0788973939122934,1076,5.0788973939122934,1076,0.4638782491651593,1773,0.4638782491651593,1773,5.137601293314491,1489,5.137601293314491,1489,5.0015233217741075,1489,5.0015233217741075,1489,4.5088822367829735,1077,4.5088822367829735,1077,4.799995644076121,1077,4.799995644076121,1077,0.5215423683508128,1943,0.5215423683508128,1943,3.2227614953811643,467,3.2227614953811643,467,3.304123692490839,467,3.304123692490839,467,3.075949619175136,467,3.075949619175136,467,3.140413638934993,983,3.140413638934993,983,0.4120598064206394,555,0.4120598064206394,555
background,872,,,,-1,4.139138722125302,,4.444040035317432,117,4.444040035317432,117,4.592846636697746,117,4.592846636697746,117,5.057844039132722,1881,5.057844039132722,1881,5.469734343285773,1881,5.469734343285773,1881,0.401695616761184,1833,0.401695616761184,1833,4.506374760155543,673,4.506374760155543,673,5.201774207387494,673,5.201774207387494,673,3.8118591615462356,1728,3.8118591615462356,1728,3.7653307052577394,1879,3.7653307052577394,1879,0.4609681152578088,667,0.4609681152578088,667,4.535084752229465,1881,4.535084752229465,1881,4.94920232043783,675,4.94920232043783,675,5.057844039132722,1881,5.057844039132722,1881,5.542496416707103,1881,5.542496416707103,1881,0.48092402125132633,1613,0.48092402125132633,1613,4.812430421436398,673,4.812430421436398,673,5.519839911505267,673,5.519839911505267,673,3.9861804799644878,1729,3.9861804799644878,1729,4.209887393842498,1882,4.209887393842498,1882,0.49969423440776223,643,0.49969423440776223,643,3.3316722820621076,116,3.3316722820621076,116,3.640934679902294,671,3.640934679902294,671,3.341484802264928,2386,3.341484802264928,2386,3.151691939590469,116,3.151691939590469,116,0.40168323969755226,705,0.40168323969755226,705
background,664,,,,-1,4.894602936409775,,3.9768516263461136,1136,3.9768516263461136,1136,4.420007445864149,2348,4.420007445864149,2348,4.340207382749513,1604,4.340207382749513,1604,4.413709205854114,1543,4.413709205854114,1543,0.3138098833006761,1458,0.3138098833006761,1458,4.8166179219527825,1506,4.8166179219527825,1506,4.835503110899998,1506,4.835503110899998,1506,3.5884461037268243,1506,3.5884461037268243,1506,3.7908717456263283,1563,3.7908717456263283,1563,0.401437310918529,1942,0.401437310918529,1942,5.78854496165436,1136,5.78854496165436,1136,5.957774783812346,1136,5.957774783812346,1136,5.394181713933399,1136,5.394181713933399,1136,5.267031211793739,38,5.267031211793739,38,0.4450085580482808,1056,0.4450085580482808,1056,5.7364204454397,1556,5.7364204454397,1556,6.078239061581588,1556,6.078239061581588,1556,4.1310955562668745,1556,4.1310955562668745,1556,4.315422363768778,1563,4.315422363768778,1563,0.4620065448715177,1443,0.4620065448715177,1443,2.636119255120877,706,2.636119255120877,706,2.8332349141293514,2369,2.8332349141293514,2369,2.834507444535488,1216,2.834507444535488,1216,3.1160439157774076,937,3.1160439157774076,937,0.3986205896520598,1490,0.3986205896520598,1490
background,159,,,,-1,6.9247962132581815,,5.194316850346422,2221,5.194316850346422,2221,5.118251002739068,2221,5.118251002739068,2221,5.780418101811843,2221,5.780418101811843,2221,4.940815606967143,835,4.940815606967143,835,0.46183808913384067,2173,0.46183808913384067,2173,4.383449324581102,70,4.383449324581102,70,4.169228149702909,70,4.169228149702909,70,4.157811260610616,70,4.157811260610616,70,4.071390316022885,837,4.071390316022885,837,0.38331769227051066,64,0.38331769227051066,64,5.773710637371751,2221,5.773710637371751,2221,5.703772388463105,2221,5.703772388463105,2221,6.3000371683230085,2221,6.3000371683230085,2221,5.093864455221053,2221,5.093864455221053,2221,0.52807718634821,2157,0.52807718634821,2157,4.934905548278073,906,4.934905548278073,906,5.410749610714113,906,5.410749610714113,906,4.735968152844805,2221,4.735968152844805,2221,4.535711757209794,761,4.535711757209794,761,0.4787209003569574,874,0.4787209003569574,874,3.175609577974005,94,3.175609577974005,94,3.083011352707472,94,3.083011352707472,94,3.4187206534528336,94,3.4187206534528336,94,3.186908592144845,912,3.186908592144845,912,0.4706179788355273,494,0.4706179788355273,494
background,543,,,,-1,3.3595284735416326,,4.22973942145439,1351,4.22973942145439,1351,3.694135412347428,1351,3.694135412347428,1351,4.235313151875726,1351,4.235313151875726,1351,4.227562415768694,1351,4.227562415768694,1351,0.41497234263587635,1303,0.41497234263587635,1303,4.451377518677623,1352,4.451377518677623,1352,4.171222375733702,1352,4.171222375733702,1352,3.8519218042408534,1352,3.8519218042408534,1352,3.955257771892403,1402,3.955257771892403,1402,0.42055139428966365,1346,0.42055139428966365,1346,4.397355910799449,1351,4.397355910799449,1351,4.520077134898453,31,4.520077134898453,31,4.431211050550233,1351,4.431211050550233,1351,5.047310957183319,1402,5.047310957183319,1402,0.4398053867065025,1370,0.4398053867065025,1370,4.834102894137375,2160,4.834102894137375,2160,5.365483240840048,2160,5.365483240840048,2160,4.527905657405965,1564,4.527905657405965,1564,5.3884113148560715,1564,5.3884113148560715,1564,0.472664369242054,1532,0.472664369242054,1532,3.62251425876039,1564,3.62251425876039,1564,3.661833531165926,2146,3.661833531165926,2146,3.3681770637775283,1564,3.3681770637775283,1564,3.3119048825412336,2146,3.3119048825412336,2146,0.4343197085731713,2146,0.4343197085731713,2146
background,1227,,,,-1,6.108407594267585,,5.098604824481144,1847,5.098604824481144,1847,5.037653282565473,1847,5.037653282565473,1847,5.692684612669939,1847,5.692684612669939,1847,5.22446629400738,1847,5.22446629400738,1847,0.44351458122067383,1799,0.44351458122067383,1799,3.877161776453984,1883,3.877161776453984,1883,4.028588909566214,1883,4.028588909566214,1883,3.7150499902236267,1883,3.7150499902236267,1883,3.5732776170808247,1818,3.5732776170808247,1818,0.3843399445669591,211,0.3843399445669591,211,5.121741703417782,1847,5.121741703417782,1847,5.051216482559823,1847,5.051216482559823,1847,5.788046050652394,1847,5.788046050652394,1847,5.22446629400738,1847,5.22446629400738,1847,0.44757328196715795,1791,0.44757328196715795,1791,4.380184752338791,1330,4.380184752338791,1330,4.439577864082122,1848,4.439577864082122,1848,4.6984461913654965,1848,4.6984461913654965,1848,4.5214549785201505,2395,4.5214549785201505,2395,0.43158251326751024,1583,0.43158251326751024,1583,3.1746398258614725,2087,3.1746398258614725,2087,3.2150884804215343,963,3.2150884804215343,963,3.2036094942514595,1599,3.2036094942514595,1599,3.4568125031483237,1621,3.4568125031483237,1621,0.4443300039144608,2087,0.4443300039144608,2087
background,709,,,,-1,4.407680111090545,,3.364844267240033,3,3.364844267240033,3,3.301157685501862,1032,3.301157685501862,1032,3.876973485156729,1094,3.876973485156729,1094,4.133365007866165,1094,4.133365007866165,1094,0.4440411397765809,2353,0.4440411397765809,2353,4.8776490999843825,4,4.8776490999843825,4,4.365017886001515,4,4.365017886001515,4,3.9184377817559204,4,3.9184377817559204,4,5.935040276056001,4,5.935040276056001,4,0.53221758356812,2397,0.53221758356812,2397,4.4030881728701,4,4.4030881728701,4,4.037179463144405,4,4.037179463144405,4,4.232139340637038,4,4.232139340637038,4,5.344442077796691,4,5.344442077796691,4,0.5066680279863538,2370,0.5066680279863538,2370,5.0482882465668935,1503,5.0482882465668935,1503,4.779541205561688,1503,4.779541205561688,1503,4.2884362034859445,1083,4.2884362034859445,1083,6.018598210384007,4,6.018598210384007,4,0.5470626695237053,2371,0.5470626695237053,2371,3.648111877267655,5,3.648111877267655,5,3.4358759360472457,671,3.4358759360472457,671,3.3787447700825703,5,3.3787447700825703,5,3.461375444411708,5,3.461375444411708,5,0.4175658991824711,5,0.4175658991824711,5
background,1239,,,,-1,5.286695998569925,,4.934435512227117,2092,4.934435512227117,2092,5.464106222181491,2092,5.464106222181491,2092,5.412873290326821,2092,5.412873290326821,2092,4.7716310634251435,2092,4.7716310634251435,2092,0.4610199076421294,2044,0.4610199076421294,2044,4.872935538763627,1465,4.872935538763627,1465,5.946878573737846,1465,5.946878573737846,1465,4.518775439040143,1806,4.518775439040143,1806,4.575904798379703,1757,4.575904798379703,1757,0.48797974221022605,1459,0.48797974221022605,1459,4.939494647858301,2092,4.939494647858301,2092,5.464106222181491,2092,5.464106222181491,2092,5.412873290326821,2092,5.412873290326821,2092,5.2479205417666615,1851,5.2479205417666615,1851,0.4619443028556551,2036,0.4619443028556551,2036,5.051142158571612,1465,5.051142158571612,1465,6.366228384361978,1730,6.366228384361978,1730,4.801346314817634,1806,4.801346314817634,1806,5.133586898697939,1465,5.133586898697939,1465,0.5219729338288595,59,0.5219729338288595,59,3.5449444438857878,1970,3.5449444438857878,1970,4.027308977059954,1970,4.027308977059954,1970,3.4204102156862977,2261,3.4204102156862977,2261,3.786815633140968,1970,3.786815633140968,1970,0.4844295393582538,858,0.4844295393582538,858
background,1150,,,,-1,4.722223609636019,,4.3033493353923635,503,4.3033493353923635,503,4.265017241634199,503,4.265017241634199,503,4.772542366156464,503,4.772542366156464,503,4.741717955061224,503,4.741717955061224,503,0.4143429792213446,455,0.4143429792213446,455,4.9062604227471684,2157,4.9062604227471684,2157,4.859485325359834,2157,4.859485325359834,2157,4.810490420978838,504,4.810490420978838,504,5.101263033167014,504,5.101263033167014,504,0.4575703295502589,498,0.4575703295502589,498,5.400091470427785,2152,5.400091470427785,2152,5.331137395252642,2151,5.331137395252642,2151,5.0308079651517135,503,5.0308079651517135,503,5.43968313526262,503,5.43968313526262,503,0.48587019414859495,479,0.48587019414859495,479,5.423955888407031,2152,5.423955888407031,2152,5.535882214578786,2152,5.535882214578786,2152,4.947899562152013,504,4.947899562152013,504,5.290468316225074,504,5.290468316225074,504,0.49188158620163713,1566,0.49188158620163713,1566,3.330977548729157,1597,3.330977548729157,1597,3.352992427571777,502,3.352992427571777,502,3.502879268221636,502,3.502879268221636,502,3.2792446810749327,502,3.2792446810749327,502,0.4101758800093484,299,0.4101758800093484,299
background,686,,,,-1,7.8712496214666565,,4.310152930981589,1443,4.310152930981589,1443,4.4627891924996135,1443,4.4627891924996135,1443,4.788164838489176,1443,4.788164838489176,1443,4.660066123691662,1443,4.660066123691662,1443,0.4121567912360736,888,0.4121567912360736,888,3.9412923340572945,1445,3.9412923340572945,1445,4.087767208674945,1445,4.087767208674945,1445,3.9838180029429915,1445,3.9838180029429915,1445,3.984921515429735,1443,3.984921515429735,1443,0.3977582663223615,1439,0.3977582663223615,1439,4.615148558407347,1443,4.615148558407347,1443,4.808211864937379,1443,4.808211864937379,1443,4.96211223231452,1443,4.96211223231452,1443,5.267063650058032,1443,5.267063650058032,1443,0.47306502207029166,2082,0.47306502207029166,2082,4.342259234815224,1444,4.342259234815224,1444,4.501499328029733,1444,4.501499328029733,1444,4.41873713849326,1444,4.41873713849326,1444,4.936964213522563,2099,4.936964213522563,2099,0.5435310558824419,2067,0.5435310558824419,2067,3.176262394640449,1725,3.176262394640449,1725,3.248636177198843,1725,3.248636177198843,1725,3.306681274464147,1725,3.306681274464147,1725,3.404248702841337,1900,3.404248702841337,1900,0.3974696563502,1725,0.3974696563502,1725
background,1275,,,,-1,4.3935774373204675,,3.944068215777937,1835,3.944068215777937,1835,3.8030320466100775,1371,3.8030320466100775,1371,4.658648776402212,1836,4.658648776402212,1836,4.939950165928608,1835,4.939950165928608,1835,0.421713972012936,1787,0.421713972012936,1787,4.1435103129998945,1440,4.1435103129998945,1440,4.474306637682531,1440,4.474306637682531,1440,3.8150850227218145,2382,3.8150850227218145,2382,3.910129130090019,2383,3.910129130090019,2383,0.456255214874061,2376,0.456255214874061,2376,5.22417362901025,2266,5.22417362901025,2266,4.990231540378382,2266,4.990231540378382,2266,5.029229982972882,892,5.029229982972882,892,5.117742098209601,2382,5.117742098209601,2382,0.49435040651941187,492,0.49435040651941187,492,5.268984596532939,1109,5.268984596532939,1109,5.207420341093541,1109,5.207420341093541,1109,4.409216003148304,1979,4.409216003148304,1979,4.407416924659432,1979,4.407416924659432,1979,0.46207799621855306,2231,0.46207799621855306,2231,3.156143439153175,500,3.156143439153175,500,3.0615816726124887,1978,3.0615816726124887,1978,3.3022468925527617,1978,3.3022468925527617,1978,3.161226587899533,1477,3.161226587899533,1477,0.49414387641292107,500,0.49414387641292107,500
background,1079,,,,-1,1.684933122208047,,3.561476619793138,1444,3.561476619793138,1444,3.9481568286331816,737,3.9481568286331816,737,3.699523680097583,1444,3.699523680097583,1444,3.673467017484427,1444,3.673467017484427,1444,0.4253288115236092,689,0.4253288115236092,689,4.00233898123343,57,4.00233898123343,57,4.489361025159595,1063,4.489361025159595,1063,3.93658845724073,1445,3.93658845724073,1445,4.059142399786718,1445,4.059142399786718,1445,0.4370503253225864,1057,0.4370503253225864,1057,4.173543402917133,737,4.173543402917133,737,4.829829794368377,737,4.829829794368377,737,3.955927861887637,1444,3.955927861887637,1444,4.318437600689824,1444,4.318437600689824,1444,0.520727316569802,657,0.520727316569802,657,4.38560935851733,57,4.38560935851733,57,4.6425467592577565,1063,4.6425467592577565,1063,4.364550269637847,1445,4.364550269637847,1445,4.599387764079853,2034,4.599387764079853,2034,0.48330138484348306,1413,0.48330138484348306,1413,3.6621565257604902,1443,3.6621565257604902,1443,3.384526686920953,1706,3.384526686920953,1706,3.7580837314856264,1443,3.7580837314856264,1443,3.4175634490346316,1443,3.4175634490346316,1443,0.4404745178474274,1443,0.4404745178474274,1443
background,184,,,,-1,6.5136303644636895,,3.81591376742839,2347,3.81591376742839,2347,3.831252702413663,855,3.831252702413663,855,3.9322225330580873,855,3.9322225330580873,855,4.040194131368824,2028,4.040194131368824,2028,0.3731793333578462,1980,0.3731793333578462,1980,4.049802620883344,194,4.049802620883344,194,4.2796339242568875,194,4.2796339242568875,194,3.4481031410592142,857,3.4481031410592142,857,3.82890108199534,2028,3.82890108199534,2028,0.4255764300634256,188,0.4255764300634256,188,4.715600448128443,2347,4.715600448128443,2347,4.649354200954687,2347,4.649354200954687,2347,4.297395768585976,2029,4.297395768585976,2029,4.877015881975269,1136,4.877015881975269,1136,0.44496322985400694,1997,0.44496322985400694,1997,5.412250971831567,2325,5.412250971831567,2325,5.36367949582036,2325,5.36367949582036,2325,4.125657089571524,1136,4.125657089571524,1136,4.996066354032048,1136,4.996066354032048,1136,0.5431840310405386,2293,0.5431840310405386,2293,3.3047036263306393,1260,3.3047036263306393,1260,3.4263221300394346,858,3.4263221300394346,858,3.2209431374283355,260,3.2209431374283355,260,3.3390828133423365,858,3.3390828133423365,858,0.3978483371863465,2100,0.3978483371863465,2100
background,300,,,,-1,6.738462429572515,,4.534092253434515,1949,4.534092253434515,1949,4.843550943905446,1949,4.843550943905446,1949,5.043031463273227,1949,5.043031463273227,1949,4.883680768278708,1950,4.883680768278708,1950,0.41482093609922166,1084,0.41482093609922166,1084,5.915223019401367,1950,5.915223019401367,1950,6.42007209221066,1950,6.42007209221066,1950,5.882319244454013,1950,5.882319244454013,1950,5.717351135361993,1950,5.717351135361993,1950,0.6243017776909999,1944,0.6243017776909999,1944,5.528768520188318,1132,5.528768520188318,1132,6.485579877267096,1132,6.485579877267096,1132,5.923928022969638,1949,5.923928022969638,1949,6.450983812993674,1132,6.450983812993674,1132,0.5735217971870319,1100,0.5735217971870319,1100,6.225798905787067,1949,6.225798905787067,1949,6.747361780512275,1949,6.747361780512275,1949,6.218766282697419,1949,6.218766282697419,1949,6.52153790379264,1949,6.52153790379264,1949,0.6809228413304457,1917,0.6809228413304457,1917,3.6319619787816704,440,3.6319619787816704,440,3.9465492374239943,1074,3.9465492374239943,1074,3.8585052332817806,440,3.8585052332817806,440,4.093032690432675,440,4.093032690432675,440,0.5173729365768573,1988,0.5173729365768573,1988
background,1149,,,,-1,2.870677651584196,,3.4255806854258957,2216,3.4255806854258957,2216,3.671753205976444,1952,3.671753205976444,1952,3.653670959163008,2216,3.653670959163008,2216,3.5331440070323543,2216,3.5331440070323543,2216,0.38515323740500745,2168,0.38515323740500745,2168,3.53158369301322,589,3.53158369301322,589,4.367883028712749,589,4.367883028712749,589,3.230147866168747,2217,3.230147866168747,2217,3.420355516048879,56,3.420355516048879,56,0.42346135557112635,50,0.42346135557112635,50,3.897485166535159,1201,3.897485166535159,1201,3.8630222749429537,2216,3.8630222749429537,2216,3.8910833484797513,1017,3.8910833484797513,1017,4.481382218537464,1201,4.481382218537464,1201,0.46058207192076284,14,0.46058207192076284,14,4.456590406032642,2050,4.456590406032642,2050,4.894025223088491,588,4.894025223088491,588,3.5987640278244624,1201,3.5987640278244624,1201,4.136784372833939,588,4.136784372833939,588,0.5211219802506889,2018,0.5211219802506889,2018,3.551755304554687,1089,3.551755304554687,1089,3.6912614026642236,1089,3.6912614026642236,1089,3.4088129868899255,1089,3.4088129868899255,1089,3.5947443568939157,1832,3.5947443568939157,1832,0.42405403086731663,1089,0.42405403086731663,1089
background,713,,,,-1,8.387891195261235,,4.412854149299319,2366,4.412854149299319,2366,4.549345311941049,2366,4.549345311941049,2366,5.120798931235699,2366,5.120798931235699,2366,5.167476504240424,2366,5.167476504240424,2366,0.4708280995368773,2318,0.4708280995368773,2318,4.782112718220414,743,4.782112718220414,743,5.1690144296854115,743,5.1690144296854115,743,4.288955515530547,2369,4.288955515530547,2369,4.259657072281046,2394,4.259657072281046,2394,0.40320986231557715,1161,0.40320986231557715,1161,5.672690862542088,1234,5.672690862542088,1234,5.890346072703067,1234,5.890346072703067,1234,5.120798931235699,2366,5.120798931235699,2366,5.657037925091323,1166,5.657037925091323,1166,0.510252983260655,1134,0.510252983260655,1134,6.561941287549544,1235,6.561941287549544,1235,6.34895653967951,1235,6.34895653967951,1235,4.510560521354814,2368,4.510560521354814,2368,4.618795472934367,2393,4.618795472934367,2393,0.4511046585176549,710,0.4511046585176549,710,2.8748080174537614,741,2.8748080174537614,741,3.0860546815511927,741,3.0860546815511927,741,2.8228432954669955,96,2.8228432954669955,96,3.204573714200781,1070,3.204573714200781,1070,0.4185469374524096,2120,0.4185469374524096,2120
background,1121,,,,-1,1.2555315170865784,,3.538874197259227,434,3.538874197259227,434,5.480894093312517,663,5.480894093312517,663,4.0077116177324035,2168,4.0077116177324035,2168,4.1654264952679645,4,4.1654264952679645,4,0.4028540853284155,615,0.4028540853284155,615,3.566028570496923,1756,3.566028570496923,1756,4.9572822513571815,662,4.9572822513571815,662,3.3375905804596013,1969,3.3375905804596013,1969,3.7158967985005296,7,3.7158967985005296,7,0.4122664558569409,1750,0.4122664558569409,1750,3.8184928596082166,1969,3.8184928596082166,1969,5.562468378880788,663,5.562468378880788,663,4.459622651677109,2168,4.459622651677109,2168,4.486340912637136,1969,4.486340912637136,1969,0.4517904238374985,1459,0.4517904238374985,1459,3.922724877243196,1654,3.922724877243196,1654,5.2023495538662505,618,5.2023495538662505,618,3.6666080614928345,2182,3.6666080614928345,2182,3.8827159814715495,4,3.8827159814715495,4,0.43620255501566807,586,0.43620255501566807,586,3.4820326192149462,1023,3.4820326192149462,1023,3.9678636188215926,664,3.9678636188215926,664,3.550322505243101,1023,3.550322505243101,1023,3.113280906977451,1595,3.113280906977451,1595,0.3753231650285213,1023,0.3753231650285213,1023
background,428,,,,-1,4.203571676087847,,4.476183699023499,1608,4.476183699023499,1608,4.2194406994574924,1608,4.2194406994574924,1608,5.129985140008271,1608,5.129985140008271,1608,4.6939289070937775,1608,4.6939289070937775,1608,0.3915354580481239,36,0.3915354580481239,36,5.205519938505594,1191,5.205519938505594,1191,5.868867376853474,1191,5.868867376853474,1191,4.73613410029196,337,4.73613410029196,337,4.633422459854711,85,4.633422459854711,85,0.5022159957539398,331,0.5022159957539398,331,4.867879633378239,337,4.867879633378239,337,4.9792284990531295,337,4.9792284990531295,337,5.278325909615572,1608,5.278325909615572,1608,5.5732920594413295,337,5.5732920594413295,337,0.48834330270704496,2256,0.48834330270704496,2256,6.496500179469657,1195,6.496500179469657,1195,7.511827770155856,1195,7.511827770155856,1195,4.831759746569866,337,4.831759746569866,337,5.113777927278137,1204,5.113777927278137,1204,0.5351918028000209,901,0.5351918028000209,901,3.397474118785774,337,3.397474118785774,337,3.5808695461316016,39,3.5808695461316016,39,3.3617184791167114,39,3.3617184791167114,39,3.9315380082978892,1677,3.9315380082978892,1677,0.5159160520400399,39,0.5159160520400399,39
background,1103,,,,-1,5.994424508556588,,4.663040510753533,304,4.663040510753533,304,4.856340414421872,304,4.856340414421872,304,5.12420714824378,304,5.12420714824378,304,5.106453578846417,304,5.106453578846417,304,0.40577936273399184,256,0.40577936273399184,256,4.450939505714587,537,4.450939505714587,537,4.995276170765108,537,4.995276170765108,537,4.365059946946357,537,4.365059946946357,537,4.069875476937358,1563,4.069875476937358,1563,0.42509089892024277,531,0.42509089892024277,531,4.839980089314821,304,4.839980089314821,304,5.0327161118381145,304,5.0327161118381145,304,5.191033123683211,304,5.191033123683211,304,5.441072353191841,304,5.441072353191841,304,0.44819422515856333,1090,0.44819422515856333,1090,4.77725067799238,987,4.77725067799238,987,5.6500110799100485,987,5.6500110799100485,987,4.624917516046928,536,4.624917516046928,536,4.569929905677976,1563,4.569929905677976,1563,0.4615120679654929,2284,0.4615120679654929,2284,3.7771904474225675,1299,3.7771904474225675,1299,3.890438999374474,1299,3.890438999374474,1299,3.9435356691904464,1299,3.9435356691904464,1299,3.371220629307211,1098,3.371220629307211,1098,0.40727828253756126,1301,0.40727828253756126,1301
background,508,,,,-1,8.804605307002987,,4.172514775011719,1952,4.172514775011719,1952,4.332622451673848,1952,4.332622451673848,1952,4.307821090887221,1952,4.307821090887221,1952,4.003917822209998,2219,4.003917822209998,2219,0.37356300626806443,2171,0.37356300626806443,2171,3.9063176823658186,1951,3.9063176823658186,1951,4.014607032987687,1951,4.014607032987687,1951,3.6658049598784066,1893,3.6658049598784066,1893,3.488408793697657,1894,3.488408793697657,1894,0.41493780716586043,1887,0.41493780716586043,1887,4.327553910877936,893,4.327553910877936,893,4.600388993261682,892,4.600388993261682,892,4.382931018409684,1952,4.382931018409684,1952,4.747912981314042,1894,4.747912981314042,1894,0.5826314908521731,161,0.5826314908521731,161,4.989164285910124,590,4.989164285910124,590,5.809487389901122,590,5.809487389901122,590,3.969853279682757,1951,3.969853279682757,1951,4.086338882781644,1521,4.086338882781644,1521,0.5070308397195702,519,0.5070308397195702,519,3.841829854950088,1495,3.841829854950088,1495,3.871204978114833,1495,3.871204978114833,1495,4.231602504246336,1495,4.231602504246336,1495,3.8890098525507395,1495,3.8890098525507395,1495,0.5532358075899728,169,0.5532358075899728,169
background,463,,,,-1,1.28033799469331,,4.202829830850832,2106,4.202829830850832,2106,4.707536308732833,790,4.707536308732833,790,4.561720947924188,790,4.561720947924188,790,4.863716952027152,2105,4.863716952027152,2105,0.4248211131332481,742,0.4248211131332481,742,3.375501368653236,1964,3.375501368653236,1964,3.6256362838211693,790,3.6256362838211693,790,3.608776866564917,1964,3.608776866564917,1964,4.034809944819098,1263,4.034809944819098,1263,0.40521105582265504,1958,0.40521105582265504,1958,4.519168001585622,2345,4.519168001585622,2345,4.975907795213097,2345,4.975907795213097,2345,4.713664143953972,2345,4.713664143953972,2345,5.207688209761722,1263,5.207688209761722,1263,0.47010239344213295,2281,0.47010239344213295,2281,5.479423857693684,928,5.479423857693684,928,7.031324352552934,928,7.031324352552934,928,4.36337629666128,1456,4.36337629666128,1456,4.836068700933496,1456,4.836068700933496,1456,0.6007514329490541,896,0.6007514329490541,896,3.32117354781844,787,3.32117354781844,787,3.6970874643840217,787,3.6970874643840217,787,3.3859700698534705,787,3.3859700698534705,787,3.4699239143113174,2251,3.4699239143113174,2251,0.391232148896498,1212,0.391232148896498,1212
background,723,,,,-1,5.987080923804035,,4.454057035228345,1413,4.454057035228345,1413,4.707939308440577,2203,4.707939308440577,2203,4.708394077000571,1413,4.708394077000571,1413,4.146485704963988,1413,4.146485704963988,1413,0.41623678365257316,1366,0.41623678365257316,1366,3.9688451906540108,1414,3.9688451906540108,1414,3.904146110932355,2203,3.904146110932355,2203,4.261979000064717,2203,4.261979000064717,2203,3.7575974025142367,2203,3.7575974025142367,2203,0.3666676788666494,592,0.3666676788666494,592,4.454057035228345,1413,4.454057035228345,1413,4.707939308440577,2203,4.707939308440577,2203,4.708394077000571,1413,4.708394077000571,1413,4.538896290867354,1389,4.538896290867354,1389,0.4512738403865281,2345,0.4512738403865281,2345,4.342715621428237,2150,4.342715621428237,2150,4.939998433228687,2221,4.939998433228687,2221,4.455269886781488,1414,4.455269886781488,1414,4.478262867024657,1389,4.478262867024657,1389,0.5060431093563469,2323,0.5060431093563469,2323,3.7259233777833796,599,3.7259233777833796,599,3.666123963829716,599,3.666123963829716,599,3.687744238090872,599,3.687744238090872,599,3.035698426736477,596,3.035698426736477,596,0.4800679625203545,599,0.4800679625203545,599
background,1104,,,,-1,4.42280182168823,,4.75553459057856,2012,4.75553459057856,2012,4.629081446938045,2012,4.629081446938045,2012,5.1019299740218695,2012,5.1019299740218695,2012,4.811777000235747,2202,4.811777000235747,2202,0.4322271801891094,1964,0.4322271801891094,1964,4.572349656383516,257,4.572349656383516,257,4.5372213812281625,257,4.5372213812281625,257,4.8454389157319895,2012,4.8454389157319895,2012,4.217012996774764,2203,4.217012996774764,2203,0.4601961777539649,251,0.4601961777539649,251,4.75553459057856,2012,4.75553459057856,2012,4.828306196318292,1157,4.828306196318292,1157,5.1019299740218695,2012,5.1019299740218695,2012,5.349873595181128,1157,5.349873595181128,1157,0.4763885157800684,1141,0.4763885157800684,1141,6.552814220316614,1124,6.552814220316614,1124,6.909365865354142,1124,6.909365865354142,1124,4.894792063859112,225,4.894792063859112,225,6.151762885648329,4,6.151762885648329,4,0.548422094308662,193,0.548422094308662,193,3.418676840920364,825,3.418676840920364,825,3.3674110426690067,825,3.3674110426690067,825,3.4370046245781714,326,3.4370046245781714,326,3.3326403718806916,1962,3.3326403718806916,1962,0.449809561169143,540,0.449809561169143,540
background,824,,,,-1,6.298727222598864,,4.711312531915631,948,4.711312531915631,948,4.693229080467685,948,4.693229080467685,948,4.7166248246058515,948,4.7166248246058515,948,4.1341812721114595,1374,4.1341812721114595,1374,0.41280381405253636,900,0.41280381405253636,900,4.255202370444605,949,4.255202370444605,949,4.270078879840317,949,4.270078879840317,949,3.6514009524070596,1372,3.6514009524070596,1372,3.8510129061794176,1586,3.8510129061794176,1586,0.38089318136145245,1366,0.38089318136145245,1366,5.242156802066592,949,5.242156802066592,949,5.207149038102859,949,5.207149038102859,949,5.007173541191003,949,5.007173541191003,949,4.977869555247711,1570,4.977869555247711,1570,0.5123903403205461,1554,0.5123903403205461,1554,5.2705220755823365,948,5.2705220755823365,948,5.29270518365027,948,5.29270518365027,948,4.124420775431514,948,4.124420775431514,948,4.483370528812002,217,4.483370528812002,217,0.46316070071295834,406,0.46316070071295834,406,3.055059029413231,1571,3.055059029413231,1571,3.0802058863345727,740,3.0802058863345727,740,2.97134057564964,1571,2.97134057564964,1571,3.1237533268949753,1570,3.1237533268949753,1570,0.48648801881452575,740,0.48648801881452575,740
background,526,,,,-1,5.200479203244553,,3.5677953039037145,1023,3.5677953039037145,1023,3.6614080657317536,1023,3.6614080657317536,1023,3.827322691811554,1022,3.827322691811554,1022,3.834264187571873,40,3.834264187571873,40,0.3936155409702071,2391,0.3936155409702071,2391,4.753017820618436,977,4.753017820618436,977,5.2694529060254816,977,5.2694529060254816,977,3.4285258871320203,977,3.4285258871320203,977,4.390785628654384,993,4.390785628654384,993,0.4724125549112091,971,0.4724125549112091,971,4.8594543230188725,992,4.8594543230188725,992,5.204174154641114,992,5.204174154641114,992,4.816906812568083,992,4.816906812568083,992,6.077474394965705,992,6.077474394965705,992,0.5272387899817559,968,0.5272387899817559,968,4.892619823267214,976,4.892619823267214,976,5.423856411788037,976,5.423856411788037,976,4.772716838303522,993,4.772716838303522,993,5.731105780839909,993,5.731105780839909,993,0.5239913074859546,961,0.5239913074859546,961,3.24139530438269,295,3.24139530438269,295,3.421047887308898,975,3.421047887308898,975,3.3521908613840568,116,3.3521908613840568,116,3.431560234069547,1026,3.431560234069547,1026,0.45702051707880725,648,0.45702051707880725,648
background,287,,,,-1,0.9133607497601324,,4.70064122947006,915,4.70064122947006,915,6.473342483049967,915,6.473342483049967,915,4.875868919368789,916,4.875868919368789,916,4.760780242809651,945,4.760780242809651,945,0.48486303091190336,867,0.48486303091190336,867,5.177797524708152,917,5.177797524708152,917,6.978917945047003,917,6.978917945047003,917,4.703318619763497,917,4.703318619763497,917,4.2875150050810635,916,4.2875150050810635,916,0.5599194738322768,911,0.5599194738322768,911,5.058964873181369,915,5.058964873181369,915,6.849194898298123,915,6.849194898298123,915,5.105887904825392,915,5.105887904825392,915,5.570724120214331,915,5.570724120214331,915,0.5821761121983159,883,0.5821761121983159,883,5.505318573567919,916,5.505318573567919,916,7.520112896759265,916,7.520112896759265,916,4.990207503451481,916,4.990207503451481,916,4.755070173262183,916,4.755070173262183,916,0.605111771403336,884,0.605111771403336,884,3.2260479148094285,1736,3.2260479148094285,1736,3.5901759126765564,945,3.5901759126765564,945,3.1431396203698476,1736,3.1431396203698476,1736,3.708044551110503,1736,3.708044551110503,1736,0.3856670095153398,1705,0.3856670095153398,1705
background,368,,,,-1,4.55061174826541,,4.637813853894987,1047,4.637813853894987,1047,4.324612246281224,1047,4.324612246281224,1047,4.648953791629838,584,4.648953791629838,584,4.857419359881776,584,4.857419359881776,584,0.4179883186767371,1000,0.4179883186767371,1000,4.447626054251814,1048,4.447626054251814,1048,4.177571809570782,1048,4.177571809570782,1048,4.062067685123726,1048,4.062067685123726,1048,4.017346185778717,585,4.017346185778717,585,0.43448220819679,1197,0.43448220819679,1197,5.954060510915711,1046,5.954060510915711,1046,5.5395209316627305,1046,5.5395209316627305,1046,5.018713818361899,1047,5.018713818361899,1047,4.9575763709660325,584,4.9575763709660325,584,0.4970408313818088,958,0.4970408313818088,958,4.771065178203642,1047,4.771065178203642,1047,4.856313173065646,1776,4.856313173065646,1776,4.169009636214958,1047,4.169009636214958,1047,4.1955299218869095,585,4.1955299218869095,585,0.4530325082865375,2319,0.4530325082865375,2319,3.2316452228187416,1045,3.2316452228187416,1045,3.032275384079403,1045,3.032275384079403,1045,3.0711734911263333,612,3.0711734911263333,612,3.110426287106736,1627,3.110426287106736,1627,0.40357812286469574,612,0.40357812286469574,612
background,1089,,,,-1,5.959134945015887,,5.342589123142668,642,5.342589123142668,642,6.119893750560188,642,6.119893750560188,642,5.492193740384894,2102,5.492193740384894,2102,5.241671570234135,642,5.241671570234135,642,0.4835297275490717,2054,0.4835297275490717,2054,5.691115899960498,643,5.691115899960498,643,6.766241088338517,643,6.766241088338517,643,5.238422509644494,643,5.238422509644494,643,5.523718317453886,643,5.523718317453886,643,0.5572425743721001,2096,0.5572425743721001,2096,6.408386190625504,642,6.408386190625504,642,7.3493034907637576,642,7.3493034907637576,642,6.204538169878276,642,6.204538169878276,642,7.265049176961971,642,7.265049176961971,642,0.620779292334422,626,0.620779292334422,626,6.90775576524628,642,6.90775576524628,642,8.106279930013498,642,8.106279930013498,642,6.548672603885727,642,6.548672603885727,642,7.0900145476270495,642,7.0900145476270495,642,0.7065386503028864,610,0.7065386503028864,610,4.585722268628082,2103,4.585722268628082,2103,5.262361874795944,658,5.262361874795944,658,4.500448682198022,1058,4.500448682198022,1058,4.480709478771436,642,4.480709478771436,642,0.5802874357032565,794,0.5802874357032565,794
background,948,,,,-1,1.6863325343609477,,3.8191485388907047,653,3.8191485388907047,653,4.4692203465799345,653,4.4692203465799345,653,4.059017603571556,1473,4.059017603571556,1473,4.243845741750228,1473,4.243845741750228,1473,0.42550458121489343,1425,0.42550458121489343,1425,4.443851285544429,1312,4.443851285544429,1312,4.264350404942215,730,4.264350404942215,730,4.1617497420572755,1312,4.1617497420572755,1312,3.7517533293507146,1312,3.7517533293507146,1312,0.4708439436859937,1306,0.4708439436859937,1306,4.223967726032527,653,4.223967726032527,653,4.968335913440678,652,4.968335913440678,652,4.195296998783125,653,4.195296998783125,653,4.427333553180388,1473,4.427333553180388,1473,0.46411517415418024,589,0.46411517415418024,589,4.503362940721259,1312,4.503362940721259,1312,4.496788173008797,653,4.496788173008797,653,4.272715024911451,1312,4.272715024911451,1312,4.114263053261146,1312,4.114263053261146,1312,0.47626522062628707,1280,0.47626522062628707,1280,2.848884839547691,315,2.848884839547691,315,3.229217259239937,940,3.229217259239937,940,2.9874068471593875,315,2.9874068471593875,315,2.8030206019064554,298,2.8030206019064554,298,0.36788682040129866,2343,0.36788682040129866,2343
background,788,,,,-1,1.698292815507071,,4.180587494787357,1688,4.180587494787357,1688,4.2327069620483595,97,4.2327069620483595,97,4.500866595447597,1688,4.500866595447597,1688,3.9233256782759027,1995,3.9233256782759027,1995,0.42140431573401954,2258,0.42140431573401954,2258,4.667499138969746,96,4.667499138969746,96,4.706463240919991,96,4.706463240919991,96,3.961247326229265,96,3.961247326229265,96,4.287321317658605,1995,4.287321317658605,1995,0.40413110757271387,90,0.40413110757271387,90,5.494424352640502,96,5.494424352640502,96,5.654724965154367,96,5.654724965154367,96,5.093103599791027,1690,5.093103599791027,1690,5.362512481673856,1995,5.362512481673856,1995,0.4916314445098997,1971,0.4916314445098997,1971,5.184981341691879,97,5.184981341691879,97,5.26627608974951,97,5.26627608974951,97,4.519087955607256,2306,4.519087955607256,2306,4.7681649156508925,1995,4.7681649156508925,1995,0.47971146698681144,1821,0.47971146698681144,1821,3.6318178739819706,93,3.6318178739819706,93,3.6106259067225106,93,3.6106259067225106,93,3.5146957716912337,1995,3.5146957716912337,1995,3.64892187567742,2306,3.64892187567742,2306,0.4003808667955133,93,0.4003808667955133,93
