kind,ref_idx,depth,objectRad,dist,center_frame,RickerDetector|T1|peak,RickerDetector|T1|frame,RickerDetector|T2|peak,RickerDetector|T2|frame,RickerDetector|T3|peak,RickerDetector|T3|frame,RickerDetector|joint|peak,RickerDetector|joint|frame,BoxDetector|T1|peak,BoxDetector|T1|frame,BoxDetector|T2|peak,BoxDetector|T2|frame,BoxDetector|T3|peak,BoxDetector|T3|frame,BoxDetector|joint|peak,BoxDetector|joint|frame,MultiWidthRickerDetector|T1|peak,MultiWidthRickerDetector|T1|frame,MultiWidthRickerDetector|T2|peak,MultiWidthRickerDetector|T2|frame,MultiWidthRickerDetector|T3|peak,MultiWidthRickerDetector|T3|frame,MultiWidthRickerDetector|joint|peak,MultiWidthRickerDetector|joint|frame,FresnelMatchedFilterDetector|T1|peak,FresnelMatchedFilterDetector|T1|frame,FresnelMatchedFilterDetector|T2|peak,FresnelMatchedFilterDetector|T2|frame,FresnelMatchedFilterDetector|T3|peak,FresnelMatchedFilterDetector|T3|frame,FresnelMatchedFilterDetector|joint|peak,FresnelMatchedFilterDetector|joint|frame,NormalizedSNRDetector|T1|peak,NormalizedSNRDetector|T1|frame,NormalizedSNRDetector|T2|peak,NormalizedSNRDetector|T2|frame,NormalizedSNRDetector|T3|peak,NormalizedSNRDetector|T3|frame,NormalizedSNRDetector|joint|peak,NormalizedSNRDetector|joint|frame
inject,614,0.6557813768378171,1538.6406407923996,36.6614834622667,419,3.5506054259122237,418,3.231417496425286,1467,3.599496908623565,420,5.116891936744741,419,5.251407463316157,419,3.50231634497875,420,5.182296579487671,420,7.832632828254281,419,4.212932138891348,419,3.577083175323371,1036,4.282942032678135,419,6.898114775212046,419,5.833237250522241,418,4.3940353266511085,1632,5.469310449723646,419,8.148808256799684,419,2.275629239435199,1640,3.648819711049521,857,4.346799123874761,884,2.6217492174632624,884
inject,942,0.6802409554419013,1418.564189279579,30.005671273232256,1116,3.6743409299680594,89,3.4586087995386885,1117,3.7172357666734444,1115,5.910617067721791,1117,4.227369530679617,1117,3.7180638558120362,1117,3.83987374680906,1397,6.622190759234802,1117,5.108633906094225,1117,3.9019196143675967,1117,4.123994199927737,1116,7.303330965957707,1117,6.134973190623437,1117,4.6398766185683575,373,5.222446394497142,1130,8.653039647801686,1117,1.64581443328541,2297,1.3409782086687663,960,1.7204074473332847,1396,2.171561995235333,1116
inject,516,0.6198424862339187,1169.8511810350672,39.67991189018571,2044,6.043401070663235,2044,3.932209030143541,2045,5.428156468788037,2044,8.869740667881745,2044,7.228526573963322,2044,6.579867065251297,2044,6.1149292489216895,2044,11.502735832617331,2044,7.033333463170082,2044,5.964185972552215,2044,5.825947534085066,2043,10.863622026911104,2044,9.718523519102034,2044,7.908697194978323,2044,8.914170470292678,2044,15.323679344964933,2044,1.1192122350253542,2042,1.1020905290413234,2045,1.0748833372617819,2042,1.792966301463787,2045
inject,1156,0.1542040441177407,884.0905261766865,32.21737741912849,1156,3.0696846808787326,1284,3.3647370529837133,1235,2.6796472292092735,2387,3.4122910741640813,149,2.9193533848166187,1284,3.12888308275642,560,2.9190192146322103,2122,2.9499946161694868,1215,3.9653201920800085,1031,3.8917969728631343,1986,3.6401561237690285,1577,4.296031601958044,1283,3.9600389141440817,132,3.9953782162428504,1000,4.845168299264881,2132,3.7371876699671978,638,127.35997529150197,2335,113.58125762263465,790,23.92107891185955,711,75.31013348091057,2335
inject,735,0.084803008501806,620.0189486279522,38.24298353494035,1072,2.676824822481458,442,2.717981122531234,2057,2.5773610009357153,2035,3.3287484832623275,2056,2.8152583351807157,1354,2.8092203475121655,1920,2.938476681744698,725,3.589863258039712,727,3.6340793125409543,1450,3.836673972048471,2315,3.465722446703771,1589,4.159699196830678,1449,5.053868542751584,1369,4.482706816155805,180,4.200323625789778,1297,4.087174070635232,1450,28.752186783309263,57,43.346475284165535,389,34.03656376267505,786,30.036635688713258,389
inject,389,0.13737084608010564,797.7869908619952,36.70897099572632,1714,3.1744499453888957,1714,2.79379182076918,1715,3.1628285508467964,667,4.1655948410990495,1714,3.190102633384361,261,2.8655090665405205,2287,2.8737196410341213,811,3.4699651716527566,1716,3.6416227388573073,1714,3.8208229016914794,1339,3.6787206099785754,2360,4.789406851441662,1714,4.019157877918002,1728,3.874436424633942,531,3.8856595639747886,667,4.643789371816176,1715,3.1299083630448576,1128,5.740798745148509,2240,2.342860281433825,1282,3.306687394792878,2240
inject,575,0.2945040637418225,1051.571997364104,38.2823809740931,2088,3.7522045808574367,2066,3.3156836068094573,1352,3.245133269949487,517,4.6179539644125,2066,3.940289194261771,744,3.6881608878735603,663,3.7185816745904554,2089,5.105370746440521,2089,4.694208259197097,1222,3.6993499369758576,1876,4.582132189017409,2248,5.527232306625426,2088,4.880432779872121,2066,4.5715594535695,1784,5.027751338755524,2212,4.8482017979475565,2077,0.7449658509354593,2069,0.7387815500304671,1777,1.0480951986050357,1132,0.8506834135052267,2089
inject,315,0.05766912008585323,1667.5486618299383,36.71386381823868,2063,4.365795881282917,1347,3.9998590243124545,1869,3.627302438852484,1566,4.420459578802564,2174,4.211970988397264,1347,4.928128919507455,297,3.9233388915238065,1565,4.810154212492477,2175,5.265945912008088,1347,4.535528123890482,1869,4.0723323746021,1566,5.345892162264961,2174,5.666377289295973,1346,6.51075434666272,1868,4.7404289788024885,1833,4.897076667518106,2173,1.1713482884722506,634,1.18556856597992,295,1.0448935026067239,1773,0.9703693845613943,2338
inject,806,0.4067332735195178,1941.1231434828803,39.87464505555079,723,2.7973072930452174,1182,3.949389630187986,723,3.8603922087155893,241,4.589179059094666,723,3.2665127835975487,2067,4.489973195147006,723,3.4606631652308897,1615,5.544084740610329,722,3.9762631235022785,1520,4.154552968179404,723,3.8603922087155893,241,5.277775309403755,723,4.905159310352741,303,5.223729916432316,873,6.569861490688335,230,4.231106099791303,873,3.2034574938891978,928,9.599727398127698,724,3.3679511703300093,932,6.846352315969668,724
inject,1011,0.052508920457544406,487.32826311403846,38.690855418893136,1994,2.590125978406174,1677,3.4624645444321267,620,3.2549117698094316,1897,3.337936951345341,1897,3.1802606217287983,2043,2.9588937808662603,620,3.250147301711898,839,3.2040918644896728,1897,3.9199115564310114,1969,3.819770259811375,2168,3.759288081359925,1233,4.619688308584305,2168,3.9378680241316526,1637,4.631552095538813,143,4.818603032710043,1884,4.664759422345127,1884,27.662547305820894,495,24.556995605671418,2046,51.36312445695723,1558,30.22070118101641,1558
inject,254,0.7758224469265697,1527.3966434340766,30.51274753612793,671,4.675424333833851,671,5.369363145085287,670,5.099989770118677,671,8.70894062590089,671,6.590546202793238,672,5.986181630066365,672,6.994957246252752,671,11.278441959588543,672,6.2159338650656855,671,5.699416986477529,670,5.448489850114144,671,9.90783251104627,671,7.748177651893061,671,7.967232136918812,671,7.885153060786499,671,13.625791314242303,671,1.7520661586198183,671,1.9783325056774352,671,1.9642245343008078,671,3.2877922366440786,671
inject,889,0.15171137363126053,791.5859640693366,35.576957343947996,1450,2.994918819282644,257,3.543791932430645,1685,3.3020795044800093,107,3.333589035646803,154,3.314528768026513,4,3.3894420278765205,1049,3.2594850264472472,688,3.7322473036941406,423,3.47661313057478,1725,4.0269129898303575,526,4.152722237855124,284,4.50023547909663,473,4.567760019432249,1351,4.437758054602557,1685,5.236940254086949,108,3.812704075749976,1724,1.4706052703259243,852,1.440533014276171,1451,1.1839871389061143,2301,1.1079807496444585,2178
inject,309,0.21930843752917684,986.6598418416855,35.46717419811384,2004,3.5069102876935467,1483,2.9985375114002992,2085,4.050460980292251,116,3.181932443241093,2172,3.001501166375392,1483,2.8291289973646827,2255,2.8717804754730607,2247,3.0603245209957213,767,4.14314656563213,1483,3.9828907811780128,1820,4.050460980292251,116,4.3474336408976635,389,4.754414301613586,1483,4.083680874005627,222,4.386841939263867,116,5.005174998381414,390,1.553645425531732,2285,1.5497100497307639,2313,1.2686712364474617,2283,1.2799186505327085,2283
inject,1095,0.22561850664058325,708.0778301089852,34.979952663394855,1263,3.0519887398137935,1262,3.4257271116580377,2032,2.7503755586296306,2081,4.444315223486531,2030,2.9139994937276046,594,3.197343759953456,1010,3.3209673014450387,1508,3.916483970695655,2031,4.5852581346202514,2006,4.685963693025038,947,3.7852777921364416,412,5.152091838252018,2031,5.402629485718959,2033,4.4522395380802555,962,4.407119884589225,1583,4.694476637397662,2033,0.839654281110051,2006,0.910396267834188,947,1.4255069842457357,412,0.7783776906467886,412
inject,991,0.04922926598651545,585.8241155067212,44.84858073751266,1206,2.7533748834929037,776,2.7874138583325725,991,3.1481791549878952,2214,2.6757608773764368,700,3.8300776457181307,697,3.3356603639951437,0,2.851325512668605,1039,2.718302690515481,699,3.7379070137005224,635,3.770737895163587,1238,3.6333191946929473,2228,4.82519971972751,481,4.491430447270471,2379,4.26830728427575,1158,4.40419966619714,2213,3.7530836690289564,2228,7.872231074783399,706,15.53640492989455,757,23.934093335691724,721,13.880598097303766,721
inject,715,0.20669599914896708,1155.9376053123908,36.2159807032629,287,3.473302034598968,673,3.14398826989907,2279,2.8619733383401385,1792,3.9631300258494115,425,3.3430227046011227,1396,2.8647239890296814,2172,2.9654256931824117,1795,3.44194679415018,2143,3.6046510443805158,805,3.5868163847640213,1219,3.733028952576241,2148,4.450186356762808,368,4.61392989923307,674,4.171058144744918,1707,4.85940156010594,705,3.715503039851627,2132,1.5500222603924658,476,1.3848797595270366,2155,2.096240067754467,2263,1.2863177071838658,2120
inject,874,0.27439419380169405,1129.1873576931716,39.90461074019377,536,2.970587894069148,1545,2.6822562047286747,2306,2.7014279222726794,1795,3.8222331435056947,1887,3.4770559302097075,1544,3.2842597816870356,472,2.8635181286899303,1194,4.316504649882181,1889,4.42435022970805,72,4.16509665344288,1446,4.174667330937251,1347,4.616495884336388,1347,3.922263912374638,72,4.002039930145973,670,4.137720294359105,229,4.612223894054382,1970,16.39350246567198,2280,17.220088723105043,1538,12.094708314173069,2357,9.829178963263562,1538
inject,517,0.1064865859586196,710.1119151403892,34.01818088691223,2059,3.7365623730579878,907,3.4752339998318695,489,3.0127154195665145,2036,3.456001840256483,20,3.8763938594702836,2134,4.164422882816232,172,3.2738802314686866,363,3.0575649023034024,1417,3.815926849735982,907,3.765388125165242,171,3.610937816841293,1893,4.313613669429254,1893,4.615958402942499,642,4.998132543221171,1991,4.75724508079484,1708,3.8608230437718696,144,1.6001128779572722,720,2.801894747586817,654,1.4334497493785616,929,1.540869100216455,654
inject,1139,0.7082943816680256,1333.6349095893918,31.676261843807282,798,7.377542186774769,799,4.068219004055338,799,5.26958316393545,798,9.47132703000471,798,7.458378427039535,800,6.649724288762119,799,6.718905836633699,798,11.64816031672341,799,8.208021776378976,799,6.93410472561539,798,6.444292606239949,798,12.287669824137065,798,11.830472410103724,799,9.402726951426729,798,8.4141445480903,798,16.997182562707827,798,1.7648609759883767,798,1.5060714176314915,799,1.4641106545947435,639,2.5481496854561834,798
inject,988,0.23592663659406632,1025.8834932845873,43.389095642690506,274,3.0491145517615754,2180,2.8497702403210923,924,3.92265645573446,955,3.486888584235784,957,3.188332355537176,1967,2.8693827255140967,547,3.9181871463086018,955,3.336316431893823,549,4.189124105997691,228,4.413187555213395,1046,4.439549674501557,955,4.428464941237072,2182,3.9776673541985916,917,4.795905791983536,551,5.45912658746914,956,3.71198524579032,551,13.140178812968301,2326,1.765562445848193,2317,5.124495673819624,1097,7.657920231847169,2326
inject,701,0.10435099503407441,1334.2620684364572,42.217723599057315,922,4.057012969599922,1629,3.602953552629159,2171,3.5198478637082906,2047,3.0219703697348743,1627,3.835623972255367,1631,3.752407913246015,1726,3.545866102009894,1625,3.502562586666586,101,4.420250669982327,1629,3.730586063092857,2171,4.0059015428807285,1318,4.494163983239776,1626,5.2273000558009315,1629,4.099565400779866,2229,4.153291428279857,144,4.14607923902896,806,1.2617693422852263,265,1.4599469696474705,2376,1.3948315272605987,917,1.2600207486025559,640
inject,121,0.02994609215627264,300.1836115615835,30.39399852818254,2129,2.9214355891214914,287,3.0071987782542546,2130,3.5192422549662665,1894,3.4576036174644362,1758,3.1953942238405233,726,3.190603492532817,951,3.710102498137775,1784,3.9278253452238303,2271,3.319405057236916,1096,3.446686043765064,921,3.7909147489817547,1894,4.229122806395536,1826,3.7861966181495292,1250,3.8860075696996033,30,5.003770450497601,1772,3.7278875073584983,1784,1.6606729546969459,1695,1.6559893747681322,2350,2.3368271100448923,1160,1.8913695698822681,2268
inject,427,0.07448326553204476,591.2536638092886,32.818060410676,1756,2.7839119958943703,1202,3.0800647312507166,1813,3.5654464916633017,1014,2.9729239443264506,1960,3.6632492280413445,1130,3.5754286026084467,1814,3.852742120061605,2297,3.6309248563434235,1961,4.54324211396704,2378,4.827094495230448,141,3.5654464916633017,1014,4.821833434612353,1130,3.9359334433050974,2378,5.339136595853245,1828,3.7486248104067177,87,4.694027513889336,1827,2.624707182144783,2312,2.3132383213130114,2267,2.650550953120796,2021,1.8045439964634022,1961
inject,1059,0.0876001743730378,1862.4337396157723,39.53102072388902,1897,3.2159857650723125,2071,2.906273595516602,410,3.4832713563746847,1898,2.847529764701198,1172,3.3117946606057656,1729,3.0557469259533856,1531,3.487156809662422,1897,3.3102062763379836,1172,3.7439635556339392,2028,3.6317395767266767,2286,3.949756084057941,1898,4.421160213074977,1289,4.698124021977022,973,3.959730480826593,91,4.126684463425867,1899,3.7082399970165514,420,28.13657439664586,770,81.53756894268945,657,26.537213956683946,1860,46.29099226157223,657
inject,313,0.2767091471951384,689.9522028096353,30.669324374393877,1914,2.9569892638927033,2094,3.223278676066468,2117,4.561241144223934,1133,3.669993108024497,1134,2.448199946442665,68,2.5413336324363476,1636,2.9813177893516856,1916,3.4830127864419405,1915,3.813469201051834,25,3.977734056066462,2132,4.561241144223934,1133,4.470855438262207,200,5.361839478748513,23,5.306758201265527,2115,7.678552758790846,196,4.588952039089258,1611,0.9683812785452944,2052,0.6476620728439069,2314,0.8924686886257022,1913,0.7443166910294399,1913
inject,341,0.051027144431417315,1979.549507451161,40.28836111656374,1632,3.210287057826173,263,3.4516074656477076,950,4.266055796017366,1373,3.3780476992745863,1373,4.118690695910944,262,3.210275997319832,1446,4.216557602104708,1374,3.339548033129712,2208,3.642824448714539,367,3.55703976058333,950,4.407889547834868,1373,5.141995483054994,1371,4.456730784542873,278,4.164634927748674,949,4.865738988104063,1373,3.7860951744512286,343,4.99021890940174,596,4.648873288400214,430,4.519293387772507,161,2.8309112678017994,161
inject,984,0.1280437519124369,1072.0836120425088,33.16879213843706,1697,2.540884391914595,2030,2.66674288298998,2071,2.703059609242353,1482,2.7830582129619454,629,3.40918005143778,473,2.9548411982689498,986,3.3659633647355083,0,3.2794847080288942,629,3.31132761089569,1763,3.339138671203326,1257,3.2545673774339137,382,4.43297601113823,1257,4.251147018454674,1757,4.5913077887095,588,3.7036400232421447,734,4.262648628154514,589,105.75992072301048,2255,50.39472188289121,56,41.59378528225624,1407,60.98092251558762,2255
inject,177,0.1297701565670727,1810.5461332416103,39.80282919962683,1929,3.207255401682361,388,3.053831632869016,113,2.671163388775771,829,3.2094009778582384,2119,3.0031752921610875,2126,3.4282220170867825,299,2.875474414591291,2172,2.9823847310112264,1643,3.327899234391875,389,4.764304853858905,1972,4.676539319866392,1233,4.673462242468234,134,4.820948568661041,398,5.2117256286475415,219,5.693760049908305,838,4.26087185174274,838,0.8511724196493883,738,9.439059900916472,800,5.042380429105195,1233,5.469112709173509,800
inject,548,0.02514237648464801,325.6449570809775,37.721785191857215,631,3.45654377790256,786,3.2970686743516917,1176,2.7903545214786805,1633,3.830730849520114,1750,3.1339861302053267,784,3.1232788111761347,385,3.2626693742876287,1632,3.375613539198919,1751,4.38865836209951,787,3.2986766101813187,2064,3.556687174106951,1630,4.425519552459015,1749,5.366991845216641,789,4.638491426883662,1179,5.158393942045884,549,4.370487177585052,790,0.7775584554560335,790,0.7319635730372748,96,0.763721310073098,690,0.7964992535707599,89
inject,268,0.5063331761348999,1219.3819308699476,42.16984285878556,1887,3.130987839348503,2060,2.7018154103857284,653,3.0760334005983263,811,3.506599852436704,811,2.8014501805714236,1879,3.166306679239845,1783,3.0584228507383155,2044,3.6565175900573488,1887,3.6955785892896276,2333,3.0850389125203117,1710,3.7567711409986417,2044,4.333456490481697,810,4.3136118970069655,1076,3.800399370016954,1336,4.820792647219276,788,3.7672238582732263,1337,47.24344302466272,774,268.0247155164104,1784,20.69058880818996,936,154.67286856468368,1784
inject,216,0.4144024421851509,716.2148105170509,32.013449474933154,2070,3.3245356091378255,1483,3.620689317870606,1774,3.119657482152583,290,3.1262680394406277,1145,3.3042820047516255,320,3.000185903878879,1774,3.481811580840186,860,4.1095939672390065,1148,3.8433197482147725,356,3.981517224966295,1989,5.0317229697522485,2070,6.711703631288328,2070,5.033857942376671,637,5.73764529192742,1787,4.861587142182465,2071,5.283559293056669,2070,1.1432113522368645,2300,0.9899745281052359,1146,1.6213659232517819,2291,1.0588260630682005,2291
inject,1249,0.13666040977780403,1470.080489897608,36.08512997786419,1388,3.0334237536699096,1880,3.071836982997654,58,3.2096677697832985,82,3.4451153426550687,81,2.8577461894985743,1880,3.342255089891144,100,3.238782420584792,1232,3.5554053390459583,1385,4.484483884085622,1736,3.6869911764202716,121,4.2012867854883815,1795,4.561305810949544,1795,4.210344064393428,1737,4.313603936657871,1534,5.566994806120672,84,3.9421018667487036,71,107.45084061133157,347,91.56900466466601,899,349.40746908116097,753,203.34079472539005,753
inject,806,0.16588024132078116,965.4721030621431,41.975620350576634,388,3.1736604219611517,815,3.5149808452053173,2365,3.6238949984865543,917,2.878523688878363,944,3.3387500217065047,2065,3.268346022475536,1372,3.5811616928477634,993,2.880201371272811,1933,3.572603364748387,1578,3.6997637553164053,2365,3.9367248077518555,1865,4.099742282717777,224,3.994633900110701,559,7.033031856926402,1625,6.189797757341005,928,4.486321441354409,1625,4.014929012097173,653,2.692587208457358,114,4.04331996468161,665,2.609744932072284,665
inject,570,0.019633700846145685,366.04009083169194,34.94573905476932,2005,4.910966364868043,1175,2.853402356638897,162,4.493300850197708,1047,3.444157308436801,94,5.060168088118704,1003,3.7258656514504795,1949,5.002591252671126,1049,3.541357308701656,97,5.0949469155481255,1175,4.053620765719411,2100,4.493300850197708,1047,4.532573915104028,1046,5.661025431246561,1175,5.423494265671489,111,5.867982983777167,1047,4.854817662527875,1174,0.7377110365482966,1001,0.8923716552381469,2100,0.9619087317930436,1024,0.7622917517280939,1024
inject,40,0.30948629219005175,742.4498254186097,37.81703819606792,629,3.4518011552736483,1187,3.0913736370999425,1911,3.147855265759734,776,3.335167255756631,1710,3.282271716239748,1850,3.2532563587648964,2191,3.0912906721165303,777,3.43633146309065,51,3.6606778530118396,1605,3.9730926014620636,1911,3.2378550951889293,72,4.839592777249338,50,4.738115320780447,1187,4.799605360252481,1911,3.985344964662165,42,3.6810990954063816,1263,1.2139846527922813,545,1.2231706067364172,2389,1.2189913533464372,2258,1.490897151877957,545
inject,796,0.11520637546467294,722.9272517074317,42.819869953055516,2058,3.286211173663445,2062,2.9006186393994375,1007,3.423665589453261,886,3.647903365473852,888,3.401319037745389,2062,3.12839724032332,963,3.1175665836786193,243,3.7387466900418693,2057,3.97256369162486,1138,3.769690547029949,489,3.8788069615168723,388,4.275874020356876,448,4.4221867054025354,1138,4.662023991202929,497,4.499325648132268,885,3.833878520679005,2056,1.0270258258710245,436,0.8572304233795265,945,1.0900136276428387,1621,0.8395929037333961,944
inject,51,0.2563065301252413,1681.1313221428204,38.30589220946007,1031,3.4732003327305256,836,2.898358391368106,792,3.1457453833360973,1600,3.839148898345738,1600,3.1281883433228335,1963,2.8058876558118926,1920,3.2169568499167194,220,3.1240415804902577,1036,3.987493570571745,836,3.922237108518347,957,3.6885244101466683,1881,4.617358066984338,1602,4.373824386063608,836,4.134550588414019,806,5.165124286151277,1613,4.313286109689389,1613,1.5793932218105402,2255,1.9965457541255933,1679,1.926518090895138,1565,1.2249616344049354,1598
inject,800,0.30184776919339706,1115.02818043576,39.89448435769475,1064,3.1180411546296165,33,2.889394792860883,1024,3.317010935414996,675,3.386828940881743,2226,2.7105885833552104,2119,2.8820404945189875,399,3.306655629255434,678,3.10298343971886,1845,3.7586290616788034,1101,3.704283107788152,756,3.549244348726313,763,4.5199002485406075,1101,3.835702152267392,1709,4.328164408885836,1782,5.0718326590549525,764,4.248985375470905,1638,27.833428173060756,615,73.26534836339479,792,36.11177103810705,2292,43.23596342690917,792
inject,56,0.35859867196076933,1703.3357283128034,31.16740941176183,1032,2.905882768921338,2363,3.4430225386457796,2137,3.2163874921070246,1233,3.539738076359781,18,2.6711617045088043,996,3.24284506942203,1912,3.367650068295919,953,3.5537170604081716,1031,4.240362193373881,337,4.095948419996068,1390,3.480157652966397,1233,4.55254004554454,2360,3.977454293020406,976,4.890838575028167,1392,3.8632056205316907,86,3.7800296228300567,2137,11.635389889421704,2335,32.506259305159205,757,30.849445918992465,1318,19.110069319505076,757
inject,588,0.48056658970979693,1196.7319458606771,39.59575971607554,1543,2.7418728934109087,173,3.6787654280676736,1543,3.083948244285506,1541,4.995414575498427,1542,3.0505545284626936,243,4.964221874397423,1543,3.9048528227922623,1543,6.105227746716473,1544,3.4650436943937826,173,3.9998101039979206,1543,3.94649862576206,491,5.6183749042321445,1543,4.152845076803307,165,5.057331245105477,1543,4.6413101642953,1538,6.18855755624907,1542,1.001562552383704,754,0.8131160002156651,1544,0.9990760198709602,729,1.2675568030181628,1543
inject,1163,0.08254447275111709,901.7030880493295,33.94986209810746,557,3.657780426251866,870,3.5149053988462082,1468,2.8319409558001563,1121,3.1987866081760696,1385,3.505738759645536,1876,3.38209369713378,1527,2.927525342751963,2048,3.8236927431368786,1412,3.6976485986759307,871,3.5149053988462082,1468,3.374927163909092,126,4.327437798894068,1412,4.734656454719661,1026,4.167147234242326,1468,4.098652878748748,119,3.3764583113314486,189,6.3746329826914545,871,4.587420528971794,752,8.713385714869625,1685,4.815334875224502,1685
inject,12,0.25219174646540177,1672.6208756058863,43.97065242111307,1963,3.71322862952554,246,2.781149801508345,1964,2.4403373601200045,1575,4.6379143745415865,1963,3.3892744120679157,247,3.0077456450757856,1965,3.222446531989242,1964,5.087466060611829,1964,4.024920616117135,246,3.4237896366243223,2354,4.360782066121047,150,4.793312611620931,77,5.6821287758567545,246,4.1742591606942385,1304,4.0737552934624555,684,4.469707007519351,178,1.447777195125175,2197,0.9194204792148465,2296,1.2212368598184464,150,0.9720252773986535,2197
inject,895,0.4775749708250163,1528.0708693174101,44.33123325318858,769,3.4615704910815177,485,3.8798538320565052,1268,3.4330154565984614,1764,4.0422653010248935,769,4.044477756624315,770,3.852661772130899,770,3.6620564514187515,410,6.631841930597865,770,4.8960107686599645,769,4.166946819738664,660,4.701937301666485,769,7.563556924406361,769,4.926426548895292,769,4.957623305997642,1282,4.421123459864703,769,7.30416379017216,769,1.1760068875496366,1274,1.1898771222973636,1412,1.3754161853643458,2337,1.3530010206429455,768
inject,931,0.25458706479873294,1773.2952013148933,44.71611289338151,488,2.8512597119947234,1257,2.7751032385674863,927,3.253765914680011,561,3.5050185533031373,2287,3.2429560979619763,373,3.007808361801418,2004,3.399869236745119,733,3.3304980404386764,2290,3.3484736136046123,2385,4.608747769258081,1589,3.7314771921809893,1542,4.189721088504922,1262,4.729580891315587,1800,4.340648303372487,2286,4.994120489595029,572,4.29164973169878,2269,82.63217428981034,373,12.263882658441016,160,27.237279964995928,1887,48.08898387358496,373
inject,1041,0.4711801505048483,1041.2931270609565,31.529068320169017,673,4.683088205849689,674,3.6134992778969957,672,4.622404328688168,673,7.238959396842542,673,4.941844253865326,675,4.9334928285098645,674,5.156800144939371,674,8.56135278595567,674,4.6941162127052625,674,3.767933308300681,671,4.694236244967512,673,7.409002433946959,673,6.784826534470341,674,4.766456165632874,673,6.775825259890433,674,10.450125977091044,674,1.1814074666569387,673,0.8734127953759433,673,0.9084849278684193,674,1.6048186661692907,673
inject,636,0.07091001144862907,758.5805858455024,30.869692458761058,1552,2.9896006288049386,1498,3.3823366904264884,390,3.752936467368836,126,2.8753769533795386,58,2.9483336607902437,174,3.041748885453726,1830,3.8401420414880403,127,3.4072186044436825,1324,4.514753566856717,1765,4.390251995468212,315,4.502203336725332,126,4.482022693911004,2178,3.914551460985131,1498,4.5071778408821,389,5.161919594406341,126,4.594929935251589,1497,1.1389206727862424,1765,1.134655920531248,315,1.1499704474781074,1786,0.880990288878683,1622
inject,948,0.12793684161674868,1406.171799457716,42.35808694998252,485,3.3239936835395425,2019,3.0647089788873263,786,3.446084008615326,1803,3.8362230245868565,1800,3.455241700014731,270,3.088109863033323,938,3.5452935948232644,1804,3.396994623472751,1602,3.491304502710293,1520,3.440400994688999,257,3.4798017036704842,1803,4.20336224720009,2018,3.7826546760026583,55,4.1432880233056135,1329,4.22178958212356,1830,4.0953444219832,1330,20.338141757328707,477,31.204333970969785,224,43.83498572889111,2089,25.597536270954475,2089
inject,1206,0.6946400998424979,1095.8756562603435,31.58904794942227,1154,4.654896225513662,1155,4.4844455222031145,1154,4.821274540981961,1154,7.944964619664865,1155,6.501917448990234,1155,6.624334026955497,1155,6.613495655946633,1155,11.3967483203332,1155,7.235924528359031,1155,7.1861780665449855,1155,6.756616777429481,1155,12.227539330708288,1155,9.948478290139327,1155,10.020484813561819,1155,8.905296479978336,1155,16.670561543288482,1155,1.193711844216544,1154,1.5144952238015623,1155,1.1690639683005115,1155,2.231992283107449,1155
inject,645,0.2524001561966447,1409.685609449297,30.681934288088485,1011,3.5646843426570327,1075,3.442244510121508,709,3.481238238596989,430,3.605594560136636,940,3.6618050238695803,810,3.76169989915966,1652,3.419270817014398,2109,4.1970037522136545,941,3.5646843426570327,1075,3.6035909548279865,1725,3.756947376220502,1818,5.113802686408469,941,4.449557589525866,1075,4.346461961544783,1394,4.062228870174708,494,3.692932532494426,939,0.9495687025177129,1696,0.776535693725927,577,0.8905520580036219,1756,0.990352387496311,941
inject,291,0.12961696809458478,632.9478228286926,42.757493497815744,1804,2.6438327800925654,1002,3.274708257051065,1754,2.8788431240872585,329,3.04278796798374,1753,2.8961408233767294,1001,3.32912634908571,418,3.131848423172393,660,3.5759982587707655,1055,3.2986014897648523,921,3.2993644143219507,608,3.7949443343114515,102,4.180975569350483,1998,3.884629918064563,2015,3.649549386326005,1757,4.1891763683244525,97,3.4894226886718043,1597,1.345528170665369,577,2.470845441540702,942,1.6277564687724322,101,1.3809043147671032,2101
inject,245,0.14427236883207395,1347.3614520362564,36.199768074668626,566,4.377476352148779,475,3.7201729351832715,1709,3.67377902887599,563,3.912140353378593,564,3.973296726598021,992,5.334590378597879,0,3.9305303858718528,564,3.9729574672987904,564,5.051417816147468,1326,4.706861398634055,2397,4.911460743920171,404,5.4323036424074695,988,5.262797806782168,476,4.712370602709352,1134,5.174306724358392,404,5.445820364449129,564,1.6166353521666537,693,1.6548049494424921,2397,1.4678901312688453,1528,1.1739527530107579,944
inject,914,0.7646771620827756,1874.2496461962494,30.378867361501133,498,4.267502629671378,498,5.397912636805054,499,4.245926186807984,497,7.95861465005391,498,4.490381461728622,499,5.970411329704377,498,5.5161148899734895,499,9.150700635542584,498,4.383295618693573,498,6.183455886099697,499,5.10490098056306,497,9.015048817839487,498,5.416377095176919,499,6.51852498341249,498,5.5444755481544945,494,9.998859861724577,498,1.7928229854143771,672,1.812598805797379,498,1.894166612662414,841,2.9678072199497705,498
inject,154,0.3772039972595874,540.815815521096,30.15885258236813,1156,3.157683903273582,1425,3.043196870664976,1245,3.245693202413323,1947,3.5348510088421374,1424,3.255486543366324,815,2.8879917304510725,1977,2.9628874828024534,1887,3.3654125952753944,1156,3.7741788704731896,1426,3.447644006584094,1491,3.5715977722176953,1268,4.311497808106305,346,4.880799081286972,1428,4.261510465946414,231,4.430431171754389,1118,3.5855325995047194,1947,1.8422604274922576,962,1.5819505649860865,767,1.5488293768999708,227,1.4398686391224882,962
inject,719,0.1364128349944802,1699.429810696652,39.29860502458771,1509,3.609660187436308,2175,3.5662232348556744,894,3.115786413505879,1495,2.973639371232625,674,3.8114284858942042,671,3.458705419014978,70,3.0400865398151207,1497,3.0779084084642565,68,4.147447765256775,670,3.987941609387772,1761,3.3004355913982293,83,4.127816634981701,1761,4.357301996666202,2110,4.796883103153124,883,4.5622960805013495,1888,3.366361269948956,2056,450.59579078423445,789,163.97540230105207,1110,23.020637258582052,808,260.88502078837433,789
inject,1028,0.15564195183396146,1002.5328355220296,42.59623077971043,1181,3.6555195706274985,1805,3.1450455259435928,983,4.516281290544048,383,3.82446713376913,1805,3.4364061716482084,914,3.2904384704176413,1496,3.5760134308332776,384,3.7055173569973325,1076,3.8281659510318824,1805,3.60764871680209,2392,4.516281290544048,383,4.55127606470201,1982,4.1522714170828605,1805,4.0827077150611615,1822,5.846574173078949,383,3.9027576862265523,370,3.826272823315236,606,1.5889277697070845,751,2.734692786270885,1145,2.229787497329112,606
inject,128,0.33104716746996465,1678.7295502416057,31.195950847726948,2059,4.084561788733605,1588,3.340223932535033,342,3.4214816255356535,2144,3.166203244954515,1106,4.08637874977137,1589,4.041287154834828,133,3.903425545414824,2144,3.379420867366341,640,4.237058320045727,1589,3.62943265715095,1170,3.67159504584381,2146,4.958386095984879,87,4.623730097778103,1594,4.420328696380041,554,4.324666008992149,202,4.5047931421725185,987,1.9163002764313495,1022,1.9088306616060364,341,1.9194241784172161,211,1.4049417872028083,86
inject,775,0.11146157582558258,952.6986031840577,31.43022712199247,1840,3.6425003617032017,144,3.059018100246251,998,3.3697840793682245,608,3.815249817917886,349,3.392463234724207,145,3.5327485581972895,998,3.7115664292911132,1917,3.1979000555300865,42,3.8305648080588117,144,3.3394877070774953,1183,3.7754811367838075,609,4.654424770518569,606,4.467228258883264,1730,4.556892712384185,669,4.899193689930344,48,3.8451142946829107,1020,2.133678682945211,1946,2.3130327657058833,1000,2.360493205549987,997,1.732185775554874,997
inject,285,0.14795865420793508,1433.2322069221198,43.33001495530444,1007,2.8434996299278135,2062,3.3903200354605647,2286,3.2470911042966573,675,2.889879224007362,1053,3.12059193488309,1136,3.6026477343728542,2288,3.221818269839918,1488,2.920800321181288,2386,3.58533326138487,1521,3.8566315128009947,1861,3.2851265019778175,1484,4.0667190279988725,1862,4.910772624029514,2076,4.353424836303133,1089,4.315595360702267,674,3.7345643462784737,2074,1.4999752577062393,1522,1.8174099508410986,1465,1.9126361521053308,1480,1.3007256046728124,2384
inject,789,0.14917726719119173,543.4058231093857,42.99877076391252,991,3.0675764050710965,1047,3.5867100893798334,2248,2.6248031180756897,1535,3.4201888609619546,2108,4.801651457345643,1046,3.8613021843319237,1566,4.121638336139364,1343,3.702674956417296,1073,4.686175388210239,1045,5.237682688651474,1568,5.270896219891817,1075,4.689506705147554,1184,5.198147201909984,1045,5.774878293772187,1182,4.382533952458004,1073,3.8489445471980908,1269,1.6523697326787559,1044,1.7914089499933374,1184,2.238517034300658,1075,1.5719377788903781,1075
inject,221,0.23982728128441122,1261.7511228211397,44.77616968909718,1599,2.790238872078659,153,3.2131669523170596,1185,3.277142205868796,2327,3.770300725457779,2264,2.9601624690934467,1897,2.9976813636868753,1185,3.6110277670699884,2329,3.4710172189411908,933,3.521084693659179,1406,3.298230067726145,60,3.5561432511300297,478,4.421446340983109,2344,4.049892586836385,2330,4.836609124752227,419,5.386094150759947,486,4.629960769468417,2330,46.445068857447,318,22.505621100667007,660,18.038716528969964,806,26.87944050060363,318
inject,376,0.12118763164986834,653.2628350449709,39.79029349205048,936,2.6746381803574857,693,3.7615982792826967,719,3.1554071780025406,1467,3.1190832265785287,1009,3.2602818011225976,109,3.47218149766449,188,3.2843753338102077,1718,2.958603082117329,1010,3.614501325287017,1886,4.029017553930144,719,3.9734473177843275,1717,4.327858273330051,1718,5.220273392866417,1891,3.9516765172547643,719,4.128272693842731,1718,3.733993377106442,1336,9.873719576052356,1009,9.18202975994526,1499,29.747357015748936,1718,17.833364849800287,1718
inject,800,0.08977619373107892,385.8680532633928,40.1025063957261,927,3.4126475444697784,757,3.0563374711942695,1904,3.522495609802016,786,3.5136929935091463,758,2.847837675817831,371,3.2015259284434086,1904,3.3647584087950277,787,3.331480877518088,1772,3.628702861595662,757,3.651088222575722,1423,3.6303879645646324,786,4.8985848766005695,1333,4.030356329593939,1830,4.191441926978151,930,3.7360071907745818,1649,4.040880078260396,1676,17.49642993005566,969,73.68055706892089,431,123.51322224279464,2385,70.81617927047039,2385
inject,290,0.23856016984937267,448.0074694831129,31.03971868123487,744,3.236697649727188,746,3.213671744658885,434,3.764783514426375,463,3.1529597609888937,744,3.758218700515954,745,3.159135806304175,2088,3.2046331837159925,899,4.624818108016702,745,3.9766373799900157,1205,3.7515749488488948,826,3.9170730487127483,900,5.626586390056446,744,4.367858622539955,732,4.139952009654196,2276,3.9888049663057767,463,4.912682670756025,744,0.5218970564847301,415,0.5817654100561351,744,0.5410588144549695,112,0.6228044735526282,745
inject,1176,0.2658400002255473,1855.2561185451366,39.79631392366379,1052,3.0716822100969168,1153,3.7453206075787966,1826,3.0390303227410636,531,3.6833320630242925,1052,3.8012981921143374,0,3.204753800699046,1052,3.2349935159219685,533,4.51472874120602,1052,3.944031018157142,1154,3.7453206075787966,1826,3.809133165874765,1575,4.593714416106836,1357,4.382454560075676,1165,4.795837116490222,1048,4.632175948550183,532,3.8139527990643316,1369,2.018448171815357,1154,2.3518191405657927,2189,2.2355390231643795,1833,1.316057066558084,2189
inject,1102,0.2756477778268863,1338.424241173725,41.41721535937719,523,3.9465032657050756,420,3.385351871027809,2012,3.4678639710218984,64,3.0507078668037875,65,3.4334115028230014,1751,3.301374170846076,2145,3.1593389973276897,1353,2.9743143533430367,549,3.9465032657050756,420,3.8289228106314908,2012,3.8152386229562874,63,4.495495259807567,64,4.2876592555070765,410,5.519014850195519,2010,3.9921225414706885,65,4.714708756302683,2010,4.629350174782365,2062,4.414702629875936,2010,7.56528881040435,415,4.4645249646318215,415
inject,2,0.02194965263412063,326.6072631976125,41.6204638486361,534,3.331994088126519,814,3.466753405290951,814,4.374940100762997,1035,5.538170989627414,814,3.11910441060828,101,3.4071917090988393,512,3.3644176625728908,1693,3.999418917759484,816,3.6538144990651675,814,4.085137879706455,1321,4.374940100762997,1035,5.8609125733437955,814,5.815392529786066,816,4.716464714884997,802,6.030888884464164,1036,6.861784361720859,814,1.7460628416117354,843,1.8002856264058715,811,1.8318714540465713,2015,1.4988582204660494,811
inject,285,0.3000012326438577,1206.7467973294426,43.67412320892174,1308,2.9535697347837746,303,3.430400832846585,431,2.8624524398060407,1392,2.927068928821236,760,3.5307992663936334,2,3.469074504079024,792,3.3696020896310404,1883,3.243612620671833,761,3.3649486978354215,1573,3.5583502956051354,431,3.6874272054051493,860,4.180566439776479,1529,4.190781422469815,2090,4.7081182678584605,366,3.870221923467684,1246,4.094178204631357,2091,1.6432148706397316,1241,2.0340451561938675,232,1.6865821023748186,1463,1.5104433634301029,1443
inject,111,0.7049735017584777,1995.8700023561535,31.654549538445828,1001,4.760324597260136,2031,3.1561604216827144,1011,4.364519928086557,1133,3.437635171601145,2029,5.098175885756085,2031,5.024263115489279,1011,5.033069133217588,1132,3.5794556804568303,1003,4.760324597260136,2031,5.268987560170471,1011,4.519318099551495,1133,5.4030666884371525,1013,6.356766794583686,2032,4.310624953431618,343,5.386034714612612,1337,4.244217911758053,1335,24.18806084986479,2033,33.445062364749575,1078,43.70095052851716,196,25.022479303313492,196
inject,961,0.05989116620371038,413.5987394962477,30.86572748971199,1449,2.994553138515657,1873,2.920303070241785,282,3.0050768990613537,2254,3.7636456610332507,25,3.3238161569491065,327,3.440331158244669,283,3.070121757194032,33,3.9576878769206054,24,3.6322346427378944,1633,3.736979322637994,1595,3.4176976226841806,189,4.63167437128748,23,4.239595265054043,1885,4.5743803781625605,604,4.95908998685128,359,4.075141746660906,27,1.169885602626445,715,0.7861686395013547,1793,1.0456772521069646,2250,0.7393363658972697,2134
inject,923,0.20148291809860375,865.7744565306084,32.86909087811335,1785,4.806270007766201,1873,4.097243482125388,957,3.2951562187556536,2009,3.000011579849262,336,4.954413211355721,1873,4.649024933693394,957,3.3568802553696466,2009,3.5855338524419547,2320,5.193733311256944,1872,4.097243482125388,957,3.6291388162540055,1988,4.12745142869851,1574,6.569477261865674,1873,4.442009941274436,957,4.3284259464167825,2010,4.10815874410284,970,3.911395288082574,1874,7.53699799347467,959,1.3793180119399826,683,4.1951784046449365,959
inject,877,0.010081539723791,1267.4444319197164,37.17340035545742,1017,3.192267492382532,1788,3.979018202749296,2128,3.3947651096507654,2193,3.7564603279319737,137,3.781266647958645,1865,3.868899704999081,2129,3.749253612491022,1614,3.797983749373629,137,3.704867833561935,930,4.166750518341043,2129,4.254152041494252,1620,4.793387667284916,1620,4.527802440316983,153,4.593192152087411,2128,3.822240940604988,2190,3.946421963892894,1609,1.1440137711192664,930,1.253698857603992,2056,1.7766317192725127,2104,1.099346359963325,2104
inject,946,0.13848858554901888,1407.5727372910228,44.977348845620185,449,3.0350736667688736,273,2.9064245268451465,365,3.5902538541290623,928,3.5337782263630313,2293,2.585256619264429,594,3.220446796701124,1721,2.9960034168673197,928,3.61883451845732,1003,3.292580723606722,415,3.727776887926265,2053,3.5902538541290623,928,4.3270024226595964,1004,3.8542546522784935,275,3.8275140467897226,1525,4.39628230379832,1634,3.9534062513973773,929,1.8232175131375103,1975,1.6606703543323604,754,1.5826583788601916,2341,1.3260190382401449,925
inject,350,0.34433145478739857,1810.378159352177,35.469345888648064,956,4.105208299704673,2197,4.431493271779566,506,5.216821779678174,1364,4.230553282421941,507,5.302074803310138,2198,5.257039384223059,506,5.028128863287296,1364,5.590900284320435,508,4.686056395067466,2194,4.948621237387381,506,5.767304717229784,1364,5.158054684425443,506,6.500894534320234,2197,6.993505185809395,506,7.51881941661652,1364,4.761950521418948,507,65.05130512394679,663,39.466185724591064,921,86.06438242340693,987,49.93593179048442,987
inject,834,0.14657968081375938,1036.124761136804,32.80505683442651,1857,4.71609822382651,1002,2.831249604451144,1808,4.053205544574397,23,3.234410275674828,1808,4.455832977402405,1136,2.9598202748491182,2349,3.6577744326569523,24,3.4617955588384883,732,4.71609822382651,1002,3.941396303976972,154,4.275550685875739,22,4.268638447741075,1667,5.511799865653567,1002,4.6924383866531,507,4.621552107449033,37,3.558516338054939,1002,4.2502326146452925,1378,23.588981710418178,520,3.163531411240581,1472,13.594110688127088,520
inject,86,0.11225302508316792,646.7832305209297,44.730540023980346,1705,2.778836720766988,947,3.0355286625892424,1533,3.3779691012485267,2045,2.6594832361626906,2023,2.9939186407325113,155,3.2245501400605043,2026,3.18047229997411,2044,3.729027289912239,2025,3.6334435237781273,2001,3.3758031358734324,725,3.406784779876309,2288,4.737856173456408,845,4.682507549333911,1470,4.4217871089684,1264,4.206707155456585,2361,3.4862671601247563,1906,53.0072316075612,1728,33.54214311576888,1813,103.967769773545,18,61.4840499086471,18
inject,796,0.2974697147480596,1394.5189690908408,31.43135848026926,1233,3.432083600206726,1607,4.097339653003536,1785,3.233096953822003,425,4.1281953462667555,1231,3.298990499689522,1606,3.677526492391205,1233,4.1321828748399,1232,5.431681440376354,1233,3.582590968618817,1115,4.230914574654188,1785,3.71635815849076,1232,5.464763538177812,1232,3.9724165497482797,1124,5.959722354995613,1785,4.607917681071191,1511,5.253099018171882,1233,1.0753688290029149,251,1.0933433835387725,767,0.9715484265789184,1230,0.8695830781986051,1233
inject,431,0.6651006334640648,1407.9603399581063,40.914515590357766,1011,3.220871213602369,334,2.821392384993197,1486,2.8847366647357546,1155,3.5475492383706815,2315,3.4217298606618844,52,3.2034826072851854,991,3.1179119456116546,86,3.4987975527308985,2315,3.3696532924234663,334,3.3510782089559528,879,3.5113860826236065,2224,4.363639173626359,482,4.29546372833333,321,5.2754775691369575,2018,3.9646974581192684,1999,3.953977989750449,2018,48.87904322578264,186,27.604103437005215,1231,26.24289661162349,1864,32.480889930704585,186
inject,720,0.00614239656558746,1940.8717625469237,37.94624475021892,517,2.803008857266105,991,2.6796826752190626,815,3.5167657118559386,2205,3.5388955136526534,2204,3.249680223705931,178,3.769929032859985,327,3.6747194915876578,2206,4.0082808532267284,330,3.714540299635386,636,3.968314694271328,104,3.8454849703128664,2206,4.9132014307749,330,5.673011836457718,1769,4.348614545712299,492,3.923589107344286,2206,3.951318214018867,1429,32.48261445751848,2386,48.884504440160775,1375,30.57200470422876,1853,28.42004236309248,1375
inject,986,0.4388667129749446,1437.6485402706978,35.91313745099416,815,3.181570082091134,836,2.809688517500071,114,3.291909515959419,2242,2.755303509773658,1472,3.256364116411895,753,3.4027537076472854,625,3.2337337197499627,2202,3.3035922412585323,1986,4.417388204225624,904,4.3622687233197714,246,4.573277144975822,1775,5.066972713139628,815,3.9984627597120834,833,4.049722401748136,370,3.6742105490858874,2243,3.5511121981578486,832,4.632237085982971,723,1.9887823977895183,1887,1.9698540805633342,1969,2.718705448339971,723
inject,144,0.1025653372093982,1118.686760348812,41.841751942310786,1706,3.5013750460401423,1005,3.6845106768148184,308,4.4903069250544165,1704,4.47995586762285,1704,4.207059656433938,1004,4.1464740828161535,2108,4.887618977991025,1705,4.017977007122427,2109,3.5673619674957235,1004,4.0456315625276105,501,4.551376689589015,1704,5.430311157015125,2231,4.619665053858461,1004,4.351961064771237,310,5.672622809335556,1704,4.62972596621744,1690,0.726271943392855,1006,0.7448492393546803,2110,0.6360674272300422,1704,0.6321328515165326,1041
inject,1179,0.48507830225337767,1233.4528554375534,30.565942715173744,1958,3.1512177306307425,2254,3.8749583631827766,1146,3.978993342701349,1958,4.621480933627002,1958,3.9111999254419065,2254,4.144763499204184,363,4.309749369359979,1958,6.219546292090585,1959,5.5017810021209606,1958,4.410940029114276,293,4.772990923406657,1958,8.328091433912023,1958,5.203883094393234,1958,4.406781360245103,1958,5.657766755133355,1958,8.81523286906497,1958,1.2408100323187126,968,0.9565664199373198,293,1.0880270118258821,2144,1.2687127928165032,1958
inject,863,0.3959846876347072,556.2496110950972,35.751334599164885,1311,3.124058612561033,431,4.312381824593565,1308,3.0735773924978345,1405,3.1880187650019813,1309,3.4637621504986114,664,4.825286096152125,1310,3.5412276016776705,263,4.249650428565037,1310,3.495953423267103,127,4.382601614591456,1308,3.844030846514848,2288,5.5865859526040875,1311,4.463936099802383,1701,5.589810537217324,1308,4.168591356248333,1824,5.513909814350942,1311,0.6520536535628274,1617,0.7550178481058517,1309,0.7185985223596407,260,0.7272695749187537,1310
inject,803,0.4690188230089569,651.715769186772,42.14065847635692,385,3.187586156015876,473,3.493814984604789,384,3.2731881382341346,384,4.842460339706838,384,3.0610589295238517,476,4.269255618799748,385,3.812842294247376,386,5.758470344174932,385,4.3254855974419195,385,4.792938847085144,385,4.3285526159698255,1505,7.2635921680777,385,5.197492616203449,1154,6.522063821945285,384,4.85143940873768,1505,9.01151432123474,385,0.9113801611205448,2028,0.8956756318208492,2003,0.8717564326259771,1426,1.362202369299125,384
inject,348,0.7686760431201641,1584.8697663385176,42.065982133790094,744,7.19387070921008,744,5.988503015633751,745,6.352705089430632,744,11.166223414545613,744,8.683067969549684,744,7.43356393844497,745,8.53684062733329,745,13.977606924078314,745,7.508318799139582,744,6.683386206744627,744,7.78092815942743,744,12.685905672797574,744,10.451243182392737,744,9.312814831882392,744,10.469047965574063,744,17.455091875904415,744,2.275754159542507,744,1.8331660277788855,744,1.801728001320573,745,3.3901487180695353,744
inject,817,0.32626277719722996,1933.5706047339152,39.4763883833948,1128,3.3586290829545775,104,3.3182836437015473,1346,2.507930343629716,310,2.9420280031556616,310,2.670762488524736,6,3.6015891078246596,1621,3.2632098998570904,233,3.2936279677727294,1127,3.804278406365682,2178,4.251860655780601,1502,3.6412981485638296,2064,4.697706014048057,633,3.9930846134966735,322,4.720084381404601,1503,4.448442654511345,1565,4.209648207743062,105,1.8393543898272344,1516,2.39540972395153,1622,2.9688672554542146,232,1.5176470914437687,1126
inject,786,0.5021423309391316,992.2922521380294,31.671446325981623,761,4.263314952268894,1133,3.519008185266388,1990,3.276981481427215,1957,4.843499819926245,762,4.122369668907008,1135,4.6752086338455205,762,4.273084274664597,763,7.322855831666361,762,4.352402167344479,1468,4.53584871342406,2031,4.796298748886929,398,6.1711731883495045,762,5.056696857109893,1133,4.413967070021997,2031,4.358850533078934,767,5.937819215035748,762,1.2006634959458724,2353,1.1834724671217196,543,1.107008962578061,1106,1.268449556187072,762
inject,820,0.16669243207042017,1963.6019741636346,44.08033847031593,1141,4.012506954402672,733,2.960010073594413,2309,3.3188570579564165,355,3.161269561619215,358,3.5666157335717283,1590,3.8176808658243564,2311,3.4635655225677335,358,3.2339258144869722,358,4.223581204206199,1590,3.6112194923315357,1073,3.6072868328469823,2392,4.848919647391591,357,5.222915709424703,735,4.82775663658109,951,4.604234414670495,370,4.563510024548016,2183,6.786981349577421,351,4.921220038947432,963,6.274240085944072,714,4.113197976190001,714
inject,513,0.8598258879790865,1977.1597283796182,44.36870473856024,2053,4.176481747893792,2052,4.352558864121524,2053,4.783804681769833,2053,7.679064629728724,2053,5.188549147322166,2054,5.013523060740869,2054,4.724458950568678,2054,8.617836782503357,2054,4.552137612693369,2052,4.852024789219645,2053,4.783804681769833,2053,8.190025332785297,2053,5.726079611825243,2053,6.98931172151629,2066,5.101999730353448,2053,9.955767793972651,2053,3.0321511385465234,2052,6.14533979644234,881,2.3977149566884206,2052,4.338582027292583,2052
inject,470,0.32273468669574024,1650.5643280527413,35.38695607008256,2052,3.4645153488539613,2052,3.8772392178739974,253,3.3977757037475036,2181,3.970366464053728,2052,3.8520754087627607,2052,3.3917969531551635,252,2.9293414915020275,751,4.76112726334492,2052,4.050046696276339,671,4.5676653412426536,253,3.99763583756788,751,4.672837061952302,2052,4.0055104659439476,2052,6.4086500068332795,252,4.439858429815625,751,4.011546108214993,759,1.5493481472306658,671,1.2961963621075159,244,1.5670066687970843,751,1.4183916729936996,671
inject,32,0.46422234030716936,1320.616954655854,38.428183167159574,1662,3.6866497041314616,983,3.005549575233869,2029,2.9040702726640077,2000,3.643878463658089,1564,3.53964644502414,493,3.2328324691067194,2030,3.783019110236498,2225,3.570177431449963,1564,4.069875321795022,983,3.535168603038511,2030,3.9463151296378065,2225,4.416913850931993,2225,4.230958561200069,983,3.9588340521975027,575,4.74497440201543,706,3.952153806206581,1573,88.48259381259462,580,26.712987296952786,463,44.90988504656782,2136,50.93875528050379,580
inject,141,0.13706490109931013,1114.4159942693966,42.28370821294531,260,2.798124993834886,19,3.422476537863214,586,2.7222492161339122,106,3.2638796303624527,305,3.23130543646396,1315,3.404825010556927,2311,4.481857759102095,105,2.8681066040733114,1223,3.4478938429311965,61,3.47918321998025,586,3.3742015855011194,110,4.328252016107448,306,3.7626779475432333,56,4.1367406865774035,585,4.466217590541794,105,4.002056699522679,299,2.3998155006015107,1010,1.8202506907805487,665,2.600676810501812,735,2.192941696978479,1010
inject,278,0.6583830407569926,1387.6139419229114,42.76634409187275,347,4.221433513122947,346,3.1190027715598667,348,3.060815710301993,347,5.820245597942804,346,4.507469843181192,347,4.531563263865711,348,3.628586827215101,347,6.993826474348387,347,4.823504922029223,346,3.8203184805172627,348,4.345233346524492,347,7.430191263547205,346,6.292833357732672,346,4.3631041834084145,405,4.652416156917534,464,7.886203228451898,347,2.473294475500257,425,2.7423166542102866,338,6.6958559688601715,715,3.636506390674636,715
inject,552,0.2524134092430774,1768.1615492261933,31.458694051063834,574,3.0808356088212863,1521,3.185401653468385,1520,2.9414036143520725,1668,3.9179765422577977,1521,3.6357850970421133,1523,3.052496522152039,183,3.1063881299866014,1985,3.72870815953957,1523,3.7840902762323325,2184,3.9002193932658975,194,3.6772474206017782,1453,5.063440568674383,1521,3.798461962207651,2184,3.719096427971393,667,4.430906791012428,562,4.259184997602935,2184,0.9146319816346982,2185,0.8755738856012193,2141,0.9465103498322135,2177,0.8126327499116153,1972
inject,781,0.18956653971484483,1115.5121810256974,32.19181685146559,1373,3.1862342707067244,282,3.0357990224018336,827,3.36624154361959,309,2.7794046389379528,1375,3.003317354811495,1811,3.578365229362043,351,4.065416410164612,1697,3.295908820179895,1375,3.574831898857048,282,3.3225506081408964,198,3.9876271369256555,220,4.447307790560445,1893,4.904051731319097,294,3.745446188993017,1446,3.9291759581634818,309,3.444529406489806,2048,0.6837225761901327,644,0.6597091441382053,394,0.6460701277499594,404,0.8504324553968016,1119
inject,1017,0.10154933103301156,1189.472107420351,34.63630958252589,1452,3.2300702770702223,2367,3.1812713709881177,771,2.942856128943522,392,3.0784865753839394,368,3.6881731764158974,2398,3.9573044552828756,771,4.004417979874666,2230,3.286079497261396,1321,3.564333524700113,2367,3.800845319909206,770,4.155822318744982,2230,4.591734607006687,369,4.006940460644167,464,4.016884256550507,770,3.862232060531035,369,3.9600879900593142,1826,0.9644738623438338,819,1.0985036325039437,771,0.9737980670638191,894,0.9137279509858686,865
inject,287,0.5557558679301584,1665.2551421222993,33.414526195280054,1289,4.096053480407632,1791,2.8727955510121292,444,4.2965235738220855,2263,3.7705519891913633,1791,4.306468864477258,1792,3.8119570915478795,823,4.7350124929145965,2263,3.9448951031652366,1792,4.096053480407632,1791,4.055327310319273,2161,4.5871135060981,2263,4.281785538722725,1790,5.231182660264942,1790,5.310538869860236,443,5.436961766603923,2263,3.945772547832301,2263,44.32490195699354,2306,56.14940274094454,1998,52.42037573127659,2175,31.87781455143269,1998
inject,996,0.7684490363472369,1661.6419934207663,36.019403492306594,467,5.040005054963123,466,4.093568196710378,467,4.703847651834293,467,7.819490996334011,467,5.1372467164635065,468,4.61434250347824,468,4.642832527363713,468,8.31062327063581,468,5.040005054963123,466,4.968953630966211,468,4.883868479861788,467,8.396578654264111,467,7.870212737742019,465,6.830164557437171,468,6.397382816754178,480,10.96518610968302,467,2.171472324562842,467,1.6121138120055674,1445,2.139070838507359,467,3.393241858277299,467
inject,684,0.32311054505931325,926.7566084903162,33.72479105577988,1739,2.764543615112906,890,3.1598967162411795,1739,3.119808883019304,1740,4.908013337100282,1739,3.0255331079869836,407,3.569301344573203,1742,3.5673201943250548,1742,5.6057402693201395,1740,3.71484343064971,928,4.984904542111659,676,4.636840539233939,1894,5.570631533341983,1741,3.721787882152535,889,3.941011979464613,666,3.7638365172927433,1925,4.390575501007129,1739,1.7107780049029102,928,2.861473931277234,676,2.718578729505754,950,1.9929631393005474,950
inject,691,0.027383869273020944,569.6150991614511,39.44384272413613,1164,3.062730863353326,1714,3.5124706520371447,1035,3.263580348055295,474,2.936813478892977,1035,3.578699545977306,1881,3.3081294295610935,1686,3.1402531574549797,1578,2.9297150421219342,258,3.9760228348999456,1880,4.058856522923087,2219,3.582099393324754,1577,4.22181428768603,1880,4.091678684559062,1715,4.891248312795496,1036,4.181989637545534,1370,4.394594175315806,104,14.12041530831887,1988,73.87047040482845,111,12.455705514675328,94,42.60038173669587,111
inject,785,0.4945535922292348,1669.2810443725202,35.00396933687727,567,3.821382792430741,252,4.273116294870274,567,3.2535071038010255,1044,5.410530401450913,567,3.637975036395768,250,4.071503779151826,566,3.5902639479237712,567,6.080381839264515,567,3.914613214578354,252,4.325943728666715,567,3.9204018293055696,567,6.385012109427295,567,5.707100884484146,253,5.485087166359677,568,4.278232610694298,872,7.14564129285966,568,1.5755903947680334,248,1.3061373535785845,1419,1.2307165107660494,567,1.623751849683379,567
inject,1184,0.13962941015620933,1281.3151703436974,44.73976150225051,1696,2.9185993792428824,1003,2.832273024963472,100,3.71062416515567,581,3.5570597346758572,1003,3.1756804282130195,879,2.8960622381850576,963,3.3679196620175165,2038,3.0833462865458148,1003,3.602002796459885,1850,3.4648076691894962,99,3.7235548512823557,581,4.241400304906058,1002,3.9184900153133,1623,3.7750202173526515,1986,4.785311545892915,580,3.606631354688426,1330,13.712048792445628,725,6.244259244952551,99,9.62196245778022,713,8.049666988820995,725
inject,468,0.14070748585774706,1637.3043686755377,43.84989013719789,1202,3.0549480663359665,1046,3.4616794724320594,1034,3.6965873199665493,1527,3.9037729699614236,1870,3.346087450196147,2040,3.451809480285317,1265,3.1655981945606992,1525,3.7522271685460233,1666,3.5337825360036534,1154,3.6332837562032254,494,3.8993755999801145,1527,4.260085062082088,1870,4.418213003367676,466,4.779014563065836,1896,5.082815616826965,1352,3.9272062847801568,1350,31.175044751340042,347,41.93173828241129,818,92.33495807421487,777,52.55965126417328,777
inject,774,0.09185262401119909,1079.8256370108074,41.74691596154662,2093,3.1694485060137843,1737,2.933936942728478,1073,3.365580644805014,2195,2.7789794909211514,966,3.0538618613260757,1196,3.095859997222243,2335,2.9226593701102908,758,3.2891280171642974,18,3.9579192272689023,1819,3.698032256875046,559,4.188622242505466,205,4.877021377180295,907,4.546523236349353,551,3.5895596903644664,558,4.073005114631282,2195,4.029040015873665,1818,11.671523894018499,1945,6.344514041194145,655,54.36684580862571,2202,31.324150936730426,2202
inject,682,0.7682785693840773,1716.466140414373,33.92230996876896,1574,5.407213439724921,1574,6.97499652925964,1573,5.622091811860218,1574,10.307328047819299,1574,6.951116816170811,1574,7.270308621961042,1575,7.061031865070604,1574,12.083032975739165,1574,6.057541832815568,1574,7.114149438774831,1573,6.075033056082845,1574,11.043303451091592,1574,7.868245133377682,1574,9.26143887539565,1574,7.382900589027308,1574,14.152347316073675,1574,1.7251052929642345,1573,1.8639312998815714,1573,2.185415010025809,1574,3.048897905904456,1575
inject,784,0.0877551172554325,1076.2685377368261,41.83497708618574,1110,4.047732249651276,891,2.61447327664585,2298,3.9786129539786446,2293,3.9328877734284045,2295,4.2503334963456245,892,2.7949146672979,2074,4.025152616502436,2293,3.9367899546861143,2294,4.047732249651276,891,3.7834542313460244,1796,4.012327909491605,2293,4.889913231930567,1289,4.874115902104184,891,4.749767482215422,1811,5.273062932377982,2293,5.98897216195757,1325,2.5524878792714123,762,1.794572753132102,455,2.1209305554480364,681,1.482014401633621,762
inject,98,0.2553528069534047,1247.8106628287778,39.59581394825449,1316,3.364085202547658,2365,3.7064056379711166,2386,2.6588610497765517,779,3.4546846639872526,1315,3.6960288867451827,1204,3.8467831654862064,468,3.114974212495129,1195,4.521036430892436,1317,4.054047859441258,1210,3.7064056379711166,2386,3.6050566341321146,1281,4.214803167949363,1605,4.576382189824,419,4.902331180500827,2387,4.7673009199909036,701,4.116526159408406,2230,4.243797980157446,1204,5.239192271216344,720,8.280369283010337,845,5.036970943295147,845
inject,274,0.10870998267389298,585.8077524048347,37.66036106477937,1544,3.409336160390991,1202,4.595000804422779,33,3.7528112958376356,670,3.3110333039728785,2042,4.4326734919069875,727,4.0471371005201355,1591,4.534030834103747,669,4.2605852257849115,2043,4.740045488763845,1203,4.597285655778629,34,4.9886156871514995,2042,5.817725742053777,2042,5.033814541251597,1203,5.627832942087795,35,5.191641154798831,2043,4.953147898129748,2042,1.192488570874682,1388,1.1999317379319632,2215,1.0746686823382705,2354,1.0881704771071303,2042
inject,1028,0.2003223186280606,840.7487974239053,38.95122321072993,1199,2.8436784471773877,737,3.4512163627118726,1608,2.837988185446803,2153,3.6211599535711136,955,3.227747487197904,956,3.5177378155112264,1609,3.334283526874336,123,4.84424768039127,957,3.5783560983026823,144,3.6181737467836603,1608,3.649636643840351,1616,4.170737734267337,262,3.767598654686201,1147,3.782057681659908,1609,3.6313472033289274,2152,4.019541890474765,1888,1.5178860793975124,805,2.6982489351904633,2343,3.842969111527963,324,2.59456711517729,324
inject,1124,0.15363010762655216,412.7930387615746,38.213836616373456,481,3.0428208572126576,2075,2.9547126199243996,481,3.1133594856791613,286,2.688235945505597,2074,2.8667169831901878,51,3.5603952339143237,606,2.8000223404479896,1179,3.452106134844367,606,3.8083126983402145,1581,3.917913165852503,1218,3.5855968516751218,1285,4.372801353700265,927,4.138432919594763,1567,4.006834064112493,1534,4.789362167169471,1288,3.4037621608507513,1567,1.9361505803404375,638,2.205564623587947,926,1.7678798155617064,1047,1.75980799433369,926
inject,799,0.7145126496523565,1531.5392613316308,41.88476498277877,1100,6.879953656755342,1099,6.870680537497053,1099,6.454799532543258,1099,11.665612601258616,1099,8.360684376368242,1100,8.582750917489488,1100,8.521382338834188,1100,14.70211931509941,1100,7.313259047313074,1099,7.654151411402647,1099,7.9940101095528115,1099,13.256782346066048,1099,11.693250367378798,1100,11.402238489327459,1100,11.448291481442036,1100,19.943860877057222,1100,1.51574477772378,1101,1.4690367463475522,1101,1.5576491374719756,1101,2.622573565217239,1101
inject,341,0.5010162525205695,1357.5483470535635,34.07292921590014,989,3.365117501652235,34,3.120751717804965,1650,3.2312417526636477,1580,3.8902353904981517,989,3.2601306102355787,988,3.0409191497613275,656,3.7611387579896327,252,3.7673112812841154,989,3.5144553602320605,1530,3.3330976011387214,1524,3.6371050318881983,252,4.417644478475732,414,4.82766838684297,1482,5.171290634125487,2269,4.967154732424891,1570,4.213411122238279,2269,4.194486963431854,436,60.42465133674311,303,3.9908348350280587,127,34.64070172383127,303
inject,740,0.15900410783231222,891.0645950523204,31.605310851723385,1625,3.3776682154399515,1492,3.2176135875977723,2064,3.6088500645801402,2089,3.4063575807478617,1494,3.269181383682496,1493,3.27071660017115,2348,3.955786556623553,2088,4.229463139338831,2085,3.4562793737222157,2199,3.572599930469003,1067,5.625580081938191,2088,5.195784947096097,2082,4.0797012326942745,2028,5.398542555238175,2349,5.034495618789492,2106,3.774220325486448,2086,1.1652694138534505,531,1.1562528236515754,726,1.4136910534503102,734,1.1579506100411137,126
inject,1079,0.5174155900196784,779.659132498145,41.762407870213856,279,3.0429699878678895,2356,2.6999441688492376,1081,3.140030728972532,1667,4.105762733211577,1048,3.8754638754112674,968,3.335287857585649,1872,3.36950551208413,2128,3.8047703320376414,1051,3.534032503711375,449,3.267194311093537,1872,3.3333661790643903,213,4.426133715385819,1050,3.7421056924558402,968,3.7235923769187913,1063,3.849837971441434,1218,3.9167493549419836,1050,33.80687139223467,828,27.183549252024328,1782,67.44272935981763,2352,39.5103622676137,2352
inject,713,0.059307569975553864,715.8039121197805,35.23425977603462,2140,3.3263495701064048,2335,3.2969226086664207,1383,3.152216817208146,2268,2.932695407568591,2311,3.6511689175136075,2127,2.892074857841426,537,3.4842584883442664,1089,3.3869036057259074,523,3.7380641471155602,619,3.333034644342159,1383,3.487425546950529,524,4.299488163326072,524,4.701955488562905,1848,4.473120112293629,1384,4.238691693173129,77,4.422445664395568,284,0.6077735777061012,1863,0.49863074456810724,710,0.47084882220905616,998,0.6016322966008105,524
inject,179,0.03234698161977401,1721.3547228172577,30.527090143434805,1025,3.635942204501208,1855,2.9769923145674198,1407,3.6279874721312857,756,3.477961291398937,1407,3.613817503384173,2323,3.185219031391872,1409,3.7326744516154053,1957,3.3162496562318178,905,4.2978667651395455,2322,3.4077699074215544,2295,3.7855229439483624,755,4.813002763479632,905,4.919842799476578,2322,4.534421268751282,1026,4.381923649247214,756,5.030725552821427,1026,1.2660056112964673,2323,1.7881269429934765,2295,1.5067522495273595,1958,1.2435544764853887,1958
inject,449,0.18907145219128563,393.6746402386767,35.79903606737039,1993,3.39107407764694,734,2.988829043671977,2257,3.7127204790846444,935,3.821203620835126,1195,3.8661270834780215,735,3.8030675589899636,1840,3.8203845245279333,1730,3.7038615408149607,1849,3.7947760488698727,985,4.275412858776518,1844,4.032509343785255,1730,4.767012232685961,1848,4.187971620996918,1151,3.734865038413593,1583,4.5296420697807225,1189,3.6184280293787836,735,22.782533593805496,283,16.10568643767717,2255,36.172034204301944,348,21.548481917061064,348
inject,623,0.0695749526110313,639.0884601706547,44.191108433051454,1203,2.9835279559499335,1224,3.290680905460724,901,2.8114779961988154,1845,2.8487031724889604,535,3.240824024985866,1224,3.6949672552900434,1547,2.9935684293635094,1236,3.283558018776169,2093,4.026416828053578,2380,3.5750447864679624,2236,3.498016056152772,2142,4.6052758362252995,1306,4.0864209744342075,1224,3.8815716525546167,1547,3.976728367263803,710,4.258477460849668,1223,0.779662498367903,1046,0.7896352018364114,745,0.8232416660843734,967,0.7787891819078059,536
inject,645,0.004108651636030358,1678.2003208411118,35.80500813771282,846,3.5657779089364903,1612,2.6961911309722866,2056,3.1790457043776588,2365,3.3616226723711966,1611,3.4200986884365543,522,2.9837876656421347,1109,4.199636904889904,2364,3.7432844639751415,1813,3.797898526333405,1611,3.6222670101686014,1080,4.033568336539436,1316,4.6401408806303595,443,4.225220763556691,1336,3.812778509871608,1152,4.629360285848498,2006,4.194673892318278,1336,0.8958968469070365,1653,0.9360914974059499,2313,1.082495658860289,2366,0.9532298030289185,2366
inject,1066,0.1399787368359885,660.8323287036959,33.41581784412439,703,4.367757841983773,1532,3.969136968473189,487,4.625221073608824,2203,3.179369844586294,1394,4.623840486374441,2237,4.517254008343997,2065,5.006200928776996,2,3.3560969444897295,1472,4.693554343984827,2236,4.599272482187872,487,4.912378257606845,3,4.903974904269255,813,5.982519949735486,2237,5.0373545692701684,487,6.001741884491493,2203,3.9429768590209524,487,1.1751509051534168,2236,1.1742985028929847,947,1.2597798572503836,813,1.0791118828031399,813
inject,861,0.8029808423676426,1709.112276431553,30.502032817422805,1241,3.1533757934333235,1241,2.898392949301367,2096,2.6964993842664025,1242,4.946394591563235,1241,3.571865212307968,2398,3.204570408277066,1242,3.318825334206421,413,5.249943832217673,1242,3.652819796818483,1385,3.430971344207008,1030,3.4277956320098864,552,5.0748467426417765,1241,4.779496025060409,525,4.233680764796966,1026,4.091692984976987,2249,4.023781772730912,1241,41.700234239293096,1802,18.657798440724886,573,26.469135939304426,1862,23.603901108232435,1802
inject,1224,0.5865861604094698,822.6033235854634,40.62019788359142,375,2.802218033001685,1604,3.115115084311512,409,4.002874266996848,373,4.436635614042634,373,2.987551075439827,375,3.960153458081611,374,4.433046145904879,375,6.476145384943334,374,3.418232555799578,2321,3.7062855886399078,375,4.167887349150037,374,6.277858651920092,374,3.715204707242586,158,4.354485747949861,820,5.432217819729634,374,7.015349380758518,374,2.78686849689249,2322,1.3805703058100633,2183,2.2256589403734726,2310,2.2174851369818174,375
inject,343,0.6643709484337094,1698.0733848757745,33.32506996836611,863,5.542622660100719,864,6.0011651031871995,863,4.012088623083417,863,8.932706936350192,863,7.206725314199543,864,7.654533595156083,864,6.021783999684398,864,12.056830445032764,864,6.677890086155887,863,6.387401759717472,864,6.474580214223023,863,11.155256256982751,863,8.774768311047143,863,9.34758639616205,864,6.690909585002496,864,14.203756081018524,864,1.3506095633306694,863,1.5400110837487813,863,2.9645485607238844,922,2.465899581143417,863
inject,710,0.11794668768291117,778.3062469681836,37.893968850713065,1158,3.254903308992333,38,3.1350062204498625,1096,3.3268437006218137,555,2.817616790351219,2031,2.974237731560915,354,3.054787129798055,1096,3.3349911616648646,2290,3.247770306795036,257,3.9399775787489766,1732,3.9038713687556195,912,3.5571090163913595,378,4.2536762072847125,1937,5.665511730882452,349,3.31614042723999,1933,4.024663141984,556,3.988201539809136,1937,3.191843023558752,2331,10.877843096297683,2376,2.188441927494866,2288,6.244961086377214,2376
inject,747,0.6113119363560047,1157.3467129135543,41.73562601983418,451,3.101726969711722,595,3.322713222152423,1233,2.436839232603624,1074,2.9993660015510915,2255,4.438235043917176,745,3.468189088275238,2255,3.109523762967663,2283,3.1175718755023687,1218,4.2000499285556225,832,3.7428076944525976,1233,4.1195957932679335,592,4.463254801158825,592,4.678942824352921,589,3.8453818601056287,2143,4.082191715814317,1842,3.9558844812840426,2169,32.98963004792661,2294,43.32307333060945,910,63.42711980681946,369,37.05459181720766,369
inject,1245,0.2269426669690192,1461.9053858032878,35.25437852292481,792,3.3583041894789645,86,3.4765854954578326,2026,3.8914087804408877,2188,3.2428415245643323,314,3.6123579129386445,2305,3.927561955296372,1673,3.267625650629359,641,4.152747720478108,1038,3.5470174975915416,183,3.992835773376867,2029,4.0172901149991755,21,4.802057722672123,1517,4.150802248603099,1681,4.478494010547608,641,5.524184122787319,2189,4.346365003181329,933,1.6753030527564539,1565,1.4904257936457808,502,1.6439841325439495,1036,1.2962471946455418,1565
inject,908,0.114498948987931,992.7049423181761,34.59220915560311,516,2.9742275935237954,1946,3.3689801391641963,407,3.3035928049905476,1407,2.729943504856157,848,3.0674009641106514,2383,3.11391187658624,1372,3.044004625214332,1957,3.13580025667348,663,3.9818706266900623,1684,3.849577910817204,382,3.493472949283774,1408,4.3129943279194745,1947,4.7088373023408465,1671,3.845417763022568,1175,4.504842410166213,1409,3.6646732208432726,1809,1.7648929569538427,780,1.7501654862331046,404,1.6327830623614994,1584,1.4395010794348782,661
inject,423,0.13895226162373486,390.9599691770561,31.110368897283394,711,3.610992594210425,511,4.831985051251991,215,3.0383342828742066,1095,2.8784053797344313,2389,3.4550552051886942,1749,3.823930034730271,216,3.249418005813596,33,3.0540538610098666,2389,3.679509805183299,38,4.831985051251991,215,4.144080468796315,1095,4.340780603979438,1192,4.701244669023981,1945,6.944656751108608,229,5.225559092861678,1284,4.791301226194936,2108,10.127063790219346,38,15.42693396414639,716,27.289076256976934,31,15.750988268241688,31
inject,552,0.14261843457804457,1063.7071915764045,33.56919493559938,1614,3.196175110523985,1224,2.968750833943466,938,3.039865738037027,273,3.4237048022024656,1172,3.23894292672511,125,3.098547236085968,659,3.716043429863197,2035,3.222115732206205,659,3.7325326513099593,925,3.925636477724907,1671,3.6283114159777066,2035,4.5132502000364,272,4.022743745747654,920,4.884441101220608,1860,4.485576284463818,1176,4.453641063898308,1176,0.8847618420784958,2308,0.9785067432863959,1324,0.9157077767840953,1619,0.8939060228918975,2398
inject,914,0.15737692897410827,1550.4715227898798,39.99296778614416,1700,2.857165799541846,52,2.4766486652207744,191,2.743523049694206,2057,3.468698755261607,1412,3.34980867935182,1956,3.6140504047278426,2346,3.118883111949059,67,3.8877087503505794,1411,3.1749182707284733,2181,3.4921501734373757,2105,3.780843309713043,378,4.549081065617229,378,4.169594761366915,904,3.5450550748150738,437,3.7972082060751604,440,3.5424787400289426,67,1.4559302954445024,291,1.6715770864590365,584,1.9623500436707615,307,1.5402924215373683,250
inject,431,0.05435234739946815,920.8283613816552,42.13100956555369,578,2.649663332282796,2117,3.0160501479386483,554,3.0274559382854163,1649,2.9600874036621065,526,2.8875112916981456,1043,3.3170183359503174,1262,3.122360912272275,2163,3.3073461615229043,62,3.265839221771283,2320,3.2628882955128775,238,3.4631642685781125,578,4.6138938792373265,1832,5.323994124631769,523,4.76130151616501,339,3.8026036386137934,1650,3.924014151623545,1831,49.1970284473138,437,37.349291040870774,751,37.65304002826458,1548,28.07444791966661,437
inject,849,0.18717189584959149,1275.1363301518022,31.836270912504332,1226,2.7570138679697123,2174,3.44359471804042,992,3.435806744534237,1834,3.2480965492280185,991,3.279955775650632,1224,3.4321883392473063,1114,3.123815716615377,747,3.4522875691246515,989,3.6685933886939304,1111,4.2387004340272725,1116,3.6109494163405436,1667,4.302623142540853,372,4.668231402819975,2302,4.2576196441145076,992,3.895691217521755,1832,3.908322734644301,1113,4.882778367011094,1111,6.015520101211612,1857,4.694671045586384,790,3.9516185789060625,722
inject,296,0.05430287708638315,791.5368861542099,39.43836470171347,857,3.0948262409606824,1940,2.928110863565017,1574,3.1774962109640006,1690,3.3745790917006344,2062,2.988610827046914,1645,3.2418713161491954,1373,2.860715091066101,1616,3.1067163416698236,175,3.77587381689657,2379,3.5521800605839067,808,3.5736214315683545,2366,4.669750620629372,1941,4.204026733205417,2171,4.184692035833239,1234,3.708179382103317,890,3.883570522914612,1627,46.53105878187684,1051,32.078390119397625,900,180.09022196730848,1614,104.47912007484341,1614
inject,1042,0.06660747229011443,837.4058561466265,34.69866699940345,1122,3.299911363926214,1551,4.336670754671454,651,3.7798109382708085,2329,4.006415472469023,652,3.6976756274779428,1326,4.063874087792618,652,3.860702027419098,2330,3.4704401201576225,652,3.660888495508223,1324,4.880905093472685,650,4.088032414361742,7,5.033233496497679,652,3.851563875373741,1223,6.553433274640252,649,6.12369882845666,2330,4.108633881561267,2330,0.8752785700803395,2056,0.8452747755020659,1255,0.9088742314164014,6,0.9563467836629213,1002
inject,1021,0.5012949969112774,1168.1716284676434,36.034246913307726,1613,3.54985285397821,581,2.5656594416952516,1033,3.0441206274805395,1738,3.4353674802055547,1613,3.4242491022990738,417,3.173748142758269,1499,2.9846540752660453,2343,3.426110781954881,1614,4.112585635375547,581,3.3185895589596925,1478,3.5088896542987014,1135,4.264175311016774,169,5.293493503117395,582,4.10491370720017,287,4.29388082760609,332,4.139730128691716,1725,17.692163864939364,1315,18.227918525904368,90,23.07013935742326,1670,14.479574802766276,1670
inject,618,0.32871491483079585,1463.5241219195957,31.983575209655697,681,3.267618807080356,340,3.3636153550151913,1963,2.8806303936492026,1368,3.424406974584208,1543,3.7084708159756543,883,3.0307128498938902,2277,3.737461513282386,772,3.7918684554086814,774,3.529019898831347,770,3.9763462893562154,1310,3.2757444508681357,1542,5.067523814747213,773,4.3484530524382095,2224,4.516571023322005,1310,4.522583886313452,1033,3.531607993115876,585,26.072201826055878,1300,147.24073518145028,287,31.339354149533072,1613,85.20279981416776,287
inject,789,0.17392105951359582,398.5450352165989,43.40847681695395,853,4.813516375903559,2353,3.211123226237806,1143,3.1218717435744114,1025,3.1208540469648,1601,4.943776049710059,2353,3.945478347056593,2153,3.6978015546905594,291,4.49131658997148,145,5.322066960863759,2353,5.249326030416031,1987,5.337925791076481,293,4.819423713357612,40,6.864890089197726,2352,4.753198991400997,2153,5.334295777603619,291,4.846076662802547,2352,1.4411566037635328,143,2.1013797919030512,1987,1.930560063774886,40,1.12174372174891,2155
inject,245,0.04996622574635634,652.867509944712,40.446702765722335,1878,4.543699707829787,695,4.370243779500392,1935,3.980504435626344,857,4.380317648529833,1694,4.168887857625659,2051,4.46533946262312,41,3.8888381476711493,1810,3.849534918720187,2355,4.640330671236932,1404,4.86876625083731,40,4.95596043599145,1623,4.948485883251275,1694,5.93606848086763,695,5.276324700190829,41,4.698776264611387,1811,4.125588349636973,47,1.5986827562963035,1403,1.5861455428308686,2381,1.3515519392351338,1623,0.943930629555608,2381
inject,984,0.023036378527607315,374.04871048893267,43.56707973035032,1960,2.613262571973508,2069,3.1121842672719975,2195,2.9038401340788056,33,2.833456767808009,34,3.033518024956756,2273,3.2519694355650617,155,2.6546943231970976,1358,3.2411927548653465,1531,3.6690536427427967,1390,3.5200789782453117,106,3.4708566278363593,361,4.25453376960434,1390,4.317702247077597,1853,4.016898507074226,1751,4.133911217220978,1145,3.9622301995335567,1087,22.855721158658234,2147,24.61203164273085,322,28.81772322275715,2069,18.17601777683798,2069
inject,272,0.6169772034394803,1581.6689396079528,41.21195255661363,343,5.111496605505053,342,5.5304208092741565,342,5.522248979524092,342,9.332385818976913,342,6.366503257238814,343,5.954332664065262,344,6.741269620471942,343,10.98682521977953,343,5.657951962094832,343,5.686816860072816,343,5.781734436402824,342,9.85098318569214,342,7.651940351003828,343,8.13655189491524,343,7.0466863698419155,342,13.118872347654712,343,1.3156566466827893,2359,1.1501405813737269,343,1.4484899716935806,342,1.9254745093741,342
inject,483,0.3092518363028913,484.2100943108792,31.00323923114962,1913,2.5698036787981056,540,2.758907710854827,184,2.973567856373807,1912,2.879229662950812,184,3.2543204245885797,1232,3.0203680344362462,654,3.3784200807776394,2351,3.2529095076148407,1913,3.473879864405751,1172,3.4006946302537138,1254,4.0585348456389,936,4.029929759773136,186,3.8245342665306805,711,4.499095096240477,184,4.498784711595839,936,4.355139547089705,184,11.015339677673168,357,6.770100133914984,1758,28.729426171683535,2172,16.468417231989946,2172
inject,529,0.16412038951502428,984.895338434714,36.585029415851494,1924,3.506854993533867,1844,2.980967506357529,313,2.7077211442002267,750,3.581827012735541,464,4.01841121823145,1844,4.675416872660746,1411,4.015031362508782,2293,4.978510949520631,1409,3.5258224801424745,1844,4.674193564233277,774,4.162094981385061,1848,4.890398477055506,461,4.195439531611867,992,4.899300565786988,1967,4.266695305101466,225,4.619434101227993,451,0.974088761871095,1844,0.9247930658942211,774,0.8963767544199597,1848,1.0047156113544038,1409
inject,1262,0.015939627880018015,1986.0915484064162,44.79623255585271,1584,3.5011787737149573,513,2.8523052153473647,1181,3.1800135146760895,828,3.136903172239582,827,2.9888364184584324,701,3.0512588904855087,1800,3.3130495221680767,727,3.3047856058174006,1547,3.723926636828635,621,3.2790643552046648,1292,3.8171155113299178,724,5.3992378356269395,2006,4.156306462137138,528,4.011946116233495,2036,3.623483665802876,2068,3.1173300700744075,866,14.851261123086969,621,2.7872352521432617,2394,10.555359652587068,724,8.555420643014482,621
inject,175,0.18506727958686808,739.214232268414,33.25418869232374,587,2.7690994630783687,1195,3.4962164829404903,2221,3.442991002003853,346,3.6327629614538215,214,2.9279955523197416,1316,3.144144916582441,1730,3.2631788372761643,2215,3.6069812909075876,1024,3.6965793451091464,1682,3.8807769827322987,2221,3.7986931966670583,693,4.389623292446816,693,3.7481035394159385,2236,4.934152645925404,2231,4.385572146654903,346,4.855275945940024,2230,3.3920380859357517,1682,3.3838268103153917,1739,4.051155113263505,693,2.3325717702080286,693
inject,304,0.01509513998235723,1368.721450392911,35.254931014966814,1226,3.1648393632247735,1466,2.872273984816448,24,3.4182736355958743,1220,3.383894103278347,255,4.085438325048974,1467,3.269326120270112,26,3.6917125758589133,198,3.1344454474853607,257,4.488604613272646,1466,3.250781176998092,24,3.738716790629225,1277,4.3215612763798665,1467,4.891166991057487,1467,3.6844310841337626,1878,4.467718631081103,1136,3.7988139840112214,50,43.71316068404879,659,97.84421565566015,1707,26.774723890423907,378,56.236094458778325,1707
inject,490,0.34876998229543144,590.5648024035313,38.1802802315006,342,3.709054833530334,1635,2.9939679320258312,340,3.8949983006961446,1948,5.078283289327101,342,4.216893373604994,342,4.4834741661698745,190,4.628380404640713,1950,6.182916138262009,342,4.722229943992355,456,5.13371279934915,464,4.751853101399826,1949,7.035389298035678,341,5.50087436343649,342,4.622444664231508,465,5.767534856108773,1949,7.409405104963499,342,1.0767797697708679,2390,0.8862118258804653,188,0.9501279353856058,1139,1.0796859594692905,340
inject,390,0.10916675341118387,1780.4082102605048,31.120888046330556,356,3.3856737529144656,1504,2.955151963103076,1011,3.1541746369831434,882,3.349281503931481,1322,3.3542622578460617,1505,3.0599151354114236,1615,3.7658824397582236,882,3.4785353765599676,358,3.471907788168043,1504,3.524017478541422,1322,4.726241680559511,882,4.723844690878654,1322,3.667173744767937,1504,4.088683987877542,1012,5.373528594191542,882,4.221118301384843,260,0.7709549181241824,2301,0.7189710755414785,1245,0.7464821503629427,2356,0.7467811846109245,1582
inject,1221,0.14325417139196361,1062.2933102459317,38.125155835298784,278,2.852872993476705,1375,2.9333931222176908,747,2.783362313331853,1075,3.4243527276555477,746,3.472186574792726,376,3.181173904664993,749,3.0298449211179617,155,3.2147846720351376,746,3.961301143827823,1541,3.72217300114765,967,3.9077871144646,155,4.487646768894595,966,4.05503033766517,1447,4.707774177113543,1376,4.129272831277194,155,4.378017232608366,745,10.04210829637329,449,79.04698410277119,1116,16.64040487953234,1511,45.78763897414758,1116
inject,463,0.14017187486070415,1175.5486205451834,31.763286304748902,1468,3.0927043535933905,2168,2.9313934735092437,867,2.7904070661030578,1825,3.307929317404805,1825,3.260306087993645,1458,2.617027451209728,667,2.8111977879838195,1879,3.0461209134697365,1458,3.471188642445299,2167,3.4706549657125305,466,3.677585614533274,1410,4.396427216946475,2022,4.2101310240193515,1447,6.014388267196098,856,4.272024899120398,1871,5.059316169795218,856,21.390961342501885,1428,239.94653069055585,1214,38.25651547004335,444,138.21867694503945,1214
inject,748,0.20137530290563355,1589.6415069446132,36.96039017162685,1202,3.900990702848011,2264,3.8393007272782183,271,3.421805963527488,952,4.7231139172951195,1203,4.088251761761932,2263,3.4165688181881873,270,3.405898284391164,205,3.648667805876185,1202,4.785861321346268,2266,4.59654836321979,270,3.5173152203033715,951,5.0804193316204165,1202,6.190419298715494,2265,4.686546281885685,270,4.829838446380212,950,4.603813472513653,1203,1.2857675686987808,700,1.3187045925774266,1832,1.7262959545816616,658,1.2081851657836786,774
inject,791,0.2759551910309441,408.7488455929997,30.584988716392704,1910,3.297623348617995,1193,3.2987942501883483,1517,3.548404818674581,370,3.6708842566166564,1910,3.099833219905354,1194,2.9952769867577467,258,3.5617162819763815,12,4.2599058321995855,1911,3.5747474630588116,289,3.387782340044682,40,3.5860991822652393,370,4.529654818264143,1910,4.66823917257903,78,5.2392310609657455,63,4.386538131675835,368,4.797274528165774,63,1.44285257982854,2070,1.31818445244799,430,1.294749622309936,1239,1.2474229485647368,1239
inject,428,0.04211429803807665,496.0717784766107,31.040681855024236,364,3.011670956996368,1680,3.0757394971703023,1257,3.3067415552445927,712,2.992382387388704,991,2.9023360833866545,1771,3.958534913899263,1257,4.4732273421178075,713,3.614178332553746,240,3.3699007675816426,1591,3.9551919006269927,1257,4.4731117989124485,713,4.417574373173478,395,3.9379275102247346,925,4.281370912391509,1256,4.247010881523798,713,5.186280326022196,925,4.203225859897864,2360,2.681065068247813,1257,2.161330336575958,2338,2.4344626475314697,2360
inject,629,0.20954863767494136,1520.6402781586803,36.87866677046459,1664,5.002396746640345,1686,4.174288006980594,1335,3.196260236937968,853,4.625521442867982,1685,4.624771021680972,1686,4.761041231068363,1335,3.4659371906586705,1329,4.15278155707255,1686,5.511562342903821,1687,4.586609316179264,1335,4.099524978341339,849,5.742383321984768,1687,6.279205622992757,1687,4.60507173894861,1335,4.6392807280428405,856,4.556540373622914,1686,1.642891592161717,1612,1.3326212058551845,793,1.981722408183203,1034,1.244242876175378,1798
inject,215,0.15564618440793143,1544.6260849355785,31.32676427348989,795,3.9115595215710157,797,2.903346747009839,586,3.299365481949144,84,3.772188287015359,796,3.404011961287515,796,3.3014634882825997,1274,3.3364209833080483,124,3.8013419874460683,796,4.078959552909481,796,3.9416395651790856,1274,3.8850412417025177,500,4.944332360516678,796,4.832334106168614,796,3.839299843648129,453,4.66552040274554,1699,4.855515720392456,1092,0.7272141880683366,60,0.9707556098613771,1274,0.9357036710909988,500,0.7458056425113748,260
inject,310,0.5837951512652431,1664.947840258217,32.409402215944446,2019,3.025460510686282,2019,3.8020326017686674,588,3.067275190128736,2036,3.848069680456465,2019,3.998483614524524,1655,3.591839136988507,1117,3.416817617827813,2036,4.611199131374024,2020,3.9584964859063385,2020,3.8020326017686674,588,3.9617898243971283,21,5.595093267546024,2020,3.9946712696013233,2019,5.295586978275027,589,3.9112505621301876,1795,5.212627344513837,2020,4.32840604404758,1652,9.238902405388197,587,3.1102393104423207,2086,5.063305936924873,587
inject,381,0.13313936387957148,1348.2751241652409,40.58040032542512,1106,3.203247840078291,1927,3.2891037683099387,1825,2.9633873577447183,2384,3.007442310697963,26,3.2146074201628956,98,3.5021794914160878,1956,3.477386285917093,1385,3.424467472165986,827,3.767329861242541,1890,3.720547626994295,155,3.7731660232089204,449,5.140452430371659,956,4.559208920970147,1076,4.11003971106084,1824,4.282769148539756,269,3.5392169050369686,269,1.3891252508616045,1890,2.047222788210461,1954,1.8942937507710986,1383,1.3255320922038687,1649
inject,1113,0.5846355259369322,1969.188700485441,38.89187114938939,2087,3.9401870922156084,2086,5.764795166907753,2087,4.2314956984670085,2087,7.949988893010799,2087,4.939008247866654,2087,5.458789626536641,2086,4.912199630375196,2088,8.654274160116136,2087,3.9470009365779863,2086,5.8319913086346045,2087,4.241807914889374,2087,8.094528849337134,2087,5.087798902323748,2087,8.061158133825392,2087,4.975772779902937,2086,10.42784282576517,2087,1.3230369517248484,586,1.129739342565035,323,1.5522500791077498,735,1.6598748134352113,2088
inject,54,0.09035087542144571,1071.0814430058795,43.31792077176052,1206,3.276360480282034,1380,3.484117229710372,1807,2.920635425231406,27,3.344324248401083,923,3.3016438858705257,828,3.2551934426854845,1810,3.6164370753297232,647,3.3274394168615355,924,3.3522351886824318,1382,3.5983335408236785,1047,4.078961373407009,1891,4.786981278897347,1894,4.30054694725516,2346,4.768872242093108,1806,4.347578515162299,27,3.407954525682669,1377,7.4188935568615815,830,2.608766185339138,1177,1.8750594382559433,2111,4.2981722162129605,830
inject,73,0.3927792219264943,1901.5815730121572,38.45270726373619,586,3.891210261734996,604,3.9390919038074244,1730,3.896914096869893,2366,4.823535581626252,585,4.685507818341049,836,4.626569516193479,1090,3.8440038334138746,1164,5.966830372279354,586,4.26264270138514,1276,4.211221231106337,1730,4.096919308199757,586,6.669541647603048,586,4.4906963114533704,837,4.6967193040211965,1729,4.967979450997232,2380,6.235427450789593,585,1.6839727842923131,1275,1.160957386129562,1831,1.2918458321669988,96,1.1101812140980338,586
inject,178,0.3854791745749374,1291.2260754135414,31.194673319494733,551,2.8663131942906337,2046,3.3930843187553745,552,3.2821108308235285,746,4.730953640459443,552,2.6987428306975674,2049,3.046296578297826,837,3.713924270238015,553,4.716554387537789,551,3.6887395705138433,566,4.004972684874048,551,4.511918288495861,552,6.282563864375414,552,5.826189146235333,1098,4.080483401304949,551,5.101856326007675,552,6.508449675699645,551,1.6364390760360472,236,1.4674976285949966,1450,1.4386986165060622,2172,1.448656678073384,551
inject,499,0.4080506267326415,1033.9364876398595,40.052562430267,479,3.175219898101625,934,2.7517825286636204,1603,3.722919036571477,1087,2.878548462051501,1401,3.613311371270459,937,3.839664440920109,723,3.50184510440284,1089,3.4957064489394303,1403,3.3805547729602754,837,3.695354845606322,1127,3.9232225492958146,1814,4.205572400619111,1127,4.668168697037399,735,3.941027963786158,1409,4.990743792283421,1823,4.085848167047262,1402,29.95850010407369,510,96.5148564785419,2275,42.13539935508922,663,54.944921541734274,2275
inject,1263,0.2678552643721893,1483.510676830673,42.1497165352094,1130,3.0053610545047853,1824,3.2791033340501126,1130,2.9354095805565015,628,4.143101086101174,1131,2.931658756714903,1134,3.7343980328834196,1129,3.063190790740045,1130,4.849162582777066,1132,3.2399584131899895,561,3.480481967842821,693,3.2072274733387567,1132,4.914565449248011,1133,3.7831833268626296,242,4.144148993870219,927,3.8208499460877388,251,3.856105734733728,354,2.0120327596244105,2386,1.152581889363675,1893,1.5118592317833595,2253,1.6631702336215117,2386
inject,297,0.7620101215544397,1685.4805952762135,43.65344344847174,1276,3.528208830252954,393,3.616118581323463,1276,4.0627820096780365,1276,6.329761435748561,1276,4.732357124060582,1277,4.575255883148625,1277,4.7069918516543945,1277,8.091335887851137,1277,3.85468799403604,557,3.9357109295222483,1597,4.097293822976146,1276,6.626783254894795,1276,5.412285167760123,394,5.3410251514283615,954,4.721195548810973,1276,6.855195136274336,1276,12.374555137457257,1822,9.471412962878878,1867,10.556270206583585,560,7.3968578181206,1822
inject,838,0.3667190217686581,1630.0564874092943,35.346392593599646,521,3.3679780714528054,290,3.3462268009685694,521,3.7208754281017824,1254,5.063441638862432,522,3.5922430483031915,522,4.004744465672253,522,3.633073157883409,522,6.48367855191354,522,3.8281939812694845,2216,3.5820665501481206,521,3.7208754281017824,1254,5.535167561314222,521,4.167822524481274,290,4.421326853579186,1170,4.513427039430176,2063,5.054049399129588,521,1.173256238151311,2319,2.0726669893377196,2393,1.2292504917122915,2043,1.2348323258500054,519
inject,232,0.11856576053496493,988.8158247027136,33.45043353677297,1056,3.843396431597042,636,4.314286714670772,202,3.0924291290728303,1326,3.398518785564984,1173,4.3153274758434765,636,4.486888085906831,202,4.0576769514475135,213,3.883280109567796,636,4.16793887805673,636,4.381711144856886,202,3.765362159186153,216,4.703466802478475,636,5.827310563488898,636,5.691253348907289,201,4.995102062857067,216,5.103809503647953,201,9.557036174707687,1721,30.387473376679385,863,30.546875684271225,711,17.936525794300163,711
inject,735,0.7133479304080739,1644.60026735818,33.29007590885125,1141,3.1766452546278545,531,2.8931855807455737,967,2.917374199549586,590,3.4583255447509376,1141,2.814842077431864,1142,3.0432779721317473,2398,2.806557629522407,1335,4.4437747600591155,1142,3.4682755088415855,1853,3.5678309324437,1986,3.9499320113242353,591,4.745055481924266,1142,3.9037294465481414,520,3.7705967098519872,1088,6.470209136426127,590,3.5004008716866326,590,95.04517897383306,878,42.08143340437828,968,29.486786589518083,642,64.71553996453551,878
inject,358,0.12555775966363592,1570.429268157982,40.874513130067584,2072,3.5419597569414676,2202,3.298025405532757,735,3.1368897337972252,1198,3.289515974383815,1684,3.854278562814781,2398,2.943166634552169,1344,2.9140719947166085,1016,3.9585075865288744,1284,3.636130665132707,499,4.140214837394913,987,4.208205806136425,1090,4.801873976561766,166,4.073541932982279,188,3.876851036735037,764,4.000133044659811,2065,4.722269156108305,2203,6.572221514244855,2200,13.384742118518199,42,19.130946641508963,518,11.32054679179334,518
inject,687,0.031843894339171896,352.3634760402619,43.82524267179809,2079,2.744852319094402,715,3.4709136780099414,565,3.134490464127304,541,3.610872312687001,590,2.74153946341291,926,3.411177699929374,1664,3.1883256042615242,795,3.8306780977594843,795,3.6871183441818194,458,3.4709136780099414,565,3.334124893008589,1057,5.009932222760801,458,4.44966664197168,663,4.063121565712958,552,4.161497518268884,589,4.143283497316154,1994,0.5876540302360485,432,0.5948296135937053,709,0.5712645766181053,797,0.6017040381540826,1023
inject,37,0.25110469318620665,1883.5061293903013,30.38390954818048,700,3.3272737445735574,700,3.066151280204028,1531,3.1965831748069022,2365,3.737910926565039,701,3.0191131040352372,700,3.6184065591323327,1529,3.408802901019527,2363,3.7013603281469414,700,3.821578856704189,1621,3.5062403804489626,1666,3.4198455006217077,1957,5.032537594753699,1532,4.1477327016425365,1928,3.538118031674804,45,3.6399539873974667,2365,4.170898799432558,52,0.7410276719599106,1274,0.7306713146605764,252,0.7917770823308841,1593,0.8641782469274889,2167
inject,964,0.20360642455343092,1234.2222754335335,32.994648742806085,1507,3.3037609802347077,1003,2.9459092014847164,588,3.751817487954791,2174,3.5209813608083365,1508,3.587409578843824,1004,3.326265641281485,1157,3.167071946555017,2290,3.8367134851631772,1508,3.7092840545204777,2364,4.5717207711559595,479,3.820394127992477,163,4.1004491480832295,1507,3.7520003904743304,436,5.66386342289361,491,5.258741306900661,171,3.843310069712635,478,1.5589738211879598,2263,1.2523813756482423,551,1.7533022241241003,2292,1.2057276023748476,2263
inject,1196,0.18459643509786006,650.8921129837895,38.324850004652475,1772,3.746378446567277,1774,3.1471066494677915,1773,3.5348462080784215,1525,4.400770299984998,1771,3.5096918864592346,1775,3.9408701127394816,1772,3.3479564612113326,1770,4.478137137523775,1772,4.3850779609237795,1903,4.512604228035301,1774,4.1979324286827095,2386,5.855432551170145,1770,4.4010590570932155,1774,4.708497001152048,863,4.710692929516795,1782,4.785245982988536,1771,0.6852107288384405,2247,0.6959187860186034,439,0.7696134834555088,780,0.5366397982530249,439
inject,463,0.41103216628718875,1746.5773223213505,34.07675188582797,1970,3.4964654846535486,562,2.9335759687039404,591,2.676380586379892,570,3.644996925866705,565,2.886270187228445,62,3.0551514018148866,2397,2.68574523996502,1081,3.086502315236913,2153,3.9023937419539694,562,4.245379654417107,2162,3.426824257732252,175,4.584387875807919,2164,4.43227085490598,562,3.662588290465607,1151,5.84791492586909,557,4.977798443451249,569,45.84118679355403,944,28.11114852209078,2335,25.924601214049698,271,25.858334550932053,944
inject,304,0.12318793347516965,867.1773862195608,31.042290053501546,1372,2.9866592046759246,2168,3.4456309057112033,1947,3.1508249362132923,295,2.9972464644947134,2167,2.973814686553058,596,4.088748313958619,1949,3.5883213928535724,1624,3.8235420610540363,1949,3.4355631437510272,374,4.034179508690054,1949,3.4604153483270044,363,4.396223407221173,794,3.9064902782707733,798,4.7121901552671135,1949,5.304914102130576,297,3.5266946861153867,324,124.44154951392018,757,34.98002176049835,1062,17.3073285802582,1819,72.01176244515281,757
inject,80,0.08574074002991872,931.7322416765769,39.25800728464098,1213,3.0111873369361146,2014,3.293961955221693,416,3.5192389755518105,1174,3.610112723783112,898,3.157972084850284,2308,3.583746785237693,1161,3.2734853612458323,1055,3.5956739103226156,2310,3.440002390251114,1677,3.6941326272125723,1308,3.608971172398299,1174,4.40486919998003,1408,4.02547486774155,2312,4.750884096115057,1169,5.342763681547871,1174,4.184812141469346,1175,1.198192212204402,2015,0.9774989073460217,360,0.9870149164961788,1396,0.8114299109369258,248
inject,622,0.06857402861195039,485.6186296207014,30.223273328087643,1963,2.6484874991542213,332,2.9453453460270276,855,2.9032115765830717,2317,2.922317301290107,853,3.1081818788014264,897,2.876354929190695,181,3.7325282169167058,2316,3.3189495494851893,956,3.6386408890506803,892,3.3027936175041273,2321,3.983837558184526,2312,4.638206005919232,752,3.91806685987021,912,3.4916522065999467,1840,5.999917647204282,976,3.9953841057990416,960,18.20754403835837,151,2.7702330563134656,753,5.934153439565001,2313,10.492738443160414,151
inject,640,0.32554653002746026,553.7977406753184,39.16973717832829,727,2.853234024307775,2292,3.2146263705560676,2212,3.179649219568515,2013,2.8821040579765675,548,3.2193650260689144,75,3.514873409769952,1306,2.82736967203947,488,3.1780736169454653,566,4.066737409574444,139,3.9910314343122524,2214,3.726058682932662,1649,4.2271662611556815,15,3.8980492621519973,2306,5.829792530516764,2215,3.9362431537812186,1628,3.754292422194806,2214,2.5443036817960016,1452,3.0945833627707526,1190,5.565425103609491,42,2.973082534427965,42
inject,1069,0.48806126919335424,1929.3332734678247,33.02292366798474,567,2.8686107276938437,846,3.697165615455437,1265,3.509760362291862,145,3.344623168547297,566,3.683145339988578,2131,3.2898038815674986,1265,3.024352370217017,966,3.284725279490327,661,3.7273443321314255,525,3.919534051715033,1264,3.5658112182034154,1637,4.290175800689867,147,4.585770939040483,848,4.606822732835983,1265,4.183726794030589,2132,4.127183279213065,1253,12.631691387521268,751,15.651345433785522,434,16.83687022519059,965,10.271713161884733,728
inject,1059,0.14511486951892527,1443.4493773423153,36.06777413876958,1772,3.0688568314566163,1895,2.83554939502259,327,2.7259349035395584,891,3.093653175848845,1894,3.2867362775468103,2105,3.3598833507042727,1088,2.9136470271613946,93,3.1916330936029915,1525,3.478938702841173,1894,3.806925000004036,795,3.7268868651804743,1484,4.2508259167049305,891,4.7571541790715886,721,4.118752011691158,1400,3.6928469892867577,1595,4.069319809517848,703,39.67635813572388,352,19.0911424880918,906,63.30179954926079,704,38.93919919584347,704
inject,1226,0.06837530393632885,460.15835100565437,42.93046574239675,1023,3.3784706789767136,1597,3.2306886346474504,468,3.760861270457274,515,2.995407813898091,469,3.6033982948142476,234,3.6659511678675716,350,3.7007112136854943,515,3.434196755880862,1987,4.242506554707227,1729,4.184245118852088,1168,4.140558273512386,515,5.122953810136311,514,4.538269859504472,1597,4.6362098140461585,1168,5.477255550426231,515,4.7984974001146155,507,2.420723767172037,233,1.7992350217748463,618,1.5321573905513601,2229,1.6071644577437627,2383
inject,363,0.2270333439146569,1988.5839381694734,44.62644660018539,1372,3.100750342954533,239,3.051779660820458,708,3.401331300271964,449,3.4031139799036896,239,3.085026862234794,815,3.1921354848690395,2310,3.3070062645377223,162,3.406662190531204,2311,3.4949331028191652,240,3.451467867223561,1984,3.7001110237355217,449,4.414154205379775,1983,4.13831901132395,461,4.69207758990118,1659,3.8850515176352367,1491,4.026240391938715,252,44.66216920206381,216,17.769701898488474,1587,25.199140587084397,1824,27.582261041917597,216
inject,79,0.04049410352094751,856.6790449251312,44.75473490232274,685,2.5313559360725035,2363,2.8546288155570205,132,3.227972046891122,355,3.3135631959916854,333,2.747778554908394,1711,2.8751247896947936,1693,2.835681528587664,803,3.0279299599533203,566,3.7229000348978256,1734,3.226976505908645,1723,3.7641577659546845,1648,4.157068299063358,355,4.59418912972844,883,5.027831321686432,330,5.235124107500756,344,4.451403079617818,2139,1.8424770293722275,653,2.199499352391869,2095,1.7439051487681356,587,1.9493186426669291,587
inject,380,0.44784149664696826,907.4440544681107,31.78891304599702,385,4.4713385126204,1853,5.3769210473851645,385,4.647669055249072,384,7.783737899616016,385,4.929016652180114,385,5.940372573761941,386,6.030037224799897,385,9.640217149114989,385,5.245274598502163,385,6.010248332372067,385,6.124503640109149,385,10.0343630192801,385,5.535058901309658,385,8.973865044375255,385,7.521630835581928,385,12.719346733361208,385,0.6680812630860598,26,0.735815960632951,386,0.7397947233410948,385,1.204619882507741,385
inject,1109,0.015178832598646608,303.97915627762853,40.27179773715932,780,2.9044547249700985,451,3.348541600700353,913,3.045672855539276,1654,3.302136868818761,913,3.373219354770919,1000,3.1514394098460046,309,3.381864601052859,1654,3.448502041190298,709,3.5551433102564363,999,3.39896042116243,142,3.70314907883489,1653,4.21687337512847,1529,4.14859617813656,440,4.823915613804864,2236,4.374270237149337,2113,4.479219886896059,913,0.9556201466027294,997,0.8241875612943299,955,0.9099135586658895,1651,0.8457149256395964,708
inject,1195,0.278253645552449,1978.097777288721,42.69530511544643,1056,3.7233199521111633,610,3.753075999572314,2267,3.8233806586766197,369,4.92866144279488,1055,4.244137609249545,1534,3.987979250724736,2269,4.432491937169273,369,5.234203935904699,1054,4.84007550274282,1978,4.476054038739802,1613,4.983468749081984,369,5.005890841762148,1055,4.251921265515987,1534,4.5735757961715375,2268,5.068151693464153,369,4.153178118012455,1055,1.723244660309881,2277,1.4339561928568363,1964,1.4842399401823945,518,1.1335952004910919,2277
inject,666,0.5793791658646691,1679.1576516169946,32.48499091772775,1896,3.05681184394017,1897,4.470046843329119,1897,3.652020374054661,1895,6.353713359144436,1896,4.156903000568395,1897,4.2785046787088685,1896,3.895202742079371,1896,6.811225529194425,1897,3.661363375144306,1897,4.476007778755522,1896,4.200785603543235,1895,6.876537054957531,1896,4.226260866290489,1896,5.669369802053631,1897,5.045572981550015,1895,8.56667375660248,1896,1.2673410199656105,988,1.1146497997392713,2175,1.2219540847889196,2048,1.6416378482757632,1896
inject,1019,0.33265540901484947,993.6597643387813,40.259387219665754,606,2.7685369172559673,1413,2.6574750779384235,230,3.1330717655306537,2098,2.772688055861625,1548,3.255223857480499,1677,2.8255713702829834,623,3.0911530373970377,2308,3.291475904242004,1664,3.2987457267300964,1709,3.1398200860037426,1851,3.268644160986311,2099,4.402418862377221,1548,3.8403140195592615,1040,3.828118119528584,218,4.61401591863021,2098,3.8269022848218315,217,5.931974771785087,2355,10.329966720513857,73,10.07925322663045,843,6.286564674118196,843
inject,801,0.4220683413041154,803.537668632674,38.670119197400595,601,3.531753355763049,138,3.7706566967938437,1845,3.2694138829248476,2005,3.9189177877745895,1843,3.2954342150341893,858,3.221228630192287,197,3.466504483285243,601,5.001371196532071,600,3.8512955037291623,1938,3.8244089976451736,1845,3.5163040806147996,204,4.515530282197432,426,4.268617946089124,157,4.242368218778655,1846,5.059866564199019,191,4.029758941450567,2018,1.7347563990943624,1938,1.6848265310694255,1791,2.2490341245123022,2130,1.7690727994773332,2130
inject,1163,0.1169791317734985,1387.7160927019647,34.759908357170715,728,2.996098903485814,942,2.9492808568129245,957,3.228277268645913,1979,3.125671864901315,1978,2.903135986749628,476,3.027802033714736,1102,3.4687399732916306,1980,3.405003633480372,1654,3.529608753503633,681,3.321993681494987,1323,3.393235355240885,1979,4.646721687928338,173,4.833036529516067,952,5.188886689926933,1332,4.554764030340745,1040,4.610169324587352,181,5.555194321741044,1654,4.930121914625124,997,4.447523924176325,407,3.6065962175872066,1654
inject,146,0.019670509541111048,351.06803652141633,34.52644058345177,978,4.179516696079033,2273,3.8685976864673357,2159,3.2323476211412903,995,3.653087747461049,315,3.5934473609790434,2272,3.7075772940472604,2158,3.0088869350141842,721,3.6162084832743777,1491,4.179516696079033,2273,4.000779400387877,2158,3.806217960717422,1320,4.127810282264686,314,5.677571127717195,2273,4.686672109405311,318,4.293078302744918,724,3.8034687329895798,2159,1.5571633378730527,2273,1.5043733105643495,1450,1.3184263691174292,1797,1.3169997251500376,1059
inject,1107,0.24316115804510152,1554.5870059154183,37.40436613927388,631,2.7310769329753315,2284,3.06790702832708,563,3.4402264365305677,2298,3.563477869696464,630,3.094055409481172,1623,2.989262640007641,1990,3.309674429161057,2161,3.504384064020215,94,3.7399306972679036,1982,3.71406851047456,1090,3.576232984803738,1450,4.362934026500629,1450,5.1483053543928206,200,4.038668509220644,1235,4.173813068145053,2298,4.200045668239637,2296,14.068293762055822,1298,5.946898364424784,1088,6.524896553650808,1448,7.85508991331878,1298
inject,664,0.8343395926710101,1986.011074270262,33.337939374563774,1626,5.006736351375308,1628,6.250088245235102,1627,5.814509357258101,1627,9.855069711534451,1627,6.15302974953706,1628,6.468747139699313,1627,6.474291945049009,1628,10.868158230013613,1628,5.122393956998304,1628,6.474825703708575,1627,5.8268512644031505,1627,10.006421284640455,1627,7.320398768028637,1627,8.996367062268172,1626,9.05925546112479,1627,14.48535805146348,1627,2.5073306046060653,1626,2.267056219023287,1627,2.3531951120969405,1626,3.988211737333595,1626
inject,265,0.18751031215106972,1132.5424018216495,40.93842633792549,1980,3.2726147014757365,1612,2.867574226217023,1340,3.0184469637452516,1175,3.5220842311687037,651,3.398588328356624,652,2.889758040913517,2117,3.332603645788861,348,3.9323049436128845,652,3.870014583722264,1762,3.5927701617691414,1957,4.002254381323995,849,4.149726549678078,53,4.244452431006802,927,3.666768497880707,2116,3.8370360201575897,55,3.5591849854805977,2129,6.526655712827966,793,10.935736686084722,354,19.810660201759255,830,11.333078218440583,830
inject,344,0.35454449780542097,1508.7696584193739,31.93986857668831,1198,3.82708149799886,1473,3.1931907545765714,127,3.422555116425031,1853,3.2901488286532374,188,3.4481280296072603,1473,3.535004055635032,2292,3.745183726506845,1896,3.2887180909109963,189,3.82708149799886,1473,3.444446896977903,2291,3.8165104393152123,689,4.382245204565192,1571,4.336227967638343,1474,4.527546018060553,130,4.034483889188045,1746,3.9963051362453834,2291,1.8683836220749503,2235,2.9547469093163348,2371,2.0368835345980014,2309,2.038697938521959,2289
inject,466,0.4348700719279417,1946.1802060144353,36.48299622735533,1905,3.037378987314141,1005,2.907865470858955,2,3.9943130985627686,1205,3.0223364125449463,1838,3.324287145358468,1954,4.226469882197017,0,3.3811462216020765,1312,3.069589764774413,298,3.794609251248295,1973,3.413095354485776,937,3.9943130985627686,1205,4.871808917441392,893,3.948066009709429,1360,4.241748159768048,1710,5.510593155513163,1977,4.151418355347066,731,33.98183468227156,708,17.923395318748533,458,32.62826815147528,1309,20.222378903425987,708
inject,89,0.7062934771190277,1920.9699649133506,30.233476217837097,314,4.692351331460148,314,4.053152644271794,315,5.354283314939858,314,8.13346126701629,314,6.005246628889497,315,5.7866529543337135,315,5.90599077072476,315,10.217881759940342,315,5.9516295477647985,314,5.853596954952848,315,5.662115556488569,314,9.8469279669508,315,8.231851066190323,314,7.6425257125369415,315,9.01344495460878,315,14.363651989370583,315,1.6225415248617734,314,1.5503726644026403,315,1.5184634485478075,315,2.633091265673821,315
inject,736,0.5965313878217291,1963.4107389156586,40.22865917100394,1938,3.1202384205720146,1937,3.4210613362651197,1937,4.052235257906133,1936,6.107827765737206,1937,3.6701775778735,1938,3.660797023951251,1938,3.75424182092494,1937,6.302811873004635,1938,4.901972197469626,1938,3.9403833633232574,1937,4.973573811675186,1937,7.933923112542039,1937,5.6603260748341935,1249,4.7407717680843415,1938,6.378244993241425,1949,9.034659287197625,1937,3.5793167174298195,16,2.7883059491363524,76,2.329368228877037,1174,2.1412440221910347,16
inject,289,0.2044067120136347,939.7075111026446,34.965006806512164,2101,2.450870613748412,556,3.114997845476849,259,3.825457442611216,1094,3.5013162921239567,2102,3.218639636950762,1346,2.791115332745657,332,3.7950525920530995,2103,4.2410910866761675,2102,3.6676836862919373,1179,3.5456836226647126,330,3.825457442611216,1094,4.639421034738416,992,3.824778707128192,417,4.07363188494071,330,4.563649413844069,1094,4.156094619168257,417,0.7198836118129202,416,0.6492511045219429,2072,0.7243234960094117,2101,0.6016178014016992,1770
inject,201,0.29466788954118384,1214.3519322351926,30.77886413131366,1256,3.3633038751217392,2222,3.6989594578189666,2306,4.459245870163242,1257,6.382866181606471,1257,3.9530812010588354,1258,4.387816255754163,1258,5.081145623442691,1258,7.749220185460376,1258,4.296400503331557,1257,4.518018438518597,1257,5.649279813190789,1257,8.350620369700543,1257,4.717636103744515,1004,4.969882309177175,1258,6.918197257319118,1257,9.182354867734551,1257,0.637088279579683,2222,0.46922163831527597,299,0.714883103573029,879,0.8842893725331769,1257
inject,426,0.6209412011960043,1702.2016560845382,36.819019015471994,336,3.395202885287786,910,3.2222759582655605,2237,3.416087414170799,1933,3.6183380504674583,336,4.261240381385815,336,3.4201778932176414,1217,3.764152849860134,1933,5.783844125405679,336,4.486719241856076,336,3.9869205690538405,336,3.6498433928892537,335,6.953778923834496,336,5.12405442904655,336,4.110763488900024,688,3.733002906445669,728,7.125677683636583,336,2.7957384496762296,1915,2.0000656889393102,790,3.3880261492895856,621,2.433998763784176,621
inject,276,0.5930349280060184,1182.5662583431285,40.678371399547544,1174,3.6040441062194497,904,3.548216697055318,685,3.5035547522700043,2054,3.08884871646034,2256,3.7989864890182536,905,4.204067830943065,1682,3.895315607891541,2055,3.0731610424419973,2257,3.778250318140728,903,3.9796816146515837,684,3.5948216085566216,2053,4.126213087213659,617,4.5493562804772525,903,5.2953700858513555,684,4.771435017346964,2137,4.188504345478985,2157,19.773567351369348,2015,27.798890907059473,153,57.40606750085705,362,34.659739519932735,362
inject,513,0.16315629617054617,1099.9049444904877,30.424429144092283,1724,3.807965073901911,1193,3.1771260991877357,1672,3.3125757555330457,1386,4.01513298999017,2054,3.5242407213447624,2055,3.315492850294238,1611,3.402628247024569,1825,3.1616873813656285,2055,3.8316325006697243,1272,4.130259763169448,269,3.9418030814787395,253,4.338317105955217,2052,4.754240174069711,98,4.468719833885392,1908,4.387314731416912,253,3.7169461797699146,2055,4.922426637607289,2137,2.278092739224459,1321,4.373521418929488,358,2.78334480195539,2137
inject,771,0.11628983491548939,1705.907445890004,42.89777670339194,1833,3.4301041163634762,2300,2.9973425500352895,885,3.4406062869080474,324,2.4815135887105306,2302,3.211327797865178,665,2.9139744966479033,883,3.348025987064451,2029,3.2812147955621644,1889,3.7757224831263523,936,3.653696071525478,646,3.5123724255291524,1895,4.559870419190519,1172,4.540117885710454,663,4.001087326830757,1413,4.477366512063465,1895,3.6316534558307674,552,15.85450654424976,896,35.13231431134342,602,20.368094911592777,1892,20.354795943271352,602
inject,479,0.03728501015721175,355.80862040863076,35.75182807229177,504,3.3078344921179856,1911,2.752963891972852,225,2.6811880107892296,741,3.147866016736926,1038,3.307981176930414,1066,3.9462477103575724,0,2.992650672460602,2230,3.694420470974529,226,3.8812488148057063,188,3.988769543901811,1857,3.5555015355122053,2135,4.409102948613361,227,6.293822722256999,1050,3.975826454860428,1349,3.940525748279077,33,4.116734509842256,2126,1.8340541594930337,188,1.7077147489349265,2397,1.620939645894499,704,1.4561809050816523,504
inject,1176,0.17003811912399558,1557.038435419018,30.38316929314287,1859,4.025493733284436,2067,3.3575017677836643,286,3.1665358511571458,372,2.881958158651097,2066,3.343465150741789,2066,3.15664041887503,640,2.9398036712002344,116,3.1969000702066435,2065,4.290273414872881,421,3.8696285268249833,2014,3.837884925233638,1673,4.883171750800536,2014,5.169021152797737,2067,4.73129090634497,1352,4.5780674535249775,584,3.7744073585345737,416,1.2912985826139913,2377,1.819097831026526,10,2.1206339645018115,1673,1.2352835593244444,1673
inject,448,0.09477072723408453,945.3435952662654,36.94655149447203,650,2.661467111599397,1290,2.991445357403978,494,3.101166069632858,2108,3.5955801104872114,2107,3.1958319948401925,1290,3.1003856495157605,2107,3.417870230864927,2106,3.9234417435398443,2106,4.2243252279515575,2003,3.9770167364528404,1772,3.8482019030379315,1633,4.2750292628114295,2006,4.128414149544145,1066,3.6714723677689234,1723,5.478588980960072,2011,3.5023687261962566,1666,0.8943066502738198,1148,1.2725997997169711,1926,1.1014523082248566,45,0.8468575738628047,649
inject,423,0.43023150904685015,626.8299681303838,34.01556753689961,1726,3.2333558231671264,146,2.9200982084486555,1609,3.1062239178829323,2209,2.915403979885106,1013,3.3969411260370594,304,3.1831797949583294,124,3.4717948136575343,2211,3.432126727706234,1014,3.973268153204134,503,3.775916011416336,90,4.426351188734384,2209,4.216434095236046,657,4.549170161918561,504,5.042628609909568,2347,5.728005700107667,1284,3.942549612827287,2163,5.018569166169826,2177,10.754625169033558,121,5.261977318325989,999,5.800392472035236,121
inject,594,0.025450122335718195,1350.493980462845,39.50266531911997,1472,3.146421346437858,122,2.8966075368150115,1010,3.317752848843045,766,3.2620121473869084,1103,3.371622367789225,122,2.8862332723317716,343,3.0153609294487267,993,3.6665315743997753,813,3.757466943094206,518,3.476038810693685,281,3.3367655905899354,1328,4.592108985554467,1269,4.056760392698518,245,3.683098036006181,1226,4.14237839092803,1486,3.7260217616361486,1390,1.6990607052219193,932,1.610911462109389,753,1.6826722745684468,812,1.289356259700545,810
inject,1250,0.14734441522492148,884.2807433603983,42.256336120650374,1788,2.8213430124258956,1130,4.512498083980983,708,2.696316016596344,2198,5.005089344179618,709,3.119981027921129,672,4.751774024570419,0,2.8649199196575235,1656,3.8650047831793604,0,3.579172536940787,1128,4.606485185319334,709,3.8786641537734816,1634,5.3017602036499305,710,5.674663663225518,430,5.134815629853836,710,4.197655935280353,1634,5.573222233504895,713,17.50094454262088,1894,27.71359648735925,1019,45.943741402350994,1658,27.103069064506673,1658
inject,214,0.22033382930582246,499.80176972450965,36.720604037854706,2141,2.906463388710997,1664,2.9547056331595347,1090,2.6663830890082303,790,2.8787308804266782,89,3.39997133126724,1802,3.140698194969928,2307,3.3464940664805325,790,3.7475483581712807,2068,3.3510865180959595,1898,3.357793492236573,1283,3.446794398679196,1443,4.130362714622091,760,4.910352626942501,1597,3.4040094187413494,24,5.208022109592623,1264,4.408825011251957,1441,36.78223526549281,1641,38.11786878742287,933,30.621787061448813,2351,22.10915535760343,1641
inject,634,0.7994430738000512,1768.352611967291,35.88631633134033,1790,7.026668681091543,1789,4.667561754595018,1789,5.705085300994099,1789,10.04549962428787,1789,8.577534033959271,1790,8.046637698155259,1790,7.589311055236366,1790,13.97966080529541,1790,8.13807194140309,1789,7.5308749733749165,1790,7.21925917389234,1789,13.005588236896672,1789,11.895292016499743,1789,10.021366809101831,1790,9.99240357115838,1789,18.31786075692877,1790,2.032773037706968,1789,1.9059506491335585,1790,1.8174708458532205,1790,3.285146683556988,1790
inject,562,0.03574782542656152,330.6817173233584,42.29862122003048,810,2.8583990412126616,73,3.012290241131463,468,3.9567077210306967,490,3.434320814423551,1627,3.4425921169614804,76,2.9624679323014824,1000,3.2323610317774647,1796,3.2544790705415645,75,3.8114099396964893,272,3.383180017374183,625,3.9567077210306967,490,4.8531426806642175,328,4.426103306251509,405,4.026125398094526,1556,6.2054140051838,2131,6.362953704158223,2131,1.1706360319282574,272,1.1526707648181622,624,1.1065515867760556,1675,0.8020639708108969,705
inject,1094,0.48355144174474374,1697.99593790779,30.018932401929764,1307,6.1513041381749085,1307,3.703696279868421,1306,3.630442588841021,1514,6.9312810050123534,1307,5.330436267097149,1308,4.749094715897099,1307,4.188046195183657,1308,7.98498075034292,1308,6.4619655325651655,1308,4.064487237342565,1612,3.890255058336582,391,8.173114156017224,1307,8.863527221381835,1308,4.619059539849364,1307,7.231714840216595,1529,9.64221793695548,1307,1.2417544908743845,755,1.2208149177644934,45,1.1655419576338781,152,1.0061801950717553,1308
inject,476,0.2661779890247957,1893.173759858199,38.9481746301568,1755,2.933875936269085,1087,3.1164797634775216,1769,3.0591372119530886,1440,3.359703914750616,233,3.2105321457289726,425,3.118894532290452,1470,3.0359958582525683,210,3.422957151364301,1470,3.7133388215082688,939,3.917955896985265,841,3.5211276010440393,2318,4.172499737751859,1220,4.628253801232029,2382,4.370192715432238,1770,4.6980143114603194,1427,4.289658158888102,682,2.525493654325263,2362,13.320039235206195,1468,3.138734569948193,1371,7.938032259137875,1468
inject,666,0.36213001875241724,1594.242141398969,39.30491035550742,1692,3.2822787272813567,1670,3.1870456621863714,837,2.8910039087306485,1694,3.0098215804992092,1692,3.2875625949196916,758,2.957423828853212,1839,3.3561287077021773,365,4.108171241636054,1693,3.712168654936107,2282,3.315070863823079,1573,3.36320800105052,1694,4.783641897333779,1692,4.85367367292584,1430,3.386789280539453,95,3.529950945211858,661,3.4827254755596777,1495,1.351543740657927,1691,1.4416339589532634,698,1.322265713243601,317,1.2707774702628916,698
inject,1104,0.13868087874106783,1405.1240531133133,41.881245289886664,840,2.876129425501349,1343,3.486314914817068,407,2.986145425953104,1064,3.527226848016096,805,2.8544846242216946,1408,2.962718912070943,634,2.8602027558643117,847,3.1067228472996384,844,3.3437114262955343,666,3.8919485090658084,407,3.651843365967387,1065,4.35575153700115,842,4.033280485980006,1092,4.266166463028811,407,5.1038338213250976,1064,3.8874336685379935,1067,2.2620957085620024,1409,2.5387161140168515,1071,1.9804986897712389,1498,1.6979387249471258,1071
inject,177,0.6420959323193498,988.5904103546787,36.237687979481144,1770,4.385751181591233,1770,3.0115578197479667,1810,3.657528819510697,1770,5.730920295140176,1770,5.920523496330119,1770,3.689146040051356,1770,4.472178526106262,1771,8.041957286234533,1770,5.7615983496977305,1769,4.783175164799745,709,4.789459122124395,1770,7.88797856971716,1770,7.318325255643927,1770,5.743147518162747,1798,6.820016157540572,1770,10.466943282008865,1770,7.659866132003261,791,5.351403331132605,709,1.3979556346055662,1768,4.20136611914745,791
inject,510,0.6162142836215525,1753.678737508104,31.762093995877276,1883,6.301431480090836,1883,6.1874077642471965,1883,4.864377735851299,1884,9.991208216712536,1883,6.812228681228511,1883,6.498352197536067,1883,6.696457062888445,1884,11.380153855883613,1883,7.072656074042428,1883,6.75402925876907,1883,5.1767239921841535,1884,10.934060850469773,1883,9.643808990372888,1882,9.028440020074429,1883,6.636276316175432,1883,14.449098443190552,1883,1.2608298152073765,1883,1.1316858043619047,1882,1.2535696654041717,1884,1.8956248403320926,1883
inject,511,0.2051880560264564,1755.2355218303326,42.5065380837624,1978,3.360791176415398,1952,4.13023459097087,1977,3.033527316746241,2225,5.784324733674443,1977,2.817276540191078,1424,3.844282620412884,925,3.2535894349110364,1980,5.445609058779728,1980,4.596356632159107,870,4.990401551411732,1976,4.435311359530119,1030,6.3079318465705345,1977,5.1769629162609965,1966,6.53816316769292,1976,4.3109866192246304,307,6.772083553879232,1976,1.3870035341893365,870,1.230873334991257,459,1.5136377993419925,1030,0.9903891116646321,1030
inject,555,0.3065636091662074,1663.9980693427954,30.715711516279548,1123,3.2304885481357717,2066,2.88762611719527,52,2.6480578833981747,1084,3.6539302800346785,565,3.4240949919166783,1989,3.575785666984123,689,3.3486442670103727,460,3.097760610253362,568,3.5748285186916977,2225,3.384772283842643,2368,3.585511840005023,1382,4.874137474936194,2067,4.94935769610128,1388,4.132232761606709,1284,4.044174003039727,834,3.5939608137188026,1388,14.90566175060073,2233,15.977458274232248,2397,38.24174018793396,826,22.853275638031185,826
inject,67,0.1302332235064706,1041.6049727370948,44.915170899798575,328,3.1168228862268634,2130,3.6094112618143996,675,3.4553490873446324,2155,3.6950992629931716,2154,3.0283601151480335,1732,4.989463914754757,676,3.2379154817918256,2158,3.0453281162032764,962,3.898245452609639,2346,4.267896163774456,675,3.9171164803600043,861,4.581034012511783,1430,4.246122862858662,2142,5.451595939979745,676,4.352224204517159,2156,3.3599210425963237,1048,0.9426973122567716,1732,1.0408780432667084,675,0.9351257911900369,860,0.6898011054661353,1501
inject,808,0.07694141551424671,1127.3703544604896,43.69682412209299,1342,3.281753387638046,1326,2.706303973446025,437,3.197547681129302,951,3.253706985491707,2300,3.584648512472994,1325,3.12758210847141,383,3.657948679532288,951,3.3834895761781256,1325,3.6889275295700372,1325,3.7886845716021003,341,3.3604692506644485,1517,4.468397584559269,341,5.1448233333710744,948,4.41243364156495,334,4.786157641424096,2081,4.609917520544963,950,1.6006110498741735,1210,1.800567897625682,384,1.708906112422205,2065,1.2149864947030489,1535
inject,1222,0.6879342696460145,1892.115491303712,41.96313040931758,824,4.410191467429529,824,4.0009132016959645,824,4.164287269978696,823,7.164854938527306,824,5.524067343344722,825,5.193744819321568,824,5.321450335540909,825,9.157561805078778,824,4.735300147469261,824,4.324226372934294,824,4.543134070029527,824,7.853499753581654,824,5.968543279103094,824,5.790254049252484,824,6.342847102444614,823,10.345411513897483,824,1.4784561013951494,823,1.2940297843375446,319,1.2280862518663702,825,2.011518050926291,823
inject,482,0.020008686349560767,1846.1636194595355,32.07903866042177,1794,3.529274435262175,1968,3.1370570925682335,1289,2.953840012022574,64,3.653842949959443,1968,3.5979733795500146,2067,3.211557230484103,368,3.285375734475659,650,3.616449496776363,1969,3.7778979221343834,1010,3.91308385204816,787,3.5014147832384546,1814,4.514264155638879,1816,4.533010635195273,1968,3.9546594747599046,1138,3.7604748685374774,1123,3.4966712418475545,912,1.0357900908228186,353,0.9869372684161621,838,1.8642970779254382,21,0.970211655876071,21
inject,780,0.15255654214290226,1686.8604713265095,38.81949020804848,1165,3.114074193784806,341,2.688736523255208,16,3.1393004491264325,120,3.1730649186851503,665,3.4042640243741853,521,3.3781198479698062,93,3.433436595832575,1651,3.720888094088754,668,3.625417265236322,667,3.823282707157289,39,3.7075031107176915,525,4.816854217753287,667,3.829937829372285,350,4.064793947393877,39,4.732946177875654,66,4.318797520231411,2334,42.22208438895128,994,90.40359899283467,969,30.39270441675875,240,51.89890865536262,969
inject,541,0.5543903429871071,1012.5796095372599,38.57955063206407,516,3.843955135185909,873,3.404461105237387,738,2.8341232432885324,163,3.303155185452464,1202,3.297780571749564,873,3.6744182514181363,737,3.375853854667439,2286,3.949267494077274,874,4.848579048021484,873,4.37748211747644,736,3.7044128830556358,2286,5.1569352413618565,872,5.650220196100124,872,5.0813198359131215,729,6.316011078122943,1803,4.811565078393622,1902,3.5839844085687047,930,4.012353378599188,118,12.202552149525376,956,7.61384309393899,956
inject,290,0.08793669859092146,880.0772406645865,40.16397187348942,596,3.0864233416481555,642,3.134804317393259,1731,3.6480772202939895,175,3.538921909697387,21,3.1628761026420356,93,2.89610031012219,693,2.929644209210793,913,2.8835830908434996,1310,3.788725191422136,323,3.226099868110136,1963,3.914111108582107,1999,4.422326869640818,173,3.543734326863829,637,4.196423760253176,2037,4.56044345693763,189,4.998638005137123,1837,0.4962485332139724,660,0.4008711385075372,699,0.5277022191506596,175,0.44350843462911027,1792
inject,562,0.15468836251445917,352.5843479885881,42.24497683175075,1352,4.017514198422244,433,3.4052331270005514,1918,2.764851912198625,1545,4.085126419367827,1545,3.4179773929306374,432,2.876012301329913,1916,3.4056714568211577,110,3.735628950189698,1546,4.076432212933073,433,3.4052331270005514,1918,4.151540261174004,2162,4.990300833871452,235,5.705875325279977,433,4.090237225946374,427,4.524131188405481,234,4.907823080067644,433,0.8535274883953125,431,0.7907709744299043,1915,1.18558767938306,1053,0.8013102852056232,1295
inject,30,0.2056522872502311,1546.3402727777727,42.77870386418104,291,3.8298526655447787,2118,3.4527890129311922,962,2.887408716688656,608,2.9744652968434133,962,3.2449389995970312,2274,3.4390633588206665,916,3.1861367339227322,1945,3.1849276298085356,963,4.0198887854332535,2118,4.00692086456594,2065,3.955965139737924,719,4.060261361092298,916,6.156577911640588,2132,4.396505866029013,512,4.68219641067594,289,4.334785261718243,2132,3.0793046948732643,1524,3.4622349390680482,1555,3.5913673042589815,1418,2.4088036991527533,1524
inject,501,0.2330553586487658,1772.885186825074,37.443098927282975,412,3.3550161926562088,514,3.688042936766208,1230,3.364581165340808,791,3.1821795317559363,2004,3.753940558860652,543,3.647496773811155,406,3.548168510436212,790,3.592094931674107,406,4.040421251180463,514,4.166576420100888,409,3.955350688356702,117,4.229632090227784,1959,4.703000829295125,514,5.6674124512193735,409,4.290575296466413,790,3.5921566865907972,1784,2.370884935624895,2331,1.265619661186024,415,1.3717436696108223,1243,1.6037105720271976,2331
inject,186,0.1404483779758301,1071.012855111384,34.826509036855704,1124,2.8189623701927333,282,3.6657513419285284,395,3.0606725239899064,2209,3.88680904245494,1125,3.22569776119882,210,3.040008010122824,1694,3.301157496371432,2209,3.7959682455401373,2210,3.5404460668382614,210,3.6657513419285284,395,3.838406739166318,2208,4.382212034387879,2210,4.043676951273406,490,5.099058436191298,394,4.926117219485845,2209,3.7465783349123134,1127,0.5685828574505017,134,0.5896232075849756,2382,0.6121011493031014,787,0.5209181993914819,2397
inject,1163,0.6989158325759253,1305.0824838533217,36.4975777062076,803,3.501873439074998,802,3.5330855474684473,1854,4.047240204902259,805,5.640288840688567,804,3.3307961990936437,804,3.5585950454255166,2348,3.464353919901066,804,5.728525768377619,804,3.690617352069781,2361,3.62392902894763,2362,4.047240204902259,805,5.882118207068565,804,4.163313986075993,1269,4.482984793778985,729,5.568331991024521,805,6.057329623319967,805,5.529708533905779,766,3.8498777825717396,2137,5.45847516240984,594,3.5489956179940316,766
inject,1202,0.37043446299503513,1820.9624864730238,39.08560403940237,1722,3.997050968459782,1382,3.2696710117285095,1723,3.6521448181489977,1720,5.375087981202,1722,3.5279729503942625,1383,3.588049184008928,1723,3.9880939457921047,1722,5.959895788699435,1723,4.78822738595695,1381,4.031782195459017,490,3.6521448181489977,1720,5.6136231342695435,1723,6.209801391856164,1397,4.093295303457161,1710,4.199195882660136,851,5.366451389131747,1722,0.7067744275887063,358,0.9861875376629735,1725,0.7385111616396458,1720,0.8295171108228051,1722
inject,485,0.20559474628390195,854.4857314254328,39.466804383759865,615,3.3741949205468167,1506,3.4722758052098097,2012,2.9343164269716464,1146,3.3866030176523165,1369,3.436016051602464,1506,3.4261580804093192,1449,3.1813176338140092,1653,3.5474556677770517,710,4.009763397505776,2278,4.243796600914118,1602,4.424056500646312,2020,4.841927064191067,1368,4.028758671029925,1506,4.215101396626456,297,4.538702060331092,1834,4.749821233502965,2264,12.501734922315798,2277,11.748239748477184,1368,5.559400297251662,1100,7.919104560586835,2277
inject,929,0.4926894609320739,1080.148249166184,42.70241887615397,1121,3.1031107126440407,2331,3.969294686769748,1366,4.032393499817064,83,3.435551225304231,1710,2.9494467984279518,764,3.415863977351719,1367,3.828020806684468,2088,3.809226381444511,1120,4.088266322195106,410,3.969294686769748,1366,4.240014204119268,83,4.230040190035866,2212,4.509953503554609,422,4.713924289954207,1365,4.496081079507107,2087,5.612528248843519,85,364.4415862927276,1046,62.61811634283544,2377,16.614710050552365,1631,209.85433325042766,1046
inject,198,0.4367785398285777,1510.3112132294177,34.14785665555294,1519,3.6498981469565943,1519,4.16267080965182,1520,4.022994377972441,1519,6.828657731999292,1519,3.248488970796255,1520,4.2078646105893815,1519,3.7664824940244817,1520,6.44255740229632,1520,3.982440164920604,1519,4.221100986031376,1520,4.066856494518601,642,7.054440641197805,1519,5.008823246630042,1519,5.969579036364068,1520,6.145198595987843,1522,9.073947303590707,1521,1.1803405508121263,2163,0.9585029071462012,1756,1.0165007757548854,1162,1.4217413329757702,1519
inject,1209,0.18004390174929363,1768.6364925764053,34.72680614861349,599,3.319747195632039,1646,3.374514327721902,2112,2.908369327417533,1665,4.682822402065099,601,3.0158867506812808,602,3.5827054508484903,2111,3.3975961302421225,1271,3.985545936214998,601,3.702744706226146,1167,3.648514118528524,2112,4.1050114686663175,1859,4.812146722631509,1859,4.977612478183632,1165,5.160629448926922,2112,3.70447927846215,587,4.83210467591299,601,0.8005951537693422,196,0.9933299891959366,708,0.7890274104102898,679,0.791475229466842,708
inject,410,0.09468467731178809,1694.4584110242843,35.330092605213565,2067,3.095240627026233,1312,2.9558173735056794,1278,3.0222436144934113,363,3.365777647883432,2073,3.835814911839462,1311,4.216850931778749,636,3.2539742914702354,363,4.372142007439019,2073,3.9607047151613926,1312,3.6181804557120967,635,3.359258468012119,363,4.957926094120604,696,4.541161688893395,2069,4.348319850119808,1712,4.5894671329242644,1468,4.367609889541797,633,0.7176076234615103,171,0.8082585496073225,791,1.0488685656980012,773,0.8509867376038854,1046
inject,759,0.6276384080902628,1309.0814706137267,44.03375035242473,903,4.419155768344657,903,5.399526574687442,902,5.112775144231711,902,8.602550765879148,902,4.728848906505916,903,5.685825615002313,903,4.974263413793406,903,8.884807459488842,903,4.5194997291671575,903,5.399526574687442,902,5.332443674050307,902,8.79631859372827,902,6.963774001841782,903,7.250707653033952,902,7.577265323671896,901,12.353213547637134,902,1.6492621544241326,903,1.6296305187452413,1877,1.5352470951754205,470,2.2746389022733426,903
inject,774,0.19288255036373547,1303.9855716629354,31.377135045420975,385,3.018757491665461,1087,3.3889721735955645,779,3.4730712765483114,1488,2.555966012049954,1441,2.6812234363475187,1550,2.7542241286779796,386,2.903260081506719,1543,2.877125402630954,2048,3.744858508149587,129,4.01066083040032,2295,3.9094314973260973,1491,4.722147753812014,1365,4.109317356310162,137,4.647966253481662,1978,6.146959093260281,1492,4.6145468184626806,1477,14.921085016910638,1549,8.880120319852502,1050,9.495084237065276,1068,8.389306895238201,1549
inject,372,0.02898083947080443,546.93842633332,43.88484346643999,542,3.4519187945769274,588,3.4228153960161243,713,3.886366033101651,2354,4.745977396627617,2354,4.077436308109273,955,4.169436915526526,1549,4.285386691572497,1993,5.333057870472148,2353,4.809646424597849,273,5.040653637170819,6,5.176996166146327,1056,5.802785607156642,2354,4.689044095603879,324,4.375353442438066,1549,5.297804928147947,1993,5.265668111502054,2354,1.2707519215789882,273,1.3728574768757609,6,1.2233591043554943,2301,1.1282106020685776,2355
inject,8,0.10132238830251339,1421.8320081775396,44.73183239836355,2003,2.6971441048044698,1012,3.355952700611337,2192,3.7870760073963643,809,3.820129262136089,2029,3.5487420473920888,1014,3.6694090408131608,2193,4.302457174376888,810,4.041174370452348,2028,3.4922078660676625,1571,4.7805108359037405,1485,4.92346632573158,1409,4.447452123725471,2027,4.223902695886946,851,4.682557139512042,41,5.298798919758279,806,4.355875558374806,2027,1.1902237529151114,678,1.5957883233529608,923,1.336390167318206,1409,1.10934435001737,1309
inject,513,0.18062112195416702,1681.0130362760308,36.771046455786475,981,2.9792888287409482,236,3.388605107969932,1444,4.2245359726005605,1112,3.533008817283006,511,3.5225936059659437,510,3.2365748032044572,936,3.948168796847474,1111,4.102947753421742,510,4.070220974555485,114,4.196873038518341,935,4.369699215922366,227,5.169407812809883,510,4.471006249355362,113,5.951340538602632,460,4.9474241840452375,226,4.3081924396039515,511,3.633800166882377,1868,4.318743733088835,363,1.8416006073568827,931,3.06942582503234,363
inject,808,0.35031170996694094,1901.5593889437196,39.37069881209984,2024,3.6410501239395296,859,2.9086160152283664,621,2.886386182357392,2348,3.8329973502448325,2023,3.4743544136604756,2025,2.8740802194155295,2077,3.4989196523325465,2348,5.164873067287377,2024,4.247671660856149,859,3.5534418585493013,1478,3.2051822434580743,339,4.258169712076247,181,5.307188686791127,859,4.316248898616308,187,4.157209410508683,1966,3.7145452814214046,1369,1.6914739999729842,122,1.8965476921569726,620,1.6004110903324376,1764,1.2692151796902855,2024
inject,158,0.253601297124738,1164.2266598580184,35.20262969094838,424,4.44184463710565,1235,2.904284061229947,793,3.275292545810654,250,3.148710747073161,2314,4.168130309432742,1235,3.2954030216245167,1411,3.435442859194491,1045,3.282404416138904,1412,4.646992696499396,1235,3.9079942716985965,1409,3.839553655556246,1044,4.396418314212714,1409,5.3016121377676235,1235,3.5229710678038733,1409,4.328238109510415,1044,4.345078775914084,136,9.184494416412488,392,3.550564485915728,379,20.684960748786388,2162,12.002688898292577,2162
inject,697,0.035873231031998354,565.3567173397466,41.87475772237741,259,3.2311871042429927,648,3.0196645520736234,1028,3.3204104005626185,1770,3.787924068992542,1029,3.258943425519934,1869,3.070985218992962,683,3.5177271366411196,1773,3.5283970486684137,1865,3.289449071347742,1868,3.243310436617475,953,3.613231107648729,1770,4.5476941902326695,2085,3.779297147497984,647,4.443906323909218,1029,4.6419335839247395,1768,3.959523536526541,965,1.0632217539694806,303,1.0895676726662034,58,1.1633249131961838,137,0.9746213943077616,1866
inject,1270,0.14450747625941995,1610.9630231565568,41.94763089505578,2046,3.4505403218726247,1918,3.1853516766637022,54,2.711111198827641,1351,2.8546467446971566,287,2.7425006268096883,563,3.109221016974299,89,2.8528787155402604,155,2.9457624480481903,370,3.724643595257216,1918,3.7616865342088817,118,3.7413620542729666,369,4.287266695521499,91,4.017235939426877,1918,4.299984349042887,118,3.6484996043264113,1970,4.189853331290715,1352,2.9519277860027415,2258,1.8490068116080145,2336,2.924634569521173,2250,1.9738249539955257,2258
inject,514,0.6846513791031948,1596.6283335263029,34.56120437268432,382,3.893089212994329,383,4.045313339069723,381,4.216697866571173,383,6.964612404211569,382,5.652364359270614,383,5.01190353154786,383,5.491631047356841,383,9.327612600955907,383,4.828518510986726,383,5.009890215184969,383,4.787931858945836,382,8.323870672827999,383,6.486886738622413,383,6.492861416897917,383,6.08640201824708,382,11.001802081609789,383,1.6754140412042073,382,1.3349047764720874,382,1.3881895172602874,382,2.5394799712084484,382
inject,164,0.3764231216342413,1722.6170650443853,35.09651046824419,1591,3.577589668434993,2334,3.392565480944284,1164,3.446640352697654,145,2.644830448310809,1411,3.4574968191213955,2332,3.403030719435089,1165,3.5511408953152506,144,3.4340400082598266,1591,3.6726392930199774,2334,3.847749099822383,1164,3.9422655590235327,682,4.53580857738624,665,4.203810984925652,1806,5.440993150525952,1176,5.791707865677033,132,3.839917819105031,132,6.395470905198963,2012,6.895117557603947,324,31.529582570164038,2390,18.326018243899913,2390
inject,48,0.041460959473574865,444.54075327979575,31.427358683112775,277,3.418140669476961,652,3.1005996050420985,940,3.5269882233985266,150,3.2785414775663,653,3.6964589238032795,652,3.470418445473696,940,4.077924486853426,149,3.7067910754699307,780,3.5397681684279463,652,4.46272887331148,1243,3.8825829675799355,1836,5.277241190490183,1248,3.9621882294878312,648,3.844791206313952,1246,4.322237460974973,611,4.382284777167199,1244,3.6977363649629416,649,6.867909439053426,1238,8.373872491014618,1231,4.618973255195505,1231
inject,668,0.14863244799086062,723.2833036333989,36.21531324126074,343,4.151313742029009,140,2.9602609641223565,1075,3.5467337139143242,646,3.269720887656912,139,3.598408211395472,139,3.2695058972070576,169,2.851073575036429,1231,3.158263981071973,139,4.340585426339515,139,3.98040988237757,268,4.004349831013358,682,4.300849944049152,1718,5.112339774516841,139,4.5104091171779395,1761,4.483244656968926,646,3.526621751257597,737,1.024038040712123,2125,1.1274037925356282,36,1.1652044943470241,682,0.861193211286355,2179
inject,241,0.15644582443285782,1301.8901213820832,37.384419606469216,878,3.5664046904777207,2267,3.0104104648310672,1405,3.861633728020852,387,3.3245349064362153,947,3.413350536090348,2266,3.793972118747016,2223,3.939851400716879,386,4.04343563474863,1404,3.9628185855929403,2267,3.752307445215068,1335,3.861633728020852,387,4.43139218805243,1270,5.6647758680266715,2266,3.9316695137328947,632,4.3661344831514315,2188,4.0963770233279915,2266,1.3748358773128317,776,1.8306153518811774,686,1.7375888044932792,920,1.2729792425128428,1405
inject,562,0.11592488113052124,1063.5011029718316,32.95943799954158,1201,3.020610608913078,1337,2.9435659715402895,1890,3.599561648266006,1131,3.945433886355079,1202,2.989183967965098,1750,3.1110276290401213,1889,3.0755845665709622,1203,4.525662297714335,1203,3.9412733754301787,798,3.786309478727632,565,3.66554395717224,1131,4.742878218567216,798,4.826088513726516,1764,3.8086297066828436,192,4.416004021932511,1131,4.1392069011908,1764,1.2240004956963666,798,0.7686333254759564,470,0.8039482116018186,2113,1.2395340724612152,798
inject,630,0.05016519718390233,765.5161365530126,43.65175393199833,1506,3.0199207193097997,1789,3.7378943178174193,1164,2.983865617696989,1842,3.326897595616997,1842,3.2389716717878754,1598,3.5338149946950264,1165,3.4963245729383585,355,3.417401904319489,478,3.4917968399112507,1381,3.8058857883895016,1164,3.4477080560710625,2025,4.276148313248929,1789,3.9539755466981386,990,3.932739821076672,1164,4.160786289653605,1567,3.8762190617903944,1790,1.223281413709825,959,1.008433009815352,1228,0.9201799180183916,332,0.9171254889368124,475
inject,969,0.032556102968159806,1804.6840399473624,42.482859188006884,2091,3.6083894700843464,1719,2.950868611476494,1520,3.4176161433729035,1255,3.1169482308603977,128,2.9656952087431803,930,3.1854272381206754,376,3.3849920866939365,2011,3.186873154593583,2015,4.536360987891016,1958,3.5061168787822337,1335,3.555706186098859,2010,4.633673474491992,1387,3.878936452045538,1843,4.212218820161532,1749,4.998285461151908,2009,3.6609361899099637,1553,1.1308288695239592,1958,1.2346298691713795,375,1.2216688375296842,126,0.9742016805729294,1522
inject,1266,0.1143902334005179,1759.386777278479,32.925050234051795,1566,3.0896400661645513,659,3.810520978849169,1599,2.7151807994753567,275,3.307104368894796,1035,3.0432791913782844,179,3.0064598854577,2343,3.1121462722699684,1033,3.144302118983319,178,3.480965523423718,1225,3.9101414773036027,1599,3.5242092911223164,1900,4.735836859938813,1035,4.10571577335054,1317,5.350422847152586,1600,4.23266317721218,1389,4.063342926172361,1868,1.2474733584925468,641,1.1486938788379728,1597,0.9967494909968936,758,1.0506887437306796,1698
inject,868,0.234594595060025,540.0816882063159,44.8456400323082,1597,3.2055069509699585,625,3.377525043811521,1854,2.933987801895982,539,3.5122283253834214,1595,3.6156357170269278,625,3.699923627500118,1854,3.2240194455818405,1027,3.1853150003357755,2273,3.755413816209318,1122,3.4996437094917625,1854,3.853336838106967,1027,4.39847656792662,1427,4.073037752174129,1993,4.480774762242989,1855,3.711650559905729,1019,3.9632259966821617,1993,1.539217218462576,435,1.3158105438067573,1077,1.389102824176686,353,0.9702429408933084,210
inject,370,0.16336711399309967,798.2473369927898,42.325530103190495,1228,3.963615662135359,535,3.9865364097129765,1204,3.488236061147251,477,4.223023673842112,647,4.088555201494399,535,4.048721707990189,1204,4.038137393073964,477,3.9559077485125993,1231,4.366320006221438,2292,4.013655541836928,1205,4.4630635072983,1715,5.812368047055148,536,4.611213524142302,2292,4.987348707865569,1205,4.754954693944475,1983,3.945911800292175,536,1.602577901323737,2292,0.978505527683852,2170,1.644660054613163,2231,1.3368271631320674,2292
inject,587,0.08285222381858648,1990.6269153766796,33.93278480753997,1370,2.757248163347677,396,3.6289727236575886,475,3.171426127561324,127,2.4863705092052433,394,3.016302532690538,1534,3.6477420767348967,477,3.0473065181262258,129,2.7900507827693435,2120,4.069405157144831,1638,4.163824074210052,215,4.057993345518934,1215,4.964312657347669,733,3.6835304508650744,1010,4.942376028167909,476,4.149641747835536,343,5.040598663986478,1215,1.4063947216021824,719,1.3387276938626118,1496,1.3268493838909547,1508,1.3204735286658689,879
inject,600,0.23586311570115237,511.07740635868777,30.852871571637657,2019,2.943879911258829,197,2.918494788716869,1123,2.5643330895986614,1307,3.33743442387184,1307,3.0052151618556353,503,3.2582569291251535,1123,3.2610900730399597,1058,3.4892301934527237,1309,3.411081700014237,2035,3.5472209937884203,2092,3.325935913150935,1226,4.389228051333942,2020,4.667283363701317,2040,4.046556472253035,319,3.705962689888981,1049,4.659868352249971,1040,1.367757254616132,1833,1.83626993198088,2092,1.343510892830727,1078,1.0942976385007197,1078
inject,969,0.06027668294785038,746.0042024601371,36.24176243031557,300,3.47753257429939,682,3.0326882983153527,788,2.9849310808588085,412,2.7464049811295212,2215,3.372256277000527,1607,3.4636813203129746,1325,3.31778399081336,411,2.8049430843867267,1211,3.7693191432056943,682,3.5598910807812407,631,3.669995254533317,410,4.094262824944809,2136,5.334902456342758,682,4.8876019092884535,1472,4.480474320799682,2088,4.45476263172833,2135,1.3095186094644162,1606,1.3640040017440576,787,1.2390225192450874,410,0.8528081464482108,410
inject,1075,0.2155131380923342,1163.0310296674538,44.94915836352261,2122,2.835719121175839,1177,3.3516486351653456,146,3.027572250033921,673,3.4197074856690777,427,2.8329784410308623,1561,2.970483060671054,149,2.988142051525384,673,2.646448155688494,1734,3.879019786677734,254,3.774437561095675,596,3.8488260615424683,19,4.50938948553226,595,3.8340541819886966,291,5.059954497734144,2143,4.315852891885719,2098,4.15967577791544,1187,2.291206926269245,400,2.1160876174666563,78,2.3845035296712576,508,2.153579078990636,349
inject,1188,0.16152353247360962,625.584248412832,43.275359629278825,425,4.891407851142444,208,2.8786383516074436,1739,4.137251008245386,211,4.382013854136386,210,4.558044224432737,208,3.7049835327058593,116,4.382718013979106,210,5.060800460768886,213,5.780976667509833,208,4.434173500179046,15,5.080725284819745,210,6.886252106090253,214,6.267573997278868,209,4.314547451496609,1273,5.280755019612176,208,7.81014820101252,211,1.0186969501978822,2295,0.9355859165027324,99,1.1706471085868642,2284,0.966228864446363,214
inject,376,0.34709985825539036,1150.6669150186553,32.89569138669218,1378,4.302435602389234,992,3.8881229894786014,188,3.4574086589580593,2006,3.4473520055609352,991,3.9055479418818053,991,3.852556489067657,187,3.073232973006361,356,3.711623356463191,991,4.565738259751319,992,4.044989827995995,189,3.4574086589580593,2006,4.337903681470285,989,6.34866312268213,993,5.189491813324811,190,4.445858750298926,2005,3.8233345072680023,780,10.0054715204993,2162,23.118934240941705,1671,12.764753025015766,966,13.364528156857835,1671
inject,217,0.17813285418672087,1906.0871711776429,43.8598439882208,1664,3.364405985512616,495,2.9840756902441083,1957,3.8263534196738354,729,3.66827037777684,729,2.753281829953489,497,2.8194677605933713,946,2.6734248908141707,727,3.2879896869155543,731,3.364405985512616,495,3.55146016566601,2390,3.8263534196738354,729,4.357518904047557,887,5.510350802500857,511,3.9458564768867115,1945,4.962522162112744,2281,4.906237835389832,1689,0.7329822880136141,1211,0.842867737681835,1120,0.7040967262219603,393,0.8262438330845118,1882
inject,145,0.005016680189198097,1333.776644903248,36.166239138289576,305,3.3439328628013727,308,3.32187923086131,814,3.319943706714394,2145,3.3528464372332327,1385,4.185788760763916,723,4.079900599889769,1384,3.5517481569720193,1027,3.636385453772668,1875,3.427779609188024,308,4.157289458557069,892,3.3675761307711145,2145,4.752993335423589,890,4.11148095158949,727,4.437264560130429,1383,3.6863249310013964,1709,4.405033866813343,1371,0.7691699928928143,723,0.7069938785280595,420,0.6378002897414122,374,0.7211069990013753,174
inject,992,0.04491523886879234,606.4237697724358,42.32413465968247,1557,3.0019303942383915,1184,3.339734778550539,557,2.9814692681289876,2103,3.135324361316307,1313,2.8895594181396413,1398,3.1773065002503023,558,2.809084167687669,2360,3.1880116647739123,1621,3.5400545187146943,1736,3.873731319013653,2115,3.772791240738945,2105,4.901219243474278,1862,4.205983708967258,839,4.254733391781201,370,4.6811865485182835,2107,3.647474924929643,2108,1.4805759145727702,2383,1.907285167006828,2115,1.2104959719969397,2297,1.5621844628260475,2115
inject,258,0.03644308979831212,638.8045059619234,40.657188011282,334,3.4635296902334463,1884,3.6690406249903527,968,3.3019714659403325,926,3.0136819353278113,1653,3.7254225795532863,1923,4.512368123061239,969,3.1795337638668753,925,3.4874486421291393,1655,4.245861954946985,1938,4.153125399960438,969,4.875580965917674,421,4.466445089991857,2394,4.580475021015801,1884,4.495169476990229,967,4.115945607466304,412,3.877001895289017,1920,0.6539033706636048,1795,0.6255695546090004,616,0.673629572313896,1626,0.6042711620328253,1795
inject,870,0.19214908878770875,1371.2107256002578,40.98985838286136,1387,2.8964780748473062,733,3.199797322748413,590,3.4653750611583267,349,3.64992035331053,734,3.552963001324215,1194,3.3067390312037994,55,3.6505156652813695,1174,4.151180625113862,734,3.366683416799159,1296,4.125707932096772,1862,3.7332986624477944,348,5.092464268615707,734,3.755314809457777,993,4.393540289426164,589,4.647449159870323,349,4.095945761541961,735,2.4118183351443743,2388,2.0955182513695254,1862,3.7446594217641804,2395,1.9844909284067624,2388
inject,463,0.23068648059930685,1900.0613504999853,40.957572717472715,1031,3.0992245541051435,616,3.260748807418901,1510,3.155376110481269,24,3.5234271704203195,615,2.723127177091509,615,2.7675323467295154,1047,2.668949957229162,2061,3.3170568234297764,1611,3.5556257945303633,1788,3.6394339475732496,1509,3.2295278103259055,24,4.750840754010429,96,4.6325784210206455,1086,4.758277995722115,2288,5.580864177935875,11,3.7015813076534756,14,34.6471870841762,1705,119.61105460959885,677,53.38514709110776,1847,67.8547626319146,677
inject,616,0.13343954549449832,1359.5784527456854,41.14541367250663,2098,3.1675241601358683,1587,3.712788173319425,974,2.8708878112649407,991,3.007637412876759,1720,3.009344631287665,329,3.7427620595841296,972,3.425589340955542,1195,3.6003990243967072,1648,3.4428031172433653,409,4.1221804620555185,971,3.4754399257238013,860,4.208782048630839,1648,4.6544888187560245,1354,4.695576838810922,28,4.326763179933925,860,4.276314200639382,28,56.35815619650116,1119,21.59482460231273,657,86.74011523331642,870,50.073137115775666,870
inject,559,0.1461837438526007,1076.3107055548237,40.880730561938016,712,2.596345491835193,927,2.897225913646321,1098,3.421925108820583,357,2.7269283600128142,1647,3.0147680120247573,714,3.082250674453748,1908,3.701079389420218,357,3.504098643065891,1649,3.477065497496781,433,3.4629922221133076,1097,3.7583635116748058,356,4.583900553649974,575,4.615760344437829,1483,4.341662216627697,1099,4.0097698903614365,356,3.9413227747003643,1399,0.5016141790531337,1600,0.5996847774060926,597,0.6625041827055229,644,0.549360183476582,597
inject,176,0.2500096533550177,1662.4467073637552,38.4524752282462,642,3.5345423437766725,1656,3.3290750310775645,2063,3.3926372345498454,692,4.155436190504868,640,3.5736137288851313,1657,3.367318340672157,1817,3.2268768650693205,1738,3.801420938472381,642,4.2286021724965455,1657,3.625673097021019,1292,3.9327022992899834,1737,4.458440897477368,641,4.828447169526675,1657,4.842418026644959,1137,4.6654705377801085,1850,4.554909547058062,1848,1.2003885665459906,2181,1.6994543484392726,1175,1.137949249006998,1374,1.0540305859314791,1756
inject,616,0.17155775517465377,448.3726057496355,44.118515736094764,2067,3.3001232718313216,868,3.426093588479472,288,3.1270455945787448,513,3.753136077618088,1338,3.3713173451879626,2173,3.104003760045798,287,3.271668430618222,406,3.415104387740422,1337,3.4188690704016453,1094,3.7170967338596927,288,3.497605571624827,2178,4.590036927396541,1339,4.590294453726748,858,4.2640983290243035,496,4.683301944848348,413,4.392877064728576,855,47.99241650829341,1256,31.071923545014585,1812,93.73390816412233,291,59.9267760996928,291
inject,1245,0.823800522450384,1985.5906521974962,30.919867430766896,671,6.257630748834108,673,4.60209023353051,673,5.1106492888150195,671,9.152485629259338,672,6.227638854897269,672,5.584176310192815,673,6.3252629510487415,672,10.44471574706479,672,6.257630748834108,673,4.622403612411681,674,5.514926144078404,672,9.402409324730474,672,8.542495262585396,673,5.774301715416942,672,7.922001520232534,672,12.603935216492093,672,2.1402086952187593,671,2.5571228572232054,673,2.444818641679845,672,3.7533509957265516,672
inject,854,0.3028113077499358,1278.3202955993845,30.724431565166874,276,2.547924373554807,1149,3.093821528714619,2206,2.8603025122799997,761,3.912200708956329,276,2.9900404479120284,1486,2.672335007616199,1525,3.525539318619039,762,3.3088674117458456,1047,3.5097999688589163,69,3.595398748406814,2190,3.7476892685795407,1364,4.214869027199638,278,4.281257901698693,1149,4.540154472282214,2196,4.3446814407549414,1051,3.78989898432002,278,1.464207571945064,724,1.332577338088612,800,1.1627715533062908,974,1.2633875512870885,724
inject,176,0.1196761038968065,1367.5002408907208,38.504707782001375,401,3.341884925636737,1197,2.97234611755414,939,2.640870292753881,2074,3.0392782771118134,567,3.512159321367888,250,2.9789678741620387,1031,2.9597451336167238,1244,3.6849806553489084,250,3.7023571643338182,1197,3.7345726663894867,377,3.2072708171168816,2363,4.406492262434036,250,4.230410813007467,1624,4.539503877983104,1312,4.641152368524901,2088,3.6636672926043916,232,1.2053472175964721,234,1.8015219020562427,1933,2.6244983363733025,2363,1.529954263061433,2363
inject,54,0.47218157341824274,805.493560986517,44.29615446714,1604,3.0399181071938406,2178,3.7854104050565023,64,3.604407373182906,1354,4.120775201002012,1605,3.1465157302284785,1605,3.188958898035415,64,3.4076114030234805,1357,4.626807807253749,1605,3.63945312029136,1969,4.053205250453409,64,4.328283342263706,1542,5.912137636627706,1605,4.5459176798420895,1601,4.423183782204865,53,4.66058014430064,1543,5.030683814723123,1604,1.5562740019919392,1949,1.6946786818005977,61,6.598342177257057,2021,4.557180572928253,2021
inject,161,0.11380657331895006,994.9865724816312,33.9571917541286,1395,3.1016361265120933,716,3.4089239804117124,16,3.8038562029847847,1441,3.7327220058064996,1912,4.007772323763315,717,3.2574485469453585,1644,3.7234247086619154,1913,3.8804210063010447,1913,4.283782561653276,1081,4.397309510506371,416,4.393431075923438,746,4.3024654868553664,965,4.054851206567091,2100,4.216943388689863,1178,5.952616965000958,1454,4.277676809028462,1455,1.498612688252779,1081,1.4125591565839692,646,1.5988600465344571,746,1.0034621077136694,965
inject,790,0.2700845403147685,1397.465586337474,39.139339449381175,1152,3.106765640950635,2281,3.2166484486007976,527,3.150069633703847,314,2.8214070022499445,486,3.2327679963233344,2282,3.621177927286172,526,3.9477382109604493,316,3.2534126410233744,1833,4.084027747684237,1876,4.1934341242231445,1151,3.837576311734943,2,5.0130502637577505,1151,4.560345559104098,2282,5.761015762213387,1155,4.317271114669546,3,4.875117237584185,1151,0.7824348477016623,653,0.794588020495552,1676,0.8364515618739167,583,0.6192805753496666,359
inject,700,0.7055863903547617,1901.905515509528,35.735427839440455,414,3.768138622137453,414,3.673506490928176,412,3.5990362092120463,540,5.852265204164143,414,3.449993246793792,415,3.862484076736908,413,3.1384595966900095,415,5.775896872192809,415,4.0332093552910235,414,3.673506490928176,412,3.5990362092120463,540,6.005303863304649,414,6.0815595878128965,414,5.8492331735880185,414,4.048020274478076,662,8.175288584253812,414,3.5008230891781427,1692,4.141232673108602,655,34.58785386101131,309,19.937639308100056,309
inject,1098,0.6470645055001936,1405.0036054626178,35.88962341386551,259,3.8263876702519632,256,2.9940547691630215,1183,3.1841013387772157,397,4.3303214747359,258,3.6804613209030594,257,3.24656981299143,1549,3.4061964127957194,2049,4.190895588783349,260,3.8263876702519632,256,3.419158409920476,195,3.8694664000372385,1878,4.5906763491507565,2135,4.284581304756024,255,4.148187019609781,1289,4.037724083493885,2050,3.9978617834375543,258,173.1127714033133,699,5.6705604222591965,138,27.95231518761917,31,99.8805286907552,699
inject,380,0.3072018733812586,1242.8263382626487,34.44059900686126,1174,4.241636403990384,1174,3.8066635615687034,1174,5.683769319374657,1174,7.928213898187089,1174,4.636169280546537,1174,4.481486303285383,1386,5.789738276443539,1175,8.33146529819596,1174,5.155562965641671,1966,4.2754651955841245,1386,5.72393427742992,1174,8.220131154914561,1174,5.56634452659612,1173,5.078823945581383,1173,7.867699403713998,1174,10.50159747674667,1173,0.6480420771851597,1966,0.5533987647585475,2196,0.6702681265861783,2379,0.786602623599445,1173
inject,925,0.0448662632126432,675.625879664238,43.599605455007094,546,2.7211369980140128,1880,2.707109785416431,787,2.9745750967992146,966,3.2912425174567463,934,3.04281822412136,1039,3.0081795556719615,515,3.125839336826387,352,3.435690346783519,934,3.787239348742936,1980,3.5762232835285026,324,3.6501908044674316,1044,4.62455260211868,935,4.748471115774,421,4.027489704109185,392,3.975927411371234,951,3.9616378582909593,392,1.8686845011699218,1980,1.8846113744076116,324,1.868245164621141,1044,2.0815606568287692,935
inject,1168,0.1909852849428917,854.2185372799785,35.27068557324642,1805,2.9603329573546593,1653,3.294867083924546,1897,3.1461309496582928,2052,3.206778540614927,591,3.88546246163031,1573,4.210357181116139,97,3.9070899497547193,235,3.093920599799262,1267,4.062690264096837,1530,3.468911055816382,1293,3.7212023185310805,235,4.754823979365819,1315,5.005732313050883,720,4.783900256736646,1897,4.784425314293661,2038,3.5722142712860907,1336,0.9381407687222532,894,0.838655961414652,258,0.7356019355906498,2029,0.7419397396123073,94
inject,1021,0.4954171233050465,1252.564013773374,34.51226160677311,557,3.1610851738973667,1375,2.453249514191064,2035,2.859238088333899,1122,3.0738886419824896,74,3.0198254938778213,510,2.764540591587731,1216,3.3816536131901613,373,3.2524728196496375,588,3.370762708791612,1375,3.2227752253866964,1967,3.1666371169511933,2233,4.260851487871706,2265,3.3906816655564658,1375,3.9990692934293364,1680,3.6899756942560193,821,3.237733840211507,2271,26.669971702909496,573,100.60722846207804,2343,19.46599143261769,512,57.81479609554529,2343
inject,1162,0.6869322601319305,1896.42788501764,32.98458961434085,1853,6.671465112167837,1852,6.179010751150565,1853,7.148806458602687,1853,11.507709622650758,1853,8.386042965658222,1853,7.719108983263858,1853,7.930335411716277,1853,13.876895097768404,1853,7.418107789053181,1853,6.565532687853151,1853,7.476497975260804,1853,12.390016712205336,1853,10.82840740313242,1853,8.893577131381942,1853,10.477921064764693,1853,17.43592362724505,1853,1.8352869690798026,1853,1.4068576637532155,1853,1.2381535806210147,1852,2.579613011736667,1853
inject,755,0.6533306287922851,1610.0477078965107,31.54164607626342,719,3.9773385940570334,718,4.99477008852412,718,5.0743458451465875,719,7.985177988891567,719,5.424812899623517,719,6.5997361972271875,719,5.814136407737415,720,10.278283232483965,719,4.867815368697089,719,5.685790206050562,719,5.4684897290528145,719,9.250361036631038,719,5.624649142068908,719,7.965892141494148,719,8.015392256930784,720,12.453802568795082,719,1.318571240248091,720,2.586735956501817,719,1.5770735100047537,720,2.9207709303151663,719
inject,538,0.11185272075615227,1585.792074786607,35.44107665483701,1756,3.760096805971809,605,3.8155154608911612,341,3.549750556232816,906,3.0532698321127576,1818,3.681047375337795,605,3.333355237185197,1464,3.4243284652403068,1965,2.949600377695863,2241,3.760096805971809,605,3.8590756432107947,341,3.8331992222407427,906,3.969784112692403,1554,4.1910080754482975,603,4.817135942552693,342,4.6464850628699335,908,3.7410532472789604,1383,24.295497337854446,633,12.83261298097128,726,31.715241069865183,1553,18.979627952531366,633
inject,341,0.030900436914295115,573.2977257779494,43.02648105852723,361,3.8103648057220667,1105,2.792688159188974,2231,3.3231800459245897,1012,2.727810267066672,403,3.7887829527493198,1104,2.8629441930881567,2233,3.8322611157515727,1890,3.3386844053917666,2177,4.282299027959714,1106,4.0115397956860255,1522,3.478360321771871,403,4.44980005767775,2176,5.769238303107407,1106,6.338136620877832,1517,5.422152175200724,1962,5.1514662563970655,1518,24.91359804882036,627,11.298082778279754,533,4.4702836474028596,867,14.448216567172205,627
inject,1188,0.011428749604833977,1860.7224693301787,42.16675328878808,412,4.7149896998288865,1028,4.195717967104624,475,4.601923195853691,973,4.245745639291462,164,5.389699523850096,1029,4.949647357764134,163,4.738017710408827,974,5.006298653212989,163,4.729530626375598,1028,4.404384136868672,439,4.713503238551857,974,5.427685214380721,1756,5.944494409342684,1027,4.962803086439453,163,5.088062476261246,973,5.718580278072202,163,0.977138159694572,1865,1.147098397401993,803,0.9714826794212429,1756,0.9283852826349259,1756
inject,771,0.024572197926799877,433.75364307217654,38.345991427616994,383,3.426920559978834,876,3.885821705544599,2035,3.575769458856044,465,3.138962978905861,1958,3.28136116414807,874,3.3630549078935768,2037,3.092394560883349,465,2.8801389412204896,463,3.597766999828417,1361,3.885821705544599,2035,3.8600522683404743,466,4.663918587818864,1352,4.569003614216747,1374,4.8797516381927615,2035,5.011616095325096,468,3.587188505024165,2034,30.25228854262291,1599,62.76702240264734,664,33.19325004579915,1014,35.64869588017473,664
inject,861,0.055060506799384124,450.4023613179499,31.309298208107805,476,2.908485247833022,730,2.9264545532268715,1771,3.1196513091586535,401,2.9701826478597355,556,3.110131793188564,558,2.9746458770379305,1770,3.1005280287069947,403,3.1718587077740423,674,3.8745482314862274,1546,3.6632521542376595,292,3.5287842286540316,1514,4.320476319998532,113,3.694439249299325,1546,4.039052878061688,2068,4.395531801414067,639,3.2646328261595925,2068,19.424768149697385,49,25.428445940941153,56,21.844460222274385,2067,14.923487083416893,56
inject,1237,0.4391228263497583,1314.2978694384224,33.27607907971237,1282,2.9112562630641063,1527,2.864601296107905,131,3.1679992890592903,228,2.988030397442128,1281,3.4294625522218447,2341,4.174933866229325,131,3.891779704186986,228,3.720790840462737,131,3.8185323967859106,357,3.775774152175166,1501,3.951286239733563,258,5.208182101640011,131,3.7900434660121944,1463,3.859392143628915,131,4.145933539003274,228,5.408591489659434,130,3.0146339947171006,1293,2.054733780452604,1448,6.4739959234129545,2395,3.5809393529807294,2395
inject,1072,0.3399885442073399,719.9472093677733,41.139416614091495,1181,3.2452569132214752,909,2.976926760947539,1446,3.669738030058811,1450,3.8759091364633473,1448,3.593600163657269,651,3.3816923012875857,1898,3.5126395052068813,1449,3.9156300493895393,1182,4.746188443168523,741,4.669923488707959,1160,4.487495576901602,2157,4.912355507033639,1181,5.013636416112805,912,5.586587507305956,1431,4.435317695344649,1450,4.08648964287775,1433,1.0370048445078939,651,0.9998678908238838,227,0.9684900931529443,1223,0.8692696235894029,2074
inject,1284,0.49969757139087345,724.8494408413953,31.70557371638965,1194,3.000234447852165,831,3.406751964703723,2317,3.1950716274070023,1525,3.540540959988301,832,2.869744891389055,1576,3.3039478941265377,619,3.1519886882104196,626,3.336619336249065,834,3.7311360305027006,990,3.450222557988867,2317,3.6752120679328946,1525,4.0713064236788785,2367,4.340457125374724,989,4.684462488860097,68,3.753813371305308,204,3.6644784700092057,790,53.52864120500637,486,25.273400675639376,1791,15.194895116051562,2159,31.45725044722282,486
inject,974,0.10216502463261201,406.495651768579,31.922345196323338,1735,3.179371670179376,1277,3.817446881036528,2074,3.5594487980792726,214,3.106565231753895,242,4.793551217578083,768,3.541826621663062,44,4.623349830223283,2234,3.331606392458943,887,4.719524709534327,767,4.0647488042317965,2075,4.414821216393997,2233,4.498747763241954,2076,5.294230063540233,767,4.485716616207364,2073,4.362912996522642,2234,3.7153103477348495,768,0.7210873640511553,767,0.7859923225516303,2186,0.8007970172036799,1120,0.7090298626922114,889
inject,1055,0.30253367958708877,1191.2097345876887,40.68339089496573,1300,3.5557908738806727,2288,3.6024267637819327,190,2.879985889493739,1355,3.2862749457670875,1300,4.110082924192339,2287,3.669523934131504,190,3.6867579128990267,1355,3.5631840928083753,1300,3.6205809042895063,2288,3.7041773158566973,1681,3.5536330800101354,1140,4.472898339946086,2288,5.425427471503167,1705,4.167990263445423,1348,4.169432886823781,445,4.487763804417516,2287,1.487232541535876,2288,1.6913325276608577,2335,1.792594773848621,2374,1.4264499117218143,2264
inject,914,0.20924614711124423,1063.779401911511,36.57395404961343,1227,3.0915323031692195,2078,3.9086313134073443,871,2.965081576232608,703,3.5376722965756513,1494,3.42478984292071,2078,3.4837379936499144,55,3.001306214966452,143,3.5960026147212325,1493,3.4608138437611884,1078,3.9086313134073443,871,3.836315140656127,1967,4.496345969356422,60,3.834291817337971,791,3.7372812732412464,871,4.024500824593142,2131,3.5566317109657755,2353,1.7621410977241998,1739,1.9198988442241123,401,1.5669722953513037,1023,1.5706244731091963,1739
inject,415,0.3463308028410945,583.9403464495872,31.894512968977715,377,2.9404182963664787,239,4.01326156144608,908,3.629757685602099,783,2.956606165153495,378,2.904095073982082,1507,3.901605476016588,909,3.3899766791443255,783,3.963390231107135,378,3.5570156503337933,617,4.1456710658318485,908,3.699115628013681,783,4.166668771130973,1882,3.714306782506725,1987,4.624614137079026,907,4.83333324118694,1775,3.6273678666070563,904,107.29591313747531,581,10.72750775265711,629,15.856628504007643,1605,61.54922840192506,581
inject,162,0.039876470943623565,367.45134015713927,33.778473323742745,962,3.4858453933176414,74,3.0974000693020343,1054,3.4679879397141584,454,3.3376050342463777,452,3.2237995161385204,73,3.4305160511936363,2091,3.507134932091149,44,3.684450855083952,2091,3.6568579574776523,74,3.6494234577501885,1055,3.734857469841254,42,4.518969692328574,2143,3.8540737809049044,1935,5.9816301784059505,931,5.090781418146539,455,5.284293985395775,931,35.55214760661505,736,12.470898581329436,1784,35.2829273703073,457,21.895156700518243,736
inject,438,0.13947933525582856,1581.905593027185,41.53683018719276,2091,3.635685193154488,2160,2.595029205613938,685,3.362492173802981,462,3.1003817866187715,1646,3.1897050779831324,493,2.6014611013420113,215,2.936088481198376,908,3.136858872317382,1154,3.920373125180599,1105,3.6921882185870585,596,3.756600344142227,838,4.36378747884952,1387,4.313545980506172,489,5.7740613549873485,2310,5.394360536459821,1657,4.097531654912155,949,1.080756106735002,1763,0.9708321587122327,1707,1.1247057000663585,1776,0.8161587270345783,1436
null,931,,,,-1,3.389887828857496,1034,3.589592591349747,1091,3.5380053447070683,2022,3.169162626092411,2161,2.9892831535208635,494,3.3360184031160034,711,3.213696593855305,1151,3.626659277274657,494,4.2969083687633445,1432,4.473933320635912,767,3.603845189662386,2026,4.320996748396293,321,4.167031463791622,436,5.256328819380049,775,5.805070678640945,2033,4.037296452303427,775,34.663934065556006,1792,49.045823009236415,412,47.073685213609636,321,31.661583989967426,321
null,1030,,,,-1,3.305258749942577,256,3.062037018800616,1953,3.0755663290776893,1945,3.2045952594424554,390,3.2393136667585782,1789,3.1902332617016667,492,3.5107586870056258,2398,3.515230799782459,390,3.5267248175633403,256,3.4058362988455886,1482,3.8253540229551595,44,4.568382719892027,388,4.277302450995114,243,3.805423135831215,1268,3.5905908427643967,1944,4.214619578725562,1958,2.9231834480476495,392,10.539933999703369,1644,4.251080936691433,660,6.048680477277209,1644
null,1042,,,,-1,3.3348070402204355,601,3.56011531938727,1050,2.9712077557595267,1364,2.8121441852681923,1304,3.601503193455537,1957,4.128366668602238,1050,2.9426708167102893,1695,2.9828034201110687,1048,3.688350141710477,856,4.3972139938892045,1050,3.472333805398113,506,4.867948670542424,1048,4.8112178145841655,601,4.348202178364264,1050,4.345874962170615,140,4.220369920974961,602,0.7404368118136808,976,0.9158577810251669,946,0.7475313688433392,937,0.6581076519910322,937
null,626,,,,-1,3.44436082830614,155,3.025080842764775,614,3.039245561971017,491,3.177826510723799,683,3.635573621758867,1827,3.7034425114680847,124,2.763978541429831,834,3.7285980717730554,1037,4.4736438273080745,317,4.693589121221152,2364,3.401234735238803,1943,4.359331930553513,2182,5.190924272932404,169,4.383210161087812,2241,6.2463604171645395,1450,4.994579396947677,1450,0.6626634701581001,317,0.6003362739290682,2364,0.5966888602786241,1051,0.588543002988559,1037
null,367,,,,-1,3.2086003052942313,933,3.235273293188943,986,2.9680172806030845,1296,2.8469565307522684,127,3.260220719991636,934,3.365021231467713,985,3.1623076453731715,1223,3.319338090958738,1355,3.339005233499435,2111,3.3855790848594003,1732,3.235709825465238,1092,4.510269898782283,1035,4.529122507930859,1102,4.134519245602992,990,4.66240279861161,1548,3.767813788239449,2120,11.501838158944684,757,14.116178058139583,194,10.725651826801666,666,9.32291873843699,1352
null,935,,,,-1,2.913398209300194,905,2.8510651017835205,1706,2.77999370729404,1892,3.836659181743036,904,2.7911219053418193,2397,3.2858826659824834,1190,3.2840943051871063,1703,3.6876265405186444,189,3.4654057090650574,2009,3.5798284495800545,1368,4.167329677942957,342,4.227013986379616,1367,4.56432807393278,1837,4.025351206243478,418,3.9278085291753633,1892,3.6472854777574324,102,57.207585442674336,318,42.82459023269839,452,26.097266125422216,2000,33.84212722476343,318
null,559,,,,-1,4.0620073385060005,2110,2.826622817616684,1328,2.64565636313966,244,2.6711521463426053,2142,3.3921630135066434,2111,3.1262725680748242,944,2.8628082211997268,1759,3.7273937301845046,1537,4.129806005540072,2110,3.878516997609809,1061,3.648731193901985,620,4.440668138671782,2144,5.8981434180738095,2109,4.139477318777426,1677,4.1005903466769436,1251,4.48193903125263,642,0.6084660477344247,199,0.6255057264099951,610,0.6705414380033295,620,0.5747233261274125,1539
null,946,,,,-1,2.7262905513547606,1281,3.1998532878217114,1368,2.9086984489644183,275,3.5315111515162276,1368,2.6123661114525483,562,2.8862736218356373,677,2.840412128190564,276,3.2703383685330545,2128,3.199418521062642,581,3.358684492264071,937,3.590506502737925,77,4.17269863861309,2348,3.7115863637711075,2347,3.6785949547773105,1370,3.851185784952273,409,4.184554099157375,1460,2.192271777396046,735,1.8176656352496292,33,2.087595095387793,781,1.600780885778345,735
null,869,,,,-1,2.753354064073951,1215,3.3717940250815963,2255,3.052427788740837,2026,2.753684919169179,690,3.157390212633282,2266,3.169918804936137,2023,3.200521074602977,1179,3.463976543796251,2023,3.435831214715367,1760,3.783852076063899,644,3.641913259070479,1098,4.161647282726261,1261,4.1440716081726405,2051,3.9052444747009054,469,3.8153045863223514,353,3.6039680282259923,1429,1.5185527679348052,2385,1.309535521850362,2024,1.3318862029231682,1506,1.2928275563307758,2024
null,900,,,,-1,3.1313680320927624,973,3.0401941690215515,1708,2.858485699769126,1876,3.421434486942212,2131,3.1774194168546055,1044,3.0546695339648746,643,3.402315802612451,2042,3.4331520676928116,44,3.3303555476069997,1044,3.6866114698524863,1708,3.5522760764560406,819,4.97766174252973,2131,4.333925172225892,972,4.774705331525355,2146,5.726531408787917,2113,4.436644178103526,2113,35.267714150170214,449,20.544018738533715,2255,38.29006106372682,132,22.794031768709868,132
null,30,,,,-1,3.0016564235111103,1972,2.7888817856148442,1383,3.0092827564951876,1151,3.1715567528856616,423,3.510158297097255,1937,3.0840213124854126,2196,3.4397676852240138,1150,3.5807666312841295,2104,3.4339295168574693,402,3.5464336173884043,1384,3.790941633165156,1991,4.635960348309263,423,3.9922682949634085,1280,3.8428750161610483,1495,4.020045214449915,1962,3.97462743382345,1938,8.61344188214697,1417,2.4552898576851536,1383,16.532680895578782,1464,9.049829789483727,1464
null,843,,,,-1,2.7911431053082945,563,2.646238514189486,702,2.5847221892114325,711,2.589112138824748,2102,2.955821156834367,2243,3.3965919045241457,380,3.2073686518147615,1871,3.0000639666011355,2102,4.307552888898446,1266,4.100744549789976,140,4.157984696392068,579,4.5044171234748775,579,4.573555461581134,2242,4.395334991799926,1922,4.094006328814695,1566,4.126291837146447,701,0.9509294184850758,1997,0.8545098971492496,140,0.8876302837770864,579,0.8046788044001999,579
null,1245,,,,-1,3.7777482025953515,1169,2.8675170571954496,204,3.405970557361623,1366,3.5297754354489173,1945,4.328307027640483,1534,4.098692075845023,2066,3.8958425674407415,1483,3.1765277685204607,911,4.661649147975388,1534,3.723036300520149,2066,4.0442797144154286,1482,4.590579728406902,1943,5.8621682227521035,1534,4.460119171365702,348,4.148629534424598,2014,4.7694655352126825,1535,1.9143908642509104,632,1.584573496686982,1635,1.6884258854605463,626,1.3620930514179994,1221
null,97,,,,-1,2.819874191610414,463,4.360456500415326,535,2.824418207143245,1745,3.0537783344099454,1497,3.3814978386076016,2161,3.6301162094419848,2290,3.251350412129734,1746,3.699038862643815,2290,3.7011846251720737,465,4.364253737117503,535,3.4326714221465657,131,4.548789214387074,725,4.500239144989975,1352,5.471337475625883,535,3.662305171126419,1255,4.160407448168644,1940,1.9949498989186407,2163,3.0963139880501416,2289,1.6793071048953052,1745,1.845075220142753,2289
null,249,,,,-1,3.35330593287713,986,3.0419392669543543,522,3.1087999510823994,198,2.663419060589055,987,4.142198323926806,985,3.7779907461477866,1043,3.4963293455855387,152,3.1810726965306757,1825,3.5096171931957483,986,3.551698194673201,968,3.401129377865281,2286,4.372953186171393,987,4.7882731412893556,1903,3.7730647177081966,2149,6.81396333500553,184,3.858808874105933,185,1.3777346242561945,983,1.026231403691364,176,1.0260076765186121,384,0.9257143003470742,987
null,554,,,,-1,3.372529956861291,1854,3.15570577016473,63,3.119459213808428,794,3.0397681397207865,350,3.97808677287266,1853,3.192394061089622,672,3.293902471356703,652,3.139225210220419,352,4.026548570881838,213,5.851340946530609,1146,5.795831286461628,2011,4.949623464186876,2011,4.641840713757388,2129,3.6694160638328746,1660,4.688438151852336,1561,4.064290709341727,580,0.8258754358097717,495,2.291847080676324,1146,2.511072019257497,2011,1.7476230685261025,2011
null,893,,,,-1,2.758116375272102,1813,2.8575977070643717,134,2.9175988565520092,1874,2.8905322345557245,2248,3.1879536096718963,1122,2.796889164032846,537,2.770943715099909,586,3.3860276900915562,2248,3.934942563580316,1814,4.124907144497079,767,4.147782914583683,1146,5.125027417016125,271,4.295832467344676,1814,4.049010001328296,774,5.108174690160169,1141,3.0985058123448055,1161,0.9857575029796143,1399,1.3083344053717894,2035,1.2153620304438075,2028,1.0226047522162776,2096
null,157,,,,-1,2.884906888184726,1200,2.9335913018829536,47,4.506646378385112,1773,3.400428697319612,1773,3.611435943525886,1201,3.7504130460010474,814,3.762571818327364,1771,3.284687748430513,45,3.966346856871592,410,3.875399923467674,814,4.821382831117768,1774,5.050366301038804,1378,4.288635965680313,362,3.9452842389159377,814,5.468955865656489,1375,4.873065282044214,1376,1.4266302762304237,1200,1.667421351095495,613,1.387222068503142,454,1.1852629432182076,46
null,97,,,,-1,2.7604261859965105,1774,2.969757231227405,355,3.2733852629878006,1735,3.487953355894714,1447,2.9995824850810844,1449,3.0093411266265995,1354,2.6348338699919935,805,3.7187131382052496,1448,3.5504720993471306,889,3.779412919415752,1898,3.547492434029895,188,4.265573740460524,1515,3.3712037192550057,733,4.058541169528172,2047,4.140722644765786,792,3.9325227204902746,1736,2.5843752474744686,2384,1.6706320462950761,2039,0.9944531078696836,1448,1.6037816808428869,2384
null,1177,,,,-1,2.9150633826257364,2088,2.613781605065655,2313,4.050029175715235,1441,3.5983295472189454,1270,3.0955846875329933,620,3.1432570315664936,2244,2.9038356307192643,550,3.612784986610682,1271,4.163731015257397,1698,4.310003734343995,2251,4.590886495118889,1441,5.365722968981121,2251,4.494790925714866,524,4.35028369641772,2247,5.981502318305098,1442,4.6740131457166365,935,1.4823221074213664,619,1.2567124847747468,2017,1.394472960482419,983,1.2451383837199383,619
null,884,,,,-1,3.071713432975551,1753,3.883990472023794,829,3.42452702679607,1294,3.3867672144295753,205,3.9181271225446603,1753,3.6045140534005324,1607,3.8978652543296213,1296,4.090660746849599,206,3.197232431297891,593,4.580470618736104,474,4.690697818879226,1675,4.874108306829716,1675,4.1169469943016805,2274,4.382734333538881,831,4.990460760012532,1295,4.038881042200395,1606,1.2085417339233402,639,1.1097720103021993,474,1.1657476652525436,1675,0.9464640905379434,587
null,1258,,,,-1,3.0885314297385875,1815,3.355756926693248,1788,3.047082012817018,31,3.674555923672558,30,3.0183626711500655,2372,3.7025714580169646,1052,4.0799024188285085,635,3.299446409333448,659,3.421504924503207,133,3.355756926693248,1788,3.986487808016246,635,4.46792317044208,1476,5.2332890664072425,2131,4.499787198122527,469,4.203636826269829,635,3.9327238338419095,936,2.329443396355984,862,2.8118899712045593,933,2.4201671993535268,830,2.057770636519759,933
null,1245,,,,-1,2.963603089235833,1629,2.9073655757327628,1525,3.408076179338411,1388,2.78624146277417,1008,3.4394020979042295,1768,4.165961761368829,1526,4.01491277328289,1388,3.1788464975208495,1624,3.587963239338364,675,3.6933177631853455,1526,3.947880210113644,1388,4.293688734941521,1006,4.7288498005668655,1766,4.46431791425386,1008,4.530475547843104,1388,5.069029891777471,1392,1.72975361477297,675,1.5487532674808624,575,1.632298352057504,721,1.246785411702815,2048
null,1035,,,,-1,2.8685979258064913,118,2.7979534439897593,507,2.847437936274225,357,3.2598472633389073,191,3.123830445140901,191,3.0433419348580117,1943,3.3621148401842618,1781,3.2252521213369505,191,3.881647815571492,1488,4.392472957022044,1823,3.951263690566083,22,4.317885921587913,1488,3.164738150682263,119,4.1317209825802905,1810,4.463416199633634,1177,3.1821950727596646,192,4.003523080644829,2285,3.1619416379071206,2238,5.806189388320754,2265,3.2894867131314998,2265
null,218,,,,-1,3.7040836304741784,2215,3.3098900149642634,1466,3.0781926524815835,493,3.369724190667406,1704,3.2155270583612428,2292,3.1821580386138377,1469,3.1273033813618123,675,3.5876932947683273,215,4.317525625359561,297,3.7284490798346974,1796,4.54805171574719,1952,4.5229043739384736,805,4.835205760810861,2215,4.052085120899394,1043,4.238436522400431,769,3.661023078209558,1805,1.2191934615936066,1413,1.6097791813207545,2090,1.353389831629944,677,1.1698884022679794,458
null,4,,,,-1,3.2293156350753938,1938,3.3589446874464355,2307,3.814568738168618,1250,3.022676739990404,2219,3.2942356950342875,1850,3.33020134813251,1011,3.5018780959058393,1250,3.1832048798672448,1638,3.5040972044563605,737,3.4574954436757044,2308,4.05102045994307,1250,4.128995144249324,2010,4.7844593597895395,1926,4.357354472237971,1979,4.401186453092244,2220,3.5938613285749463,2090,0.7779767980702534,1427,0.849079403643579,648,1.0287550594725066,2350,0.8264780571639706,2350
null,987,,,,-1,3.55048753372526,1335,3.6456195077130644,488,3.437155910351002,1635,3.4326156067259377,486,3.8343204652267024,1336,3.8561515011564262,2274,4.087553145075158,1636,4.0341769167928145,1664,4.60600329410605,2130,4.6077792673568245,29,3.76237947161318,783,4.710470196556793,1666,3.812767204576988,742,4.553954839301011,2371,4.0258229252190665,121,4.4999276844379805,234,1.360167464740711,2130,1.0449311264365126,29,0.9601033692358991,940,1.0114082927670869,107
null,100,,,,-1,3.3577420878874564,987,2.9170390968249227,126,2.9921081676104797,927,3.410859561051347,1604,3.6350293039319195,1604,2.8620490269560275,474,3.149141026332262,927,3.9585087218690886,1604,4.4074560574636426,2362,3.8259964349621707,998,4.142173686637761,2037,4.365730843371342,1603,4.681037871736935,987,4.739928740655902,115,4.234355459550289,2037,3.7344383660610148,1604,0.9745967702432374,1602,0.6974183367941805,998,0.5457525311114901,1188,0.796713582170099,1602
null,788,,,,-1,2.970077639824955,434,3.868221269739511,142,3.5688618984988665,1132,3.462016853805601,1131,3.123556491266613,124,3.8648995813320832,144,4.056251819267213,771,3.534380155030928,1133,3.3277763829817983,123,3.868221269739511,142,3.974908178314922,443,4.731061921381071,1131,3.851427171510454,422,4.54451591611424,1885,4.311328449073356,1671,3.9958541496236677,422,58.745479594046266,2136,42.266771323821374,1263,17.234606858015965,1594,34.6804569050453,2136
null,807,,,,-1,2.578641961323237,945,3.5299542322825785,256,4.367871551579539,375,4.2264599923946635,413,3.1908594089460864,1236,4.078408100775073,2089,3.560059996116906,376,3.829928261817646,414,5.709746710990675,1234,5.207046204415922,1018,5.284045026835025,2255,4.689104739548811,413,6.2882009337073494,1234,5.006269429199684,1018,5.433931705499582,375,3.9091334387871,2088,1.8249235572655453,1233,2.043306291951717,1017,2.3930175674522287,2254,1.1375774317780263,1233
null,536,,,,-1,3.406569135481804,36,3.206712467235051,1801,2.7402913755375464,24,3.088912339763809,1649,3.014015044233094,261,3.5109678513746325,207,2.948539979791182,1452,3.811046965008779,1452,4.003571138798123,1603,3.4039958117398625,329,3.200451735014991,648,4.5505792091359,1648,6.981336242249157,48,4.613651439422854,211,4.519909099532405,1291,3.581760545218785,49,3.383521620946898,2193,2.374136048688597,2224,1.9814119058116644,484,1.7346771630040672,2225
null,1096,,,,-1,3.269834462525527,1376,3.404625636003415,1323,2.775130312752231,1527,3.7129756180938416,1116,3.463889784782936,196,3.553872177344737,575,3.8597973304933273,1530,4.583938537310638,1117,3.8987921112597963,1949,4.044226403195319,1322,3.9599214843627726,1034,4.580975445623519,1287,4.156441549386013,191,4.904693216551261,1322,3.8172422972599853,780,3.8518214998920475,1117,1.304396018249291,1119,1.8802670514615996,1439,1.1863901792195333,1234,1.1157859682133497,1119
null,1137,,,,-1,3.042639727537553,2129,3.353104147515234,806,3.0907392035871566,2132,4.227316876045575,2131,3.2176906233754177,2131,3.2481891345989067,807,3.115487442072855,2093,3.70758787762465,2132,3.4474322693138064,117,3.7385379558422605,2211,3.717207292665479,520,4.660457051289791,985,4.430387894066362,1610,3.649070822265413,1002,4.124253804393588,274,3.903782767470107,2273,0.9974019751407809,1695,0.9772520489909111,1501,0.9664781211444502,520,0.8558909224117561,520
null,543,,,,-1,3.032535701979122,1063,2.7919739316420222,1195,3.4567100814901806,1313,3.346843160565569,203,3.350476646851602,1995,3.399862216719023,932,3.604054860696635,2111,3.7440438136141303,204,3.626804388001731,1064,3.619474270917927,928,3.929938365854933,876,4.60211956021475,568,3.9947124086282355,985,4.23742194058395,1206,3.9850656650202096,963,3.853731458832594,737,2.7830088900818684,1663,5.822410228322154,2013,5.940385268983243,1312,3.6612149023912868,1312
null,669,,,,-1,3.6914525025400855,1627,2.925966190202103,1453,3.5156078999376095,146,3.6402302664109394,1783,3.4608510563846147,1629,3.079544672060812,1452,3.48258841432159,1784,4.302156967124542,1784,3.6914525025400855,1627,4.066299606245124,1541,3.6043976444052674,146,4.597079180815986,99,3.6771298871032423,1628,4.150266340616933,991,5.32152577111637,146,4.153751615087337,1152,16.944272238740794,425,22.410132903028927,2034,47.069219972674894,2229,27.764916781770506,2229
null,274,,,,-1,3.7575416542817544,1533,3.8896421440184237,434,3.221273983078527,1998,3.175862061220491,2329,4.416342051642367,1535,4.670787875538414,435,4.993715160743045,1994,3.6791122400114875,435,4.661762359044115,2023,5.239507292983586,1523,5.938092086300406,1996,5.211512430167206,1106,4.811438867686364,145,5.3906969575922,1523,5.3436223558308855,1998,5.458462520022959,1536,1.2042096862268374,773,1.2683825378687226,251,1.4008559293157612,2328,1.011292161010555,437
null,808,,,,-1,3.1347392647176826,116,3.7400627009239757,1988,3.417702158657103,424,3.04280745290747,2366,3.7153336911065757,115,3.4561222896740693,1175,3.3043389811381823,1209,3.2774473446434547,115,3.3478034526725495,2360,3.843602248609083,1987,3.673972167870885,1209,4.282094298236549,1716,4.381052825812357,112,4.539269968195492,1988,5.552620517852837,2175,4.020120898061028,768,1.9432244377211572,1015,1.7250462488941043,758,1.6947640289654495,1084,1.5064450321865812,1063
null,719,,,,-1,3.0338640727980755,56,2.926109665686107,1027,3.0080583514738577,1014,2.8685288423357056,106,3.5112527941051046,1736,3.0667986553111772,1657,3.4578611228600993,956,3.4169141830414147,2033,4.0800314388776,40,3.859923404155128,1097,3.9183113784018,2256,4.399858769055871,196,3.5591006710934963,1775,4.082000540627308,1714,3.9983765034493195,2384,3.824215422714715,114,164.37916671308145,1872,47.116003408452485,289,69.81974175724685,1546,95.75517170830274,1872
null,1218,,,,-1,3.229413135335369,2276,3.2776798610217694,1837,3.524521489399204,1286,2.943921866827844,2051,3.018111421289245,345,3.155537300120002,1871,3.4413318878543797,2049,3.2289095444104814,2277,3.476795955083453,1490,3.422802632975393,1537,3.568949505920437,400,4.140759485791112,2276,4.810800799682702,1137,4.9717604830487625,1849,5.617821209021087,1287,4.21338903555647,73,512.9813580003187,1595,63.0478343804171,797,78.58327744633003,544,296.8133638554556,1595
null,633,,,,-1,3.1189999740738275,1169,3.9455204478744514,1333,3.660221684892114,1632,4.055836254213367,1223,3.1000140384122448,711,3.2978376185894667,1283,3.658906460880362,1739,3.752040460360764,1224,3.5627911194940745,149,3.9858161702776305,1333,4.179635541075703,1851,5.262765720342498,1851,4.80716811564449,1833,5.481850607545894,1331,4.896222807624248,1850,5.5969712839657815,1848,7.420608353818815,2342,18.13442931190835,2334,1.9174777181403502,2385,10.31857539800833,2334
null,359,,,,-1,3.560619783686423,974,2.736657755297775,814,3.7109527904864343,2355,2.820585425142814,112,4.3824218306380995,973,3.057700268861614,27,4.624195827451743,2356,3.1467957289237924,2356,3.597153781514103,972,3.6339543375500782,30,4.723020734489454,2355,4.189508946310561,28,4.230208684867743,959,4.231768010428218,148,6.1518766594298135,2356,3.6372704604388995,313,0.9874127603808446,971,1.0544057868666628,813,0.8980503970066471,1601,0.8842606948641184,971
null,15,,,,-1,3.04765892083712,646,3.6607647003971353,652,3.1969411379828707,2096,3.9943633882516787,648,3.516797783238395,644,3.745518143211349,726,3.6147503884239756,307,3.3848429670864157,651,3.4233232916508385,1592,3.7788625612852575,1216,3.481958825319476,2096,4.572650512945304,1654,5.162529277408824,1866,5.049006121160803,664,5.389058210673012,2111,4.951572132353537,650,2.550879652885704,644,2.23181256061499,1045,1.9570260051996475,1069,1.2307093754758232,1045
null,415,,,,-1,3.3746319846415314,760,3.0251381804836024,2328,2.9952353896015897,1578,2.9029633802131825,1575,3.2694787932302942,1574,3.70549819475895,1193,3.6267531952565126,1289,3.7887671761411763,2386,3.4037645579567646,2321,3.4681448807046755,678,4.236290020211172,1286,4.384184091309867,791,4.7821046269320915,748,4.559149519563671,2331,4.252923822842062,1591,5.812550919726158,750,11.191388123447851,477,20.192816763713925,2152,83.7836246556328,622,48.39024165824147,622
null,1069,,,,-1,2.8917073938836584,73,2.6468367068041116,1588,2.829744288197005,34,3.0971967551327664,1640,2.982203075367566,385,3.3009723080714606,720,3.0711462068896744,364,3.028074007213859,38,4.203768207354152,2216,3.7640357890347733,56,3.6876984688137755,2345,5.023185529321631,56,3.8959985867669653,2217,3.973192962469354,726,4.175470541203626,54,4.0439724582029415,65,23.75142023354777,608,19.81152214205318,757,13.618989421717467,780,13.465613926538843,608
null,470,,,,-1,3.404041632423111,2324,3.319952964799058,355,3.067415238798206,1438,3.4692723165203336,612,3.228183529324421,126,3.1301838416265864,351,3.2968616325208564,1437,3.1336414826570347,1437,3.9577449981539896,130,3.553356210947464,2138,4.083177447063762,1591,4.516252371249305,2298,5.041766798083872,2311,4.358150757570403,2137,4.274244870881626,1591,4.659062695721331,1939,1.3018970652266024,1496,1.454036948123258,184,1.3187180320235736,1591,1.026285580116079,443
null,357,,,,-1,3.0868762982467812,1897,3.046734913573777,1939,3.237222495289885,196,3.221916307880948,577,2.883362191352364,2293,2.9733254561884968,1523,3.29332182455584,0,3.976618445359793,577,3.2827903714572324,1898,3.6424910755825692,904,3.753461683334541,195,5.13115175535793,577,4.069179023260009,1911,3.6876181670677086,1949,4.124570991446791,577,3.5859170150850828,1912,0.7680616382756792,1006,0.8306437345006529,1444,0.8837426620151474,2312,0.8482505109547809,274
null,437,,,,-1,3.7742188642109036,2363,4.3100918633164955,21,3.142183319819843,208,3.8848509333515207,2362,4.298226746098074,2365,3.9751570521907253,23,3.9410686117077587,2167,3.5726887389767628,2363,4.078194435842747,1404,4.3100918633164955,21,4.41102784594678,1281,4.681274632272929,207,4.5051773848585315,2362,4.920063313811073,196,3.9715518586479206,1025,4.655620980503407,23,1.2942683644684037,2362,1.6947350610668994,1889,1.1544555938199916,1281,1.4612623758813617,2362
null,774,,,,-1,3.37339565381322,2162,3.995485281131839,1299,2.7133441282067996,1098,2.8201458075156878,1687,3.016792627308393,2000,3.1757378008516772,918,3.305437597825786,223,3.270428702691534,916,3.37339565381322,2162,3.995485281131839,1299,3.453428702250004,918,4.340430996060482,1735,4.488272603478099,2151,6.110656010480259,1286,4.917678719343428,1871,3.7852783666372494,2288,12.81326078669666,85,17.805573553311376,860,11.356798561977156,9,10.222058337463125,860
null,920,,,,-1,2.9599256340290383,2063,3.548944376561147,1185,3.4338231656882545,1850,3.472594215825109,935,3.5659654400228242,1424,3.399056904006152,2268,3.4249132895242766,1448,3.72156743649207,1424,3.9772668461279435,140,3.9731744925131056,1185,4.1638547460626505,596,4.370994275594806,934,4.012031756322652,2063,4.241757089495426,1185,4.695245677394527,1850,4.190181565750486,1089,0.9263720937025888,2187,0.8936323756969576,2057,0.863952710768397,2320,0.8736133822841227,2200
null,549,,,,-1,2.6332193958183536,353,3.5679657291933666,1316,3.351545321989165,1487,3.1361009364675474,1004,2.7437137158973415,353,3.2891299475128295,9,3.175372048923643,1176,3.2084948770855544,1003,3.887234835798803,1992,3.6942456966290975,1316,4.080182744553266,1355,4.291765003336377,1003,4.120882074632288,583,5.120927379887066,1317,4.917017379617492,1488,3.5916001688379153,1033,1.647392495637505,2398,1.970132612044356,1389,1.8172895533171016,2263,1.1197773279849883,179
null,1101,,,,-1,4.06242876517939,1677,3.317310736421806,1604,4.907621891194291,233,4.036539818316288,234,5.176208623332735,637,3.614273402375345,2097,5.49207502544502,234,3.7195979702883584,236,4.43013329535203,635,3.5159034035245513,345,4.949999967630839,234,4.816157734884561,234,4.924086958589546,2163,4.136634326435109,1430,6.512201470229766,231,4.2430157619533855,1618,2.666259897280294,636,1.8134972331645516,2087,1.8778166297403498,2220,1.3812668953015281,2160
null,622,,,,-1,2.7290696755000203,1553,2.9083199508410744,1442,3.7995457714125083,2304,2.608023354663003,183,2.947223585535293,400,2.9204142251129643,747,3.812815306112368,2304,3.5550423622770926,413,3.2451337984654334,1024,4.161729868813388,478,3.7995457714125083,2304,4.139260637150537,1293,3.861787680482653,947,5.226257235016376,480,6.521434679250701,1381,4.193005545086234,1381,6.617424996653805,1553,3.194186358390481,720,4.945212525113231,2301,3.7134892406488365,1553
null,816,,,,-1,2.637614232723685,1748,3.0244149917031846,2339,3.131893392366588,176,3.3557469021664286,2315,3.1888070139871294,197,4.873124416875274,1574,2.98875542165332,1571,3.87375883336971,1574,3.9870508962238076,2080,3.583446885941949,279,3.707808901337487,1291,4.334998539698499,1576,5.533859838057812,1736,5.792904131601764,2353,4.118353773436163,177,4.65859836633547,2353,14.040654150786441,2080,4.946284960206386,279,1.1296722225555873,1004,7.812468706238562,2080
null,450,,,,-1,4.397913437813047,1345,3.285024983942162,1704,3.6507629103543855,2335,3.6549000837138266,1893,4.592513665884348,690,3.419357418510391,410,3.1119211842694177,139,3.3051476300192015,1893,4.397913437813047,1345,3.5645660955589324,1704,3.7143101388568933,2335,4.266767976566461,1891,5.113067767784651,1343,5.271883802226763,584,4.445691266368172,2337,5.416772789564787,2313,44.496288101780166,1720,14.463601917273033,68,16.97403360691144,1083,25.574523206026917,1720
null,939,,,,-1,3.5317325621624844,124,3.9075550417551645,1474,3.1173718022199703,1735,3.5700384996239514,124,3.342587698773292,124,3.3404961744003034,2373,3.165309115892155,2253,3.131846643278287,517,4.025161668736431,124,3.9257784409024175,1474,3.4174203320981897,701,4.459142285734714,2314,3.8728481865867654,876,4.989203026520413,1474,4.409110122232484,1159,3.364144258819836,2270,1.4725335316419106,1027,1.355974002182564,649,1.4069159176601058,382,1.301285469719338,882
null,36,,,,-1,3.503135670448936,1306,3.9334740611353856,844,3.3585393186224977,1792,3.5595910376573894,1306,3.4091010693670127,1478,3.4817923012394325,628,3.511882624214428,1795,3.7929081421204573,1416,3.5731644839267274,1306,4.246296293332474,843,3.629535450101048,1063,5.108216272181229,841,5.616467035137969,1304,5.816641699370089,842,4.707819989630638,1429,4.692325979717894,54,6.40378332180345,2326,4.453129184771816,2223,20.289855338048586,2240,11.807564044246181,2240
null,1256,,,,-1,2.8279160407973865,1457,3.413189739945675,2276,3.572797025295655,778,3.097802692813416,2273,3.1718419714862316,2076,3.8010111322674427,2277,3.6075727917980855,145,3.267597672071172,2275,3.716912024140106,742,4.619668575914268,980,4.095554047570181,437,4.5879435005269436,1303,4.506963945281324,60,3.7747739180939717,2058,4.374291841853983,437,4.289440607196815,60,9.053120648982516,98,18.37045496468405,2388,21.605423966047997,1694,12.127142355045988,1694
null,1017,,,,-1,3.355639093739311,340,3.148732128386672,1023,2.9664797480930334,1019,3.018120720805513,1588,3.8059169767685184,1655,3.227767487650908,528,3.731790723273257,2157,3.0428605357266627,2148,3.7573462807656206,1652,3.193579799203955,2149,3.8122183990387453,818,4.7386452018402005,1591,4.500104269863961,1651,3.4653991564792874,527,4.482510904485486,1587,4.170029851386875,853,1.158703810932281,738,0.9606124398683763,997,0.907282248648258,1281,1.2703345913816466,738
null,66,,,,-1,3.3510443522045246,1533,3.1234930282837796,103,3.520106747617533,1812,2.5023108481628786,1629,2.6676119471777855,1533,3.5393943061986435,104,3.0478740549635335,37,3.0180518303767943,776,3.416452398196077,1533,3.6497252653370005,103,3.8004709183860395,358,4.137115455908195,770,5.052506623256766,1533,4.21937982446156,1744,4.932523581388516,1812,3.845367214538538,1227,1.8440770624086396,2212,1.346347638983193,2249,1.1423083754009744,2063,0.9924913722879586,1264
null,292,,,,-1,2.9763835023402816,272,3.5036241068310905,1947,2.7589380627124935,199,3.14032412453738,595,4.000671317815814,273,4.208478384963457,1948,4.095242179361738,94,3.732706798598976,1766,3.779892131376433,270,3.556922176727954,1076,3.5889281621951885,954,4.431440583758378,91,3.8960225613841093,1201,4.380133197305386,1083,4.154277155430323,2170,4.930447829035865,2170,2.3385114098277664,359,2.241129404888151,1946,2.1808809819016526,92,1.8581113926189161,359
null,172,,,,-1,4.074003807929228,1343,3.0844184860080532,339,4.266069299174116,488,3.3487577105761375,673,3.668881474107081,1343,3.064172268325619,395,4.052327299328327,489,3.1895583349871037,712,4.905710706639916,1343,3.90779743623239,338,4.545543842971415,383,4.928977945708967,1344,5.59812937816077,1343,4.572337215178081,339,5.316276682473187,488,3.980280599559106,384,3.205015719046519,369,5.6040912205103,795,3.0949531430360215,384,3.369941490361285,795
null,175,,,,-1,2.9387183728138315,1207,3.3161072780548766,15,3.563345572689851,716,3.6134288976189706,715,3.1864001714320316,2003,3.472158443555515,16,3.3813343105069964,605,3.8022011325495897,603,3.694663698217533,659,4.4690480188670945,77,3.9924758602958565,262,4.617647168512658,605,3.9375739102371368,1221,4.438057334627384,85,4.9134569830554655,254,4.259925421509026,1221,2.2331540128789453,1182,3.332499174456311,77,3.895437994707558,426,2.033664913741766,426
null,704,,,,-1,3.63449386527296,1154,3.1998412273571564,1470,2.842872520886291,824,3.627228230241411,1711,3.307632094889423,832,3.303535922623543,1832,3.294340166005414,1875,3.325537263835659,1713,3.63449386527296,1154,3.48308210398845,1171,3.8103003402766737,1017,4.233129865201458,1153,4.9274754623737875,1154,4.917976255411967,1159,3.8882318645034455,1017,3.795061697949112,1470,1.3686933801908847,2356,2.3371593469274488,1111,1.6072633827822587,611,1.7331252507663484,1111
null,655,,,,-1,2.871233543777277,1828,3.1814258555831696,1193,3.16219476450118,722,3.6583641958169344,1195,2.9747294984764276,1993,3.129412505394607,435,3.2953758977564793,724,3.14825734542696,632,3.225950064286241,687,3.4855350640200347,631,3.334739960130951,722,4.600940826710253,1958,4.465013903150096,1131,4.408692506292859,1396,3.7655539886994576,1951,3.80962135115261,666,68.69180941553417,982,238.85383289015647,452,34.564243529864314,1952,137.75631273328187,452
null,799,,,,-1,3.0624942335100247,1155,3.0884491068198168,212,3.103073744325934,367,2.718164404827098,1487,3.3728803871607727,1894,3.3280188355705755,585,3.1505872613254744,595,3.3327885598736504,1894,3.204641085004719,1155,4.032620938036024,585,3.896855168732185,2293,4.100882478870406,585,5.091658035797828,1167,4.277552766301925,584,4.088483896499919,1690,4.328218700135241,382,0.9540956930505047,949,0.8314198320405589,61,0.807547476784325,1249,0.7101412008395714,61
null,1194,,,,-1,3.034248658429417,1651,3.544277265311018,835,3.3079869785708014,630,2.9481384116787606,506,3.317613541676942,659,2.891390756177538,603,3.9088918870753293,2299,3.869726482333399,2299,3.641566112552238,659,3.769699958372971,834,4.193461715171876,1897,4.449745079506989,835,4.858178846954654,88,4.373828405701144,2073,3.9761608174695584,259,3.976403199970535,2077,1.5568538008980708,155,1.7888900089048578,31,3.5906471937905717,2297,2.605932903563509,2297
null,467,,,,-1,3.204106036674254,1575,3.1478587099341784,1188,2.9511512880730217,217,3.0905270075718563,523,3.975781059403195,1443,3.849540551448625,1405,3.9906267644492126,166,3.4613448087737826,165,4.700590790341632,1441,4.683432403728936,2027,4.646867915697786,163,4.893961853349519,59,4.614977109487176,1441,4.783954758459576,2029,4.548536971332606,230,4.277673584958662,2029,5.59330738184109,1440,6.976240219869168,2027,5.6051843250191205,163,4.739334131680841,2027
null,720,,,,-1,3.010370734522538,2354,3.3242809462150387,1235,3.34266505090393,2296,3.427917201057561,2033,3.902690450971326,2032,3.5662623222325447,1624,3.7943982245983077,587,4.309130695545259,2032,3.3801810146370945,1376,3.57276410034816,1624,4.0715542934866455,2396,4.268655336319385,1834,4.427648430676904,1745,4.716286161125145,1624,4.128989727577476,331,4.062569005927683,1814,34.2778018382867,1316,45.44267805324716,41,164.77492402617165,212,95.6876013319323,212
null,488,,,,-1,3.1941925782040554,1766,3.025244314911926,745,3.5546975979427407,411,3.4414794411129543,210,3.284249497474909,738,3.734405203243493,745,3.422506539028288,1793,3.04596227051404,537,4.05805159393886,2110,3.991583714272072,774,4.42815522508105,412,4.760397242491298,410,4.00331612476197,738,3.773306259609402,2265,5.086954582069071,411,4.067072606423794,209,2.618484194502403,1255,2.4743881653460265,742,7.499005770080552,2358,4.5668033330527305,2358
null,1265,,,,-1,3.254701495809955,372,2.912919582270942,124,3.4953299738400325,2178,3.1782916573835327,1014,3.5932304179157346,1829,3.7430538456545794,124,3.8431169497749287,692,3.02838944670616,371,3.6317079555441882,502,3.3944072995269954,1947,3.7531007622609422,607,4.011838609902788,5,4.792735565528107,688,4.306535078879154,252,4.719977700606359,2188,3.7950041207600944,932,0.8177787295941699,457,0.882547526396009,628,0.8002148826487957,666,0.9470302690636655,1010
null,19,,,,-1,3.016179714674402,571,3.0059919955099366,107,3.2165936624767815,1115,3.0763311177501147,176,3.4452331885214442,522,2.9965967219283827,233,3.2611440569490218,1117,3.135817066475427,1133,4.078476770471274,782,3.7990940741823773,521,3.814269238803322,669,4.30926612717217,1134,4.753161146816154,802,4.638194902804038,108,3.9779510776370253,1115,4.139370730979583,336,1.5830614593300008,1134,1.400863436376056,2099,1.1871602396817242,1917,1.2549506329270548,1134
null,527,,,,-1,3.0091004465820914,1645,2.972376475448804,1347,3.2255950958756734,1385,3.1280893487270065,929,3.101462603135493,5,3.5569558901193066,1546,4.028833826547947,130,3.1586892581882027,399,3.5806176644593752,1165,3.5868005052295873,212,3.982549474732931,129,4.12250365126084,212,4.0926676435376965,162,3.574579444973411,1346,4.865286970908508,129,4.165492980631704,1928,1.2836412241504034,168,1.0828266926686885,295,1.6998656927082008,128,0.9382968200438685,128
null,840,,,,-1,3.2376381570703407,1784,3.144566651020175,1606,3.5484375393949947,1431,3.1291836843793623,880,3.1359842655748826,1357,3.040178997210954,2179,3.292269570853925,973,2.9733266164344956,28,3.4099075210636087,1784,3.144566651020175,1606,4.238205220343993,971,4.270110838560526,2171,3.556504363200779,1364,3.378395554840978,2011,4.339579976956257,1579,3.701734843854155,971,1.0363041737168335,1354,0.9092950723071247,346,1.1424516732634784,970,0.9963893840993139,2270
null,861,,,,-1,3.3864275233616192,1594,3.6996529861692795,1898,2.7220860370167643,466,2.767160449865528,362,2.8591512251944593,791,3.2319677494183554,2388,3.1213735847086004,2111,3.1922868489331915,392,4.036602762420141,1257,3.758661627805616,1898,3.550521189351903,2111,4.257894341786273,1281,3.856066228347307,1595,4.116098374089911,1821,3.833976986847589,2111,4.167883924918757,869,29.799348028813437,1991,36.40198036172666,389,21.889485149703646,1053,26.842720817770765,389
null,887,,,,-1,3.066295301079563,1629,3.330837600720069,935,3.2198191689941438,322,2.884337658931525,1227,3.474684801268163,1630,3.4766210070973877,1389,3.8545307396786606,323,2.8763541498755445,1453,3.562674333598886,2367,3.84575100741078,1366,3.863377179232235,2321,4.344486398165249,1938,4.17690306153808,2208,4.405529668572578,1217,4.674811078358092,1261,3.080356713896911,2105,1.673330406080006,2216,1.571828208271122,2142,1.6760464374943163,2079,1.6367392848463767,2079
null,284,,,,-1,3.4504319319289327,623,3.7214969357357495,63,3.321091459029597,693,3.161064142167064,63,3.992449011712928,623,3.7948700461380094,63,3.556459279378688,1767,4.090072324292027,256,3.7290369142758117,807,3.7243242403631975,63,3.718995113611826,661,4.544316882522585,515,4.403819863820324,1637,4.237211440424133,64,4.551317332404731,952,3.796225265966466,2306,1.1488821325195058,2339,1.16442416152948,65,1.0470743087033643,1769,1.022842152236181,258
null,785,,,,-1,3.3499781003496767,623,4.3064315901108055,617,3.407801838863921,1596,3.3022021405660067,619,3.729387490586352,164,3.535741215272284,618,3.0999842864745606,1540,3.4330514167664345,1794,3.8055409649550813,167,4.411519204156571,1456,3.585911681210287,1747,4.310255125997302,1787,6.127676729788515,170,5.59406080499551,618,4.920420716223621,1830,5.551270656326979,170,1.5163982570537446,162,1.7299737947843536,1456,1.4232793566119535,2353,1.2255080400987162,1456
null,687,,,,-1,2.893228697267392,1850,3.383669064309954,26,3.4619054022173015,575,3.213658585054694,1851,3.186895968924132,1848,3.2632420790304737,1874,3.000370298766112,34,3.203216228957051,1853,3.305664695881258,1618,3.383669064309954,26,3.646736017171066,826,4.301469043923406,575,3.6565804357771357,585,4.229172841672203,1357,5.008424478307736,586,4.429528748619011,585,0.5133349616216922,825,0.5557129797714081,28,0.5770579719634987,191,0.6005820583532891,825
null,597,,,,-1,3.2121935023977075,677,2.7749861844211416,1645,2.854983784699205,2035,2.8764907568983813,910,2.881375915199413,2020,3.0499980399422295,1643,2.647052603577388,405,3.2480669190210074,1525,3.704937302517672,676,3.8902702805881217,1305,4.004199822303177,730,4.266351589243317,675,4.99272855078101,676,4.815216701528324,1993,5.003258098979302,1233,4.638324448655322,1050,0.7750577029168563,606,0.7768534976576842,2003,0.9446105206182364,730,0.7303457142317493,730
null,501,,,,-1,3.4642631735005174,2021,3.9911054941531323,876,3.220704748057526,1710,3.7287308261586585,2212,3.21581677334104,6,4.025492777534124,510,3.8663713730326323,1710,3.6474818631345522,2211,3.513370870946056,2021,4.219006771920331,876,3.6543001830734454,552,4.614210896639435,877,5.0181603420769685,2021,4.613665709950072,876,4.217242185234581,552,3.611394188632629,1107,1.732675785068685,2343,1.2239625522092477,168,2.24745263802756,1104,1.599017306130142,1104
null,1102,,,,-1,3.007184427108861,1463,3.171835331499954,797,2.670877252613232,1792,2.8730265125465824,1328,3.3295711723734933,537,2.8479518845028764,2387,3.030896030537664,1382,3.187067123386843,1247,3.73626594491772,1157,3.4749438527951177,340,3.5859203561545074,1382,4.356431976202495,796,3.766251591705224,1709,3.625604215810851,786,4.273029908391381,574,3.3586892791618888,783,9.245170046919883,538,4.891071003612401,2023,5.0921443075785975,755,5.968147294256736,538
null,298,,,,-1,3.4372856474366316,293,4.270286303262922,292,3.7105692128767993,2065,4.391285412403291,292,4.176016856442617,294,4.267298864531874,473,4.585265325209272,209,4.6350282170773385,295,3.902363008608943,292,4.626717752838837,290,5.022572611577112,210,5.896588730142775,291,3.8439441354217663,1434,5.675806236251738,473,5.709190661335277,1184,5.4671750964559145,288,1.7774723879625198,295,2.5747844354922975,474,2.0310199537224074,210,1.6694583171947184,1302
null,556,,,,-1,3.3753576503448017,1768,3.444143793453297,1392,3.4848544934611794,841,3.3414926281859105,951,3.7570657829952068,1771,3.719331145049529,1393,3.6586453351886306,1876,3.642673397672448,1148,3.7452062305785003,1766,4.014645268703058,2102,4.151447244341874,2335,4.938678384180033,2128,4.531508919998152,509,4.322226924210855,296,4.1346517468467745,840,4.350003758090466,2356,1.0031093996932574,1765,1.3471628475791566,965,1.0886026334232068,1901,0.9476981726407697,1148
null,555,,,,-1,3.0358643403688834,532,2.8418822566402158,2247,3.310679587958767,304,2.7042083748516847,1510,3.4133471490452605,1854,3.239777160925458,671,3.008155180330291,527,3.3482926582841492,1511,3.413366020129976,2151,3.334288571974957,640,3.5186004300351574,62,4.947251964017299,531,3.9618736796533716,1749,4.43624190841365,812,3.9863931442224554,1590,4.721375915282113,532,17.48846751074255,2349,38.90718904259207,2206,105.66144452411056,191,60.97653842627401,191
null,817,,,,-1,3.84636043594043,948,3.1877902854332203,1308,2.838815176377567,140,2.7870480850604866,2203,3.2520104107063874,950,3.481831257118334,1925,3.0461535621590525,487,3.4115410655386627,1925,3.8704806764011264,949,4.207943346190335,1061,3.629353080862344,2310,4.633669373761081,1309,4.644284369655736,950,4.52676895860487,1311,3.9532729570171448,2070,4.017274773768583,1204,3.8253917181674066,2390,3.187225674952288,1309,2.232887910371474,2310,3.105584585110157,1309
null,147,,,,-1,3.0511226434092493,1364,3.674240068308138,924,3.413130538444591,1251,3.191819409467318,306,3.0907945841288615,225,3.660638678922875,1483,3.451213786000711,221,3.5718191610123142,222,4.09207795024285,223,4.623403883795925,924,3.7199326717269265,2041,5.147255969868941,1037,4.127517063994648,1364,5.399341272861343,924,3.842020883362669,1252,4.030888720647221,1170,1.3484614803056232,2103,1.4977665538397895,1678,1.2594419774542776,2395,1.2674331545820525,1117
null,1095,,,,-1,3.277257269221476,1321,2.839929163253197,1747,3.603706005963079,1956,3.1642045572591577,838,2.9005489160780846,2130,2.659280592874615,624,3.10447354647154,1105,3.317398454050497,28,4.683441915957871,396,4.72890655012253,328,3.603706005963079,1956,4.401815117358636,328,4.603249210058139,1256,4.210394577661749,235,4.893937011723681,516,3.910242158750296,1634,0.8683554571477096,396,0.9653168055704558,940,0.7137273227012371,2067,0.8832340652467827,2129
null,746,,,,-1,3.2080024749965284,544,3.3742049287853355,1744,3.1633964194119506,1782,2.9396735712270585,732,3.0904947679232952,2045,3.0342107486446865,1691,3.451940753829705,85,3.3795274644667543,1984,3.8413417552290476,89,3.8489777935455938,1444,3.8226292236643973,1818,4.2063746958563755,929,4.2133487911028595,1197,4.868894302927425,1734,3.4342272590576854,2366,4.548467630939486,1733,1.3687186834932075,2047,1.3443923984369115,1443,1.407563647431072,2296,1.4186468814076711,1985
null,164,,,,-1,3.272253894581439,904,3.0236446462233673,172,3.1410445628973065,1801,3.5299487892903563,244,3.819120316439893,1948,3.445834194567224,174,3.478320779887996,772,2.996225218326062,248,4.01213399024026,1518,3.4645244851164416,129,3.9200366541726632,2103,4.336331703318943,1990,4.364168726155269,1469,3.649370544322186,848,4.562845063515723,1652,3.67686800078744,848,9.246118039229392,955,7.143947893731622,245,10.653459554069599,699,6.749097604594549,699
null,1030,,,,-1,2.842185039441561,2243,3.2725363532843312,252,3.4743690940688063,1675,3.122405329012211,1675,2.91811957417318,2245,3.3650013491937862,2063,2.8802333365165906,1798,3.242847072260446,473,4.105673825318096,1160,3.672463032785167,252,3.8543268250521296,1326,4.220012491562207,1808,4.906307508099323,88,4.3693740521532805,251,4.129948520562423,1674,4.202695260498041,1611,3.7094096186078227,92,2.63160109231692,1918,4.350925586994054,668,2.8602660300975957,1807
null,428,,,,-1,3.523739250884756,643,3.324832523689515,2110,3.2587283798571716,2331,2.8457471698157164,643,3.9562712222927217,1133,3.7405821607176244,2111,3.944769761658175,2331,3.273805437499557,703,3.596428806422886,111,3.6715927487592706,1717,3.9127884720517874,328,4.387635028136677,332,4.247219488792233,1416,4.0063370347654015,2110,4.588790411894203,2331,3.589772101474486,2110,2.462107756888047,111,2.600956242046639,332,5.7149586776578625,2331,3.5345753310050445,2331
null,510,,,,-1,3.351203560786172,681,3.340175682450483,1553,3.7555564394523273,1950,4.353744932760417,2386,3.403168771980221,683,4.044575356765147,1556,3.5818192666401467,1953,4.153691072405169,407,4.213957702232657,1882,3.881928973590235,944,4.036579977461181,2084,4.598601946976239,2083,5.083477541111479,1883,4.4851981702440575,1550,4.6667392131036936,1950,3.996884616954862,2084,0.7319421368852383,680,0.730643266363618,2034,0.7183017702280153,754,0.6840522423972012,964
null,415,,,,-1,2.9695856830027454,2046,2.6432856760366032,1809,2.9539670667874782,2023,3.1600372298253445,1486,3.640886143607211,2043,3.0273879393250307,444,3.619766544198538,1338,3.083670494548909,104,3.3442844103357254,807,4.0910873286596345,1007,3.906225639147295,1667,4.658018522737621,1896,4.15145463797113,2175,4.716626713854634,1007,5.191389586412704,2009,4.4466505952357345,807,13.598981150952055,807,20.986921914271946,717,35.302006280561784,1595,20.54384089917641,1595
null,1249,,,,-1,2.6649841097673024,106,3.383106388524734,1054,3.5180956032935256,1062,2.7539058188051,1060,3.150427912467165,1247,2.7083471635008203,2363,3.035532569189733,1387,3.202385193867148,365,4.177834291339661,1032,3.5042885726672464,1740,4.032779878364026,1124,4.302842746512847,2004,4.377007881025624,1033,4.80121595115666,1739,5.464078771915558,2145,4.021094829036618,1041,110.69553079266215,948,244.76133027640083,487,46.31100333142379,1274,159.09397655248142,487
null,168,,,,-1,2.8974476445499353,515,3.081552507509322,376,3.7566762487245806,1570,3.1798628581690993,1147,2.9973870825496354,697,3.041444277364667,993,3.0888871071055903,1469,3.16022580477008,325,3.2414360336402828,1905,3.7713226867836385,1242,4.150906462573407,1569,4.346022560892194,322,4.673468711646981,751,4.550522792176375,1257,5.819056188587871,1570,4.254111083109844,1257,6.582036447757819,2254,13.325221454649318,2033,16.323737699083253,317,9.294922609290477,317
null,618,,,,-1,3.209029872882796,888,3.727629960065996,737,4.037705894926907,366,3.3822560556983987,367,3.54886158105067,1323,4.197222118927803,739,3.5590143462838966,473,3.541754132735484,738,3.2596779011779806,358,3.9656994958201226,737,4.037705894926907,366,4.670198846026518,736,3.6032615909360803,1663,4.432798804514261,738,5.5755610506613795,365,4.072098183290305,2222,47.42790795841155,187,126.76251334488249,1400,29.683888595505305,945,73.5977475034845,1400
null,886,,,,-1,3.720495921751057,1659,3.28618441566954,1357,3.4801592895454085,727,4.0383901342423085,2007,3.441261020824497,1662,3.610599470503337,2045,3.42682129568477,729,3.9000514922025773,2009,3.783183266486901,1659,3.951961930735033,249,3.5195998790836853,100,4.958444340050771,2009,5.349535864760822,1875,3.7990581564801937,1786,5.603578426748928,2022,4.5406740485581105,2023,1.5698227534961662,212,1.9158567198959506,2308,1.5996401078708635,2188,1.4127569520323244,1784
null,1102,,,,-1,2.8282059073761094,1517,2.8613664740972933,2334,3.453439061033833,779,2.7375363498629732,535,3.4982327158794266,1574,3.6817306500854925,654,3.713666932588835,2043,3.1411354504847684,1777,3.5768713848548606,1643,3.595149213434344,1880,3.6371945118238105,598,4.1407451134350985,2182,4.393433026449025,945,4.641675928006253,1758,4.427135837923605,741,3.5743173591825665,764,12.228819617027794,807,5.2147895937042055,927,10.509851615509461,405,7.063707251697074,807
null,1059,,,,-1,3.4552766813286078,1477,3.5223963714826927,2364,3.4287483230737044,753,2.728197102149663,322,3.2464235245209583,1475,3.4504656991399982,1489,3.4476743508486134,2174,3.0789930295229637,322,3.810742801941122,2089,4.016198229814953,1488,3.8481517261610345,754,4.683038951910488,754,5.370449414307064,1467,4.177156779614903,901,3.670956407659739,755,5.0524359955435525,1468,29.737774209529448,727,22.711768712335623,1990,48.995115812071255,1617,28.48665867389517,1617
null,517,,,,-1,3.689189696379035,75,2.8909670484850896,1159,3.2946208559797356,596,3.250777100720258,782,3.9304535123643927,77,3.0087644127660242,1159,4.177815881965823,1032,3.408257150316899,1431,3.9706303125944715,75,3.6660796619761706,2393,3.6433187824473863,586,4.5184991930179645,586,4.072694800987091,781,4.33824613440213,200,4.782528065156539,1899,3.624789001503737,781,1.670440269917284,916,1.972284829855536,1844,2.045622086611819,1893,1.4704714592067736,671
null,314,,,,-1,3.242606050573701,266,3.6680469877874615,1556,3.700376661273366,1360,3.5075141522601245,1911,3.3225648863109942,115,3.7866105123443585,1070,4.336122327281765,2086,3.9814009907582153,1911,3.853763863084167,103,4.010853255110623,1556,4.194281906667353,1804,4.6429122751561875,103,4.469467464671674,256,4.200943285246465,1556,4.455814821031708,133,4.19221978961004,120,1.7321251650450409,659,1.4811411765101479,724,1.7049915449482815,988,1.5188193364407745,104
null,55,,,,-1,3.081741456112388,1155,3.894304675585822,188,2.873152822735996,372,3.748649198681579,588,3.5201002383802673,1186,2.94989989928198,1456,3.161896214626861,1375,3.7552158019164055,673,3.7381860834177125,1185,4.184539792040796,666,4.658554397070345,1374,4.7575541032183954,141,4.674605472040314,1171,4.721995288979917,188,4.39909982786648,386,4.28278974860993,367,0.7398861890613354,897,0.8773446993971563,675,0.7988154482663808,1178,0.6326142722818122,675
null,986,,,,-1,3.0778878537494774,416,3.1876241132984426,2308,3.1431973706437515,947,3.481343149160914,254,3.393197854538944,1038,3.3410305528110364,246,3.222596461202023,1438,4.322001586055873,1038,3.8145051573630435,1876,4.270388203329995,12,3.710406436291161,811,4.74825126588169,1425,3.8416963228329317,1117,4.459632767829981,250,4.90485261689796,1881,4.105063775223229,1048,2.1268740739782515,1876,1.9764199587157127,1917,1.4608553908175974,745,1.3854903138225951,1876
null,48,,,,-1,2.9707341920934964,1431,3.0154000520466875,193,2.9390283822026935,2018,3.1593460348785936,1693,3.1992982993867596,2104,3.546324268605446,1692,3.540933635001909,304,3.770738795138585,1692,3.4460505300320157,925,3.606214274136835,1337,3.454414590971845,1001,4.351235953860548,1691,4.419789803064994,1913,4.664463548818928,1415,4.1002615295296225,431,4.219438181354421,1385,4.017779972498979,2104,4.863199269923748,1159,8.987489211675932,425,5.185672783827692,425
null,607,,,,-1,3.0978093291939546,104,3.0539986705333915,863,3.168317925564492,537,2.9271537157021292,729,4.314790000893666,2216,3.7499976254239926,2004,3.355828215600961,86,3.5741559422663047,2215,3.6837491111760206,2218,3.837993892230132,861,3.3977805787310245,939,4.455693672851385,374,4.87260151223217,2301,4.894903737878099,853,5.208785298938574,1437,3.767517059870011,1629,1.3788196968233806,106,2.1153670232456774,1411,1.370792907141997,1964,1.3769329296058879,1895
null,1172,,,,-1,3.656472247297297,2005,3.3889637993884265,2131,3.2303545506345084,2337,3.4609365456647625,1100,3.7070590485531696,929,3.906526790874351,2130,3.592924277896848,1557,4.29482322509325,1102,3.86460948047113,799,3.9589750800573604,2132,3.8424676231916726,859,5.288259772771489,2262,4.111090389182439,2005,4.38244870619364,2135,4.694060066137337,1027,4.246974248939866,2277,1.0407689811385412,1867,1.3295454118769585,2304,1.1893204265104562,1499,1.2111390825814246,2263
null,158,,,,-1,3.182299380977859,1335,3.8906551700017427,305,2.941982828396584,270,2.6956711756382634,461,3.7344041299996182,1337,3.701427673353423,0,3.3623786153719046,688,4.081690469390652,0,4.340924614979055,2057,4.00886589551515,305,3.8223225861253445,1634,4.315736182007362,2052,4.738901668657308,823,4.842187660550772,304,3.4111255176996003,2109,3.6923916619141943,1597,3.5787612242582494,1290,7.8786516735873935,195,3.2725781048868967,2110,4.652113416449075,195
null,433,,,,-1,3.5373802857754444,502,3.8225235746901793,981,3.262974001446827,794,3.1829860891837503,2106,2.9629891968347293,2329,3.1146497189430327,649,2.980470682579417,1567,3.174339809933386,1567,3.8727585593126452,2328,3.8225235746901793,981,3.6573266016697206,794,4.5393786531531495,2328,4.0864735092513484,501,4.98346267578603,981,4.0606243461968505,361,3.933483741735792,2338,3.19553127264055,1362,4.410899095530045,1071,7.945532261797298,1665,4.436188139708312,1665
null,352,,,,-1,3.2156698607741006,1878,3.5318371914727944,1712,3.4963553717967213,544,2.8471341067414437,1933,3.4527431349704036,1853,3.2016152210028594,1106,2.9502606716253093,2372,3.6331397292828753,1854,3.746303014362996,1879,3.6719298125601583,1713,3.648490645477208,2371,4.501942629677329,605,4.047763006442769,2357,5.232536419776808,1714,4.715484125719274,531,3.658440372855877,1073,1.7079113478908423,2065,1.5477008840839224,463,1.7143194945959674,2049,1.3255764803370247,433
null,1181,,,,-1,3.234006662837925,2204,2.7592364851872335,1961,2.8543919583249897,1023,3.7070805866925616,482,3.285749791197142,646,3.1395486372344235,2269,3.3500287613845168,511,3.453528412970565,510,3.586933123242173,1386,3.698427244426328,2195,4.228328212454085,1122,4.938079151466968,521,3.906255211024585,41,3.94782204842396,2195,3.858080305474123,1136,3.5615021122647277,2219,5.112651180655625,2206,14.3188269753612,1180,12.808363865886422,1123,8.364387245586162,1180
null,915,,,,-1,2.5038929736005904,830,2.7634337225886387,1468,2.9801448310604215,749,2.8640439299906353,1412,2.7889865186982936,1943,3.347198930922096,2133,3.6269117150078,1231,3.2095934040146687,1944,3.860316113713646,967,3.93898721895148,475,4.064892204014768,185,4.866799776116864,2132,3.1851754414489046,261,3.814404145010571,311,3.938171069410437,749,4.161805687755905,979,9.3223826211224,2307,3.238217205908439,2357,6.053025039756475,491,4.956912553601628,2307
null,1013,,,,-1,2.985800656370446,2103,3.0440725716308163,13,2.874652009606213,1168,2.8883377062618862,1772,3.4347819431681534,2104,3.3436817132692034,12,3.405898568177542,537,3.4459359802899985,537,3.920390185779408,1765,3.606728500780339,328,3.598726113654591,126,4.2401463270563475,1766,4.319919492875929,2181,4.097112234837129,1615,4.754734947011872,263,4.4900292226042104,401,1.0878254207398566,558,1.1326117641420252,712,0.9564754642201184,810,1.1533480630019382,517
null,691,,,,-1,3.0251305891048825,666,2.80690932175652,1304,2.579909039701214,1894,3.2579345893291216,1771,3.4619785710670317,1209,2.8359121193633303,1306,2.815317775464093,1675,3.4692250507995723,1772,3.264486693159574,550,3.163179771472017,1305,3.6780401314614894,1278,4.346009683451934,1890,3.899118331190416,992,4.6823006579904165,1753,4.242057126997112,1285,3.7114376956366457,2037,11.188341252230558,135,16.404861590473057,1857,30.6581654120851,279,17.70332029717225,279
null,140,,,,-1,3.2357869471120178,2392,3.4326700769016556,1704,3.5576164127222687,1175,3.35572779723856,1963,3.725247656941401,2395,2.8727502594954206,417,3.558823935597077,1963,3.816586508585936,2395,4.103782029879463,1967,3.486577271712124,1168,4.041136940328782,1236,4.367095700461402,1074,4.450722595588073,126,4.365090287036363,1703,5.283269403903587,1174,4.434741341922578,1174,1.0703404948069601,2393,1.0344294536016378,418,1.3930463371481683,1963,0.7782827039778124,2393
null,1035,,,,-1,3.6321434206882635,395,2.589908749116783,2165,3.2972601487182076,1813,3.165283866955592,353,3.2415406326867875,1880,3.005384446903763,2166,3.0746821514935245,17,3.499642172359986,151,3.6966697430994304,1684,3.8310568784737176,283,3.584232390546475,2108,4.677718673491097,1636,4.788026429053648,395,5.121673860589686,2211,5.033600119283226,2126,3.747229155393876,1734,2.3357423172990353,1431,9.53272440633787,2207,3.6938843756356037,1623,5.343019973032056,2207
null,1002,,,,-1,3.44472433049469,455,3.3324141418636395,1193,3.8610854946903017,1335,3.6177888533653526,1334,3.104988728552204,455,4.233005202869895,1193,3.916654576950072,2373,3.2833773095844223,804,3.6841545523175943,1457,4.1101316506656715,2149,3.965306713890044,2287,4.557269788099081,2260,4.099510940160685,2348,4.592529023816733,1193,4.704275737550794,1336,4.251336751096338,2272,1.3337846432660911,561,1.2603050559976652,1194,1.2122194250646847,2374,1.0254135391053087,660
null,315,,,,-1,4.342003403716118,284,4.085428897874913,928,4.242873077189101,2246,3.7436834406635104,2245,4.572780721918199,1266,4.3699613804111035,929,3.9728878230822855,2194,3.7381962250448306,286,5.182226114122079,285,4.890647996404281,929,4.242873077189101,2246,5.914883885711936,284,5.40787188115664,286,5.006568514030173,929,5.051167671872301,2247,4.858939440336052,285,0.9134223509928812,1265,0.9526281774659,928,1.100707992358808,1476,0.8918997145929555,2145
null,914,,,,-1,3.325094276725482,2186,3.072585588778023,1153,3.3653309875137554,1947,2.945551384886488,477,3.6065729347223696,948,3.1130449639657924,308,3.582181832019935,599,3.158257122183939,1949,3.4420490774154158,2187,3.464110091053173,596,4.151522559125458,1220,4.6650895259182334,1220,4.5894983370570825,2187,4.770793182515405,2126,3.6287355533169388,870,3.453294377585442,596,1.7640397151414426,1524,1.4331828563935827,945,1.5681896270295526,2113,1.5640898240420391,946
null,1260,,,,-1,2.63398204097494,157,3.4800465524509834,1835,2.844458493899229,2154,3.1323486199355535,157,2.837489680733279,273,3.0705452103313555,878,2.879570318361939,2050,3.7405578789315093,245,3.2551860485151844,331,4.265223807322558,1297,4.2760847151427805,1165,4.920507337016751,156,4.940388994722592,832,4.389292658220853,1284,3.9118622686690956,1165,4.495179758349091,833,25.559611630066,832,64.26111690239155,1834,37.96361976283177,1638,38.533312587656695,1834
null,217,,,,-1,3.1291165130247154,628,3.784097977611261,1536,3.806357032844363,2374,3.246989664220398,2289,2.6908163660257,2357,3.258628922610665,179,2.8620086110535654,1639,3.273060829205398,2094,3.6490458434851756,877,4.019351711454626,1536,3.870028841065361,2094,4.309701318632605,2291,4.800736329247496,91,4.82465469968509,1536,4.4112178781058295,2373,3.9411710036886,538,0.7907180465095498,1998,0.8005254882158322,176,0.6620646172552856,2093,0.8363508765129296,2290
null,456,,,,-1,3.0659017050315756,2094,3.3112712750634348,389,3.478105639423897,98,3.1165256239867456,1087,3.164213456352105,1910,3.068609628580437,1089,3.265706380988867,1311,3.532028439054985,1088,3.6551657334149876,2120,3.842700077396972,997,3.524893238203162,98,4.515359461373114,57,5.288668709322889,35,4.145731056055543,988,5.269678760601305,1077,4.399138797106347,1093,0.8793562026067074,2091,0.8974984617569389,799,0.810521672421774,887,0.6062760682770488,63
null,957,,,,-1,3.653413497999711,764,2.9578093970944983,1096,3.285636526360251,2238,2.9759051495889994,764,3.5290557684635884,762,2.9957861367555116,1897,3.4911308209062404,2238,3.0414014258273063,1095,3.9987391355882913,1437,3.9302949552049964,1130,3.8613652016382747,2155,4.674882270728243,1096,4.0264717069699145,1876,4.625326877401603,1112,3.7775795885762204,520,3.3703741188205596,1471,2.1372807452367217,1936,1.265679057134735,2375,2.2209349283278783,2185,1.53842263002063,2185
null,900,,,,-1,3.3630939225963616,1355,3.61121620492972,105,4.444483005114662,1979,3.4040085287444253,1980,3.0233564076507022,1355,3.2261717211742633,1524,3.196117859268711,1982,3.02237917673298,993,3.623634021771297,2093,3.7137058190582586,105,4.444483005114662,1979,4.747574005126124,1981,3.981830143407907,1356,5.423468149541103,92,6.27510219694012,1979,5.314662989678458,1979,28.47222507826177,932,214.31239199489562,6,34.92769411693263,352,123.9505520041974,6
null,54,,,,-1,3.9923497401682386,1946,2.907788131521766,1457,3.495201052735883,53,2.41442051180968,1292,3.2509983185168156,1833,3.1108177773053365,1027,4.049739110767516,1292,3.709521350656301,1292,4.149291931407252,1946,3.6512950675276095,247,3.846470721826003,942,5.058220778016514,1506,4.888618001581425,1961,3.7902497325075215,1457,4.588785604554952,53,4.138505171491119,1928,8.174429177136314,2093,1.7774599726094518,1014,22.318597082355275,942,12.645938846638824,942
null,957,,,,-1,3.2273150442414713,1446,3.3067062548230806,746,2.8829309808558623,2287,3.107982150199216,1069,3.2260012065343044,327,3.112598673140351,2008,3.0024120353245345,1251,3.570707732593686,1070,3.8400760550178235,907,3.6783785317784874,1624,4.037723541123072,356,5.067181104433066,1580,4.456002554123448,1630,3.787503574745386,649,4.453659758023232,427,4.175509816627352,747,1.4550323272759267,2238,1.4210806422158515,2398,1.2512533257094947,1545,1.2068327407612711,1580
null,704,,,,-1,3.391926973425006,1947,2.7359987110785133,1633,3.0137559957696762,2187,3.6981285717668797,750,3.1977557196935953,1948,3.4345446553059205,750,3.336605190758067,2186,3.9855685165326693,2063,3.827090552807148,1948,3.3725318471234242,749,3.881897509988161,2186,4.6774776572970005,2063,4.111863834822644,1947,3.9894257582597192,408,4.456131669212846,2187,4.191722994775359,1149,2.1346489377377744,1436,2.1082505373575438,2267,1.3188515883397463,2184,1.526482898306497,1404
null,900,,,,-1,3.1893750844777475,1878,3.249935252880806,1965,3.8306677387632413,2345,3.7420985121435923,2154,3.0933394592052412,1954,3.186504088458062,2189,3.2275087391451875,2346,2.960579554432561,75,3.4973220502434685,1878,3.6399025254279262,323,4.112302575795261,2345,4.1621399333600575,2345,3.7495003248223644,2097,5.22785638538787,1966,5.115086275393134,1972,4.310993590269987,1963,51.072338821649076,947,243.94615365286904,499,211.33410927746405,1061,140.2217525384765,499
null,504,,,,-1,3.6479765320085003,630,3.9192029718391894,2038,3.632305281190406,1612,3.0357327047100116,513,3.1776363349741232,630,3.1494914954600763,2078,3.332145231157296,2207,3.282178183902766,514,3.6479765320085003,630,4.084704240879105,2038,4.4515057439158605,2018,4.266481117483872,1609,4.492166636063078,699,4.912124615388113,2038,4.619413233146693,2021,4.387966580625076,2030,28.62676278691707,29,25.377497327931742,237,30.416470417183664,1882,20.345253837325952,29
null,868,,,,-1,3.61288125768021,530,2.6211824793004044,1346,2.92412762662316,83,3.2143406778431407,2145,3.098760485820358,1303,3.039881768598038,1965,3.1546256025531094,2292,3.4310138623496935,1348,4.028185024958834,1302,3.5700635570680395,404,3.5188899215070757,1949,4.346329479284994,2293,4.452811929978682,531,3.9573607774420716,2150,4.470779810236281,2089,3.812872942224379,2072,1.0199334621385354,1302,0.9435894986282979,579,1.4121609158470714,2051,0.9608365032930819,450
null,875,,,,-1,3.0750200995426615,894,2.9892678347540698,1661,3.8106176457601033,1037,3.9053516240136554,329,3.3835834422866307,894,3.47414472150785,444,4.212050864835642,328,3.646635069725967,328,4.087124470136438,1817,3.6037247956320453,116,4.187679529684767,1037,4.555869720309695,327,4.228571077630593,894,4.316061519431201,444,4.988621445276029,1037,4.003649694237175,110,75.16540781210097,1905,16.830540476524263,2009,39.33856215257234,1964,43.78350431737282,1905
null,177,,,,-1,2.97539009726703,443,2.6833361322342615,347,3.7667859204958742,2249,2.7934703654248567,2268,2.9988934514680867,1013,3.3787454295754245,680,2.7214332299343877,1318,3.2648298810638963,2351,4.674137835955691,34,3.523770891402884,1469,3.7667859204958742,2249,4.43235506360406,2350,4.9981040972218285,2356,4.261958757574404,783,4.896062816334176,2259,4.451731367004709,471,41.5696335965256,58,0.9447048227462789,481,0.9017188299276061,626,24.166020269548657,58
null,884,,,,-1,3.829340890171303,1054,3.4724758173481423,517,3.042823797994735,1489,3.397389506310035,138,3.7398578726580403,1055,3.450121670194511,517,3.105350085852218,2150,3.0759711702527937,1264,3.9351827018569465,1054,3.7160253457568433,1308,4.690920453407623,594,4.024008634518096,1264,4.892750832897261,1054,4.1707462211569,500,3.781446093040787,1501,3.6636284323705706,1689,1.1808664323930465,659,1.0655583281363958,815,1.2185954600348787,594,1.0880510446619134,1052
null,690,,,,-1,3.0584402594889255,611,3.8847344715844763,485,3.4130098568701848,188,2.7179829634368926,482,3.4007201457761043,614,3.896449575419017,487,3.4458611814225413,834,3.507401597651088,1445,4.260258445034427,2123,4.918984267169909,858,4.794154204746139,1022,4.505138913022247,1444,4.0576730832865096,2124,5.1341794059015,848,3.9495026378300566,826,4.7555481446614,863,0.8641117800610489,2123,0.950347211907842,858,0.8466024375071504,1022,0.8610450117983043,481
null,47,,,,-1,3.511795669055442,2285,4.62816787723195,1080,4.677318354152455,2230,3.4583001591222073,2232,4.104617412879353,2287,3.988117458901116,1082,4.550170607765826,2231,2.9046608633392785,1282,4.631451044219998,1823,4.750367813939501,1080,4.769066994329298,2230,4.879871113551159,1823,4.883196354176273,1823,5.607404118415078,1081,6.434401061312419,2244,4.430624921725941,2272,0.84949870084903,476,1.3832610959316025,377,0.8754461849638177,1682,0.8897824025010765,377
null,256,,,,-1,3.2619273056448836,1944,3.285006767840797,2243,3.2510840709425497,1377,3.542833082764683,982,3.509176972309435,1943,3.883389516358426,2282,3.581577825485171,530,3.6821924850357037,1943,3.473264895458569,321,3.6438698334581896,2281,3.2510840709425497,1377,4.187219463399765,2071,4.559016075792505,84,4.4228944600700935,2280,4.518455473836351,1013,3.409514100001342,1197,26.895520197516305,2373,62.15825920111371,1042,17.968620106230908,1411,36.08496446247208,1042
null,846,,,,-1,3.0619977153577946,2245,3.0389276138780046,1908,3.741668308033231,939,2.971383812057792,1848,3.3944199625998177,2107,3.457753703620175,1803,3.350146609798621,940,3.2680649270636377,1849,3.888097140547986,302,3.9366010891569894,1263,3.948454074744112,940,4.4109094429351146,1182,4.3744747905311945,1237,3.5327313424560756,414,3.794269789597028,940,3.6865375840947308,2382,12.842109988292481,1126,26.830365008717592,1704,33.47760361004394,10,19.183567770871928,10
null,576,,,,-1,3.0630433797478083,455,3.2448911355951484,2374,3.2224863829987185,76,3.580003750285685,453,3.0607148432236757,455,3.364507457144585,1410,3.503119613090925,2312,3.796592866552371,1026,4.083666843188731,1375,3.613925293707902,924,4.071403179384952,1719,4.5706255955050485,2127,3.7686946012719,828,4.473985163681677,2386,3.8205258109271787,926,4.228551517958492,2386,1.8195785683740249,2172,1.5796026700087462,749,2.3068794097188583,1426,1.258553677481786,2127
null,700,,,,-1,3.1656783190280855,1918,3.748075032115861,244,3.0007504201118618,987,3.0389970897886003,354,3.5345319306560667,2133,2.822485308019432,907,3.354989919416711,0,3.2460517138946203,910,3.4025916581200333,1918,3.9573277442412054,243,3.545397328284492,809,4.5321011817830135,2252,3.801305527189957,1691,4.893070968762408,244,4.019341626768735,1489,4.272390520801949,2240,33.93289435839531,385,4.351243612416441,682,5.169482651625758,2120,19.892084659733925,385
null,901,,,,-1,2.873990114955819,1220,3.0807599030376727,1292,2.8599559685324496,1413,3.0628380889332756,1173,3.0645002667449295,219,3.669105872249287,1291,3.3598845894652514,806,3.7547395763656093,1036,3.322819565224253,1019,3.4445346505919674,1788,3.409301055485786,805,4.562400802359865,1296,4.13570167099655,337,4.623070076375496,1451,4.197421178209611,852,4.275624647125801,852,21.244735644649197,2280,47.00214099984321,941,34.872711348323904,2219,29.328565115187324,941
null,879,,,,-1,3.2933713643636207,2208,3.575830713302748,2173,2.7692865116782883,1350,3.6351112918631747,1111,3.2896759084619176,84,3.2241794496686476,2174,3.193493545794839,41,3.6929876418047405,1111,4.118316550387894,297,4.188315375639195,1498,4.01335592506813,189,4.687616341654594,1525,4.097602901738819,2208,3.7241219610924183,2174,4.330093040650963,11,3.949667576139146,1541,0.9256416609051139,640,0.8345117981571306,1932,0.8286678461034039,1833,0.7245614807050129,1354
null,257,,,,-1,3.2226985300864994,503,3.212484591621129,1342,3.3394887796518966,2175,3.718564727236216,1341,3.090620152613338,503,3.538994576467691,221,2.8787869948598557,919,3.50219943848487,1547,3.7346011892957427,736,3.9005543543039987,2203,3.9839670055140615,1836,4.269807637598307,499,5.648500156260892,528,3.7672882215030814,2007,4.664449740208066,1540,3.84445985907606,515,13.884268638809258,372,23.269798635569607,1967,24.243991785277395,1973,15.337517642562588,1973
null,389,,,,-1,3.456797537746004,2230,3.3375008471267407,1212,2.8075014718019125,2048,3.0499077963076364,2231,3.0852701537099403,2231,3.322444624977323,1024,2.788340083237391,1977,3.5634425071750013,2231,3.5160425810346414,792,4.146629599412985,540,3.415021022741362,1165,4.220454583528298,421,4.3385768134151235,1935,3.636658234024777,1132,4.953044301617645,1963,4.151850427902396,1132,1.8312549634442346,792,2.135114299297948,1293,2.2468894256949192,1988,1.3672382646396615,1293
null,955,,,,-1,4.278433592154576,413,3.815931822416929,724,3.972443685098026,542,3.2423559987810973,618,4.3582492095955,413,4.163809382052373,723,4.919652141491361,2292,3.5760446247927145,1873,4.494055548427974,413,4.345020141848431,724,4.5341880868591575,541,5.19565327554202,1973,5.110515078778348,413,5.215076738451143,723,6.152221881116102,541,4.057616238691176,713,1.3274134372167896,1974,1.0992130009287557,704,1.1740815726065885,542,1.2281370049928897,618
null,1018,,,,-1,4.15965083758542,731,2.8280798653722607,1822,3.3044232421831707,1897,3.2521247176464128,1894,3.6983162612564673,417,3.4700312444548382,658,3.329948079521924,144,3.2387265669090883,900,4.683027975064166,730,3.4858159468584256,428,3.4713398749417714,2345,4.7999060254025805,1891,5.18143921327725,730,3.5326561759780675,668,4.887535867177297,700,4.221363104827219,1144,29.363100720014454,418,23.14921719425749,1649,24.005945785692457,145,16.746013363362447,418
null,1007,,,,-1,3.221825217441563,605,3.5562080642989295,1165,3.3838057498485696,1532,3.3163490532302187,2206,3.03340263615428,1585,2.8713811835380136,1167,3.27444321538129,1532,3.768407253136094,2203,3.6135130231124224,1769,3.5562080642989295,1165,3.603417184954289,1587,4.278243633311292,1440,3.5575162423003075,605,4.072018304645619,837,3.889519148128185,387,4.305523180767344,339,69.89505563535718,1315,27.073125676767454,2365,18.675716106970636,866,39.88105650318448,1315
null,1021,,,,-1,3.636936092291077,128,3.1534836375331867,92,2.9605729020401625,1080,3.365793097589938,177,3.1480830750991444,130,2.929515832167899,178,3.114813973050185,1083,3.120466092221953,999,3.636936092291077,128,3.326860675518083,2391,3.2768681932524624,2327,4.1151489618987735,2265,4.231736979310321,2190,3.6833685450939564,105,5.439151673047413,398,4.055462246524109,857,18.528130451033135,669,61.20852177157242,775,37.36366387383555,2051,35.921318646306155,775
null,449,,,,-1,3.209493303374159,2068,3.8810887447945803,2387,2.6757130398470887,1563,2.6346125369321345,1674,3.503037754399196,1748,3.7242051807462664,2388,3.7727557340215627,414,3.00956999446954,59,3.9331661236188116,83,3.890294212270277,106,3.884788578492367,2348,4.839656420786315,1931,4.824458646349409,1552,4.4710291699616835,2376,5.355214040239889,32,4.319961290526558,1562,43.64776555875303,2005,45.90474220329889,992,67.56896600687176,1357,39.135057774601556,1357
null,1094,,,,-1,3.5848617164635628,2338,4.0724876311369425,327,2.7307519302925467,1291,3.4853130573792424,326,3.8067969881835313,2088,3.930231344030086,328,3.6377108759581023,1293,3.867210739344775,2088,4.1211644231095415,1176,4.18925370889749,327,3.707795092847495,1607,4.584695165561134,1265,3.3745378221977376,2239,4.983628937055445,341,4.583968633998072,1287,4.4675690630611085,1273,0.7702981493648569,1176,1.1537055874629831,434,1.22183474200075,73,0.9105786837598032,73
null,209,,,,-1,3.085739171907286,1612,3.253332426485954,553,3.2591006834536382,614,3.1515578745593724,505,2.90250870818586,344,3.4768852957608494,554,3.809286529116427,983,3.336503200644688,505,3.2196809872709373,342,4.090529655028837,554,3.8978245826302635,105,4.448914248374323,608,4.444935801134576,328,4.335854354030404,1667,4.428698527586317,619,4.665067790727224,1667,1.9018210953849208,1520,2.17646406373694,1661,1.855866213386649,613,1.493889788924849,449
null,828,,,,-1,2.958762129127913,260,3.602132880023496,2145,3.152290572631188,1257,3.1615664520308617,1630,3.3562739529873857,440,4.349536593537867,2144,3.0875052398391882,297,3.4882720155688896,1633,3.6500585812838504,1466,3.7308537236427446,2144,3.46717971262353,751,4.280384412276707,325,4.230836424502329,439,4.579453545169006,2142,4.754171830406119,311,4.063325955652434,167,1.127031705554733,441,1.2853354009625928,2146,0.9190290584671807,1006,0.963413808880639,2146
null,300,,,,-1,3.237471278490539,698,3.4109935926610806,1208,3.638154560236994,1050,2.968527057148245,1207,4.493454311491014,1169,3.443448701245768,1208,3.974057892379594,871,2.8496846479492746,1605,4.740502309720975,1168,4.194455850734542,125,4.442709380029665,870,4.6052313877973665,2220,5.8936875168639755,1168,4.332462742486811,156,4.605215271754762,870,3.0952918280764483,598,0.8346381382043687,1169,0.9114445283719301,608,0.9258664510939552,1601,0.6960639689409287,1310
null,42,,,,-1,3.313775000038264,2306,3.1689856226290645,2325,3.191912728462758,1576,3.3676499866745893,1335,3.4208911224122325,1183,3.8969546079021637,544,3.6984367963190117,466,3.6027974048619558,1337,4.387797742076275,141,4.211921448970047,548,3.928033985293656,469,4.771187744046753,2327,5.702911013832916,46,3.614446423600056,2328,5.273888082402657,1590,3.5342771658242,628,2.7295100793935543,43,2.225653697437755,546,2.8676930338496534,143,1.6747084771403924,468
null,1113,,,,-1,3.2148426996508443,684,4.464585818580232,250,3.72857353109186,513,2.6190546614688075,1164,3.5567876248404664,188,3.488219020807167,250,3.0581323354418357,575,3.151350168552957,688,3.843352337895851,686,4.878277695329578,251,3.72857353109186,513,4.632209458258399,251,3.9268993277547906,685,5.3211552091197865,251,4.468770827076196,512,4.527868826955476,513,1.2691217715819458,947,1.1385160839824153,823,1.3131599669326746,572,0.8874651240043485,2001
null,420,,,,-1,2.997502968887755,615,3.7377874631248855,401,3.2151801620160887,98,3.1089956183293177,1511,3.41236598882232,1164,3.426262727813598,400,3.2927344613243874,744,3.4723298348684257,1174,4.895465199631802,1166,3.8891125094714565,401,3.526459819991363,2147,4.533625666900865,1165,5.664052340174142,1169,4.575804605960268,1513,4.069014680196666,1332,3.5065890129198793,2026,26.977383529386394,1164,29.752972210262417,1244,29.585944753162043,1588,17.545482296497,1588
null,690,,,,-1,3.254974588496513,1226,3.998969833620763,735,2.8944651140286726,794,3.0672083459129587,794,3.8359232048098746,53,3.7723793578579743,737,3.3988043659002236,357,3.4567092742804797,484,4.166110435984936,1227,4.15256046136822,1941,3.9685536987221752,856,4.371514195509835,700,4.024540783945393,52,5.249786124087566,735,3.869785672228426,484,3.808479235237838,1849,0.735523186951503,2392,0.8664342895866985,731,0.9268575597868257,856,0.7895715964993788,2392
null,908,,,,-1,3.250170665950803,1704,3.4028042869962305,837,3.00530514250282,2207,3.0352572925208685,2316,3.4648955839100606,362,3.188192641898434,2319,2.9569398932333995,663,3.348188677263509,2298,3.7097798138496,1317,3.6190576574922484,1263,3.9687671744560467,2142,4.296587885464546,862,5.951899285162988,1317,4.429211338157582,840,5.009281871711502,285,3.5252380344791017,1318,1.2878252694529044,364,1.6874450966463472,254,1.5996076712841012,2204,1.2250583104739292,128
null,840,,,,-1,2.8606741639766793,1665,3.1924095353699884,830,3.6359705746441167,1409,3.0310518093142877,1407,3.3277360544387293,1369,3.1305392538120063,2010,3.241748496522982,971,3.271745642928105,1366,4.013676847464265,2089,3.921941737700942,829,4.033676298102568,969,4.185023506692717,2014,4.869187829696116,1368,4.053717212011636,829,4.58699792713026,970,4.023364563347941,2123,1.1354992628998717,2088,1.202610749911758,828,1.1245458555306165,968,0.8955259113780444,1366
null,700,,,,-1,2.700663977153472,600,2.8984572992460382,2112,3.0910067790175226,1835,3.1189434585710196,1097,3.4541492965445046,599,3.1339106262813314,2111,3.1648800831843613,1955,3.284501633473919,904,3.2707948702725442,599,3.439637196821497,1943,3.299396582056226,1470,4.538181420632678,1944,5.4905042015159955,1350,3.8349822056195255,2064,3.867901967531661,417,4.046506771733131,598,6.063465154495742,449,9.33658043317349,581,10.387062535407193,598,6.285539258042692,598
null,184,,,,-1,2.9647531144847905,811,3.1126344727384314,1840,3.4105234757944665,1483,3.02833110730448,1983,3.816966512231583,206,3.101870301267818,1083,3.3620996978912245,694,3.0975203634300628,972,4.0662405874243985,443,4.125473348187777,2314,3.636564137111655,1934,4.752996823017951,2315,5.032481554885584,263,5.376387081963187,1478,3.919013102904716,1992,4.451433985505477,1484,1.0427993275003824,2147,0.7490855788780045,1084,0.9406730118356148,1934,0.815936290777338,2005
null,476,,,,-1,3.0538546673204614,576,2.902587076818853,683,2.8697070682882218,1187,3.118245448914249,217,3.0478369311445115,1474,2.8675470714603324,1272,2.970555450652846,1394,3.3318564179351604,1272,4.000462653190987,1380,3.3188932009909338,2204,3.1672091207517696,1573,4.56522442860043,1573,4.415401936445133,577,3.591447980235847,139,3.563895175659502,1188,4.534104579367308,1187,7.021416605404575,1380,2.735892892197017,1270,2.189190508679731,1279,3.9973706394522512,1380
null,1078,,,,-1,2.7308796048115345,2169,3.693958554993028,2065,3.6138751757660517,574,3.1923194421571384,2169,2.7143580928462865,1693,3.0572327505042733,1052,3.8430167066646117,574,3.953275472554182,2170,3.495514443935734,1672,3.693958554993028,2065,3.733318346751671,573,4.844986354796402,1686,4.3037284303861085,2166,4.298716610515092,1049,4.998593516221861,1110,3.953123400982026,452,1.9359931335347997,1672,1.5207675906749225,773,1.65359443401883,2032,1.8150400751325977,1672
null,1264,,,,-1,2.8483714068992523,1685,3.2735542993854736,257,3.3548963784659245,784,2.733606628670875,257,3.6334302255304762,2222,3.521082673439285,506,3.409509361149812,1942,3.5007161507012614,1108,3.615667516859872,629,3.6252222374569927,2346,3.6458833811425007,841,4.136717739264433,1290,4.09152979663544,1871,3.9664432085417274,257,4.358554838903312,1280,3.6773017429115495,783,1.4645818486109932,2395,2.838856225180105,2346,1.2429146691636634,2322,1.50867503058914,2346
null,279,,,,-1,3.8994405184134733,1188,3.1158746888057234,2236,3.5079358316014617,2103,4.467523013796291,1188,3.381895145606096,1610,3.3701586258615315,1128,3.333544687337315,1411,4.109409414150655,162,3.90148424206928,1188,3.6438414226733475,175,3.6348641906650343,2152,4.8914879255014085,1188,4.927687767558309,1187,4.288969135915158,527,5.3086696828620275,1610,5.172709336598895,1189,5.024286119431856,1471,2.406496454043275,315,1.5834593345391923,2361,3.04317946041359,1471
null,701,,,,-1,3.7209507886080657,2287,3.004942719781337,1829,2.925423076821003,934,3.7339071504231227,934,3.5629752229209792,2287,3.430589104896857,343,3.6705523231267905,1343,3.4193953138762976,1242,4.236421679794155,1506,4.477662197029024,548,4.396426797202458,2015,5.490567383874472,934,4.252568435013853,935,5.318231178070832,409,3.9213015650090055,472,4.721231603722673,409,1.49912529482158,682,1.5676322515092018,666,1.262850686868434,363,0.9519197448449251,37
null,861,,,,-1,3.161805678677831,485,2.985711748920924,1457,2.9784299940620764,2015,3.87069063265281,578,2.974429102159318,2293,3.473330170414165,1017,3.2516365622706007,347,3.708374853887392,1016,3.480813359778882,480,3.5038507442985534,1544,3.757398006282355,1787,4.421209027421218,1017,4.376214927631659,626,4.231601283000574,574,4.550121839738956,1254,3.873917332926501,1254,18.221274558372013,765,24.26968959017382,1032,46.08096122441781,696,26.670479666448745,696
null,155,,,,-1,3.695802628664724,1285,3.673951608612261,1301,2.915993755189248,850,3.4643846588381404,1016,3.4308571044239122,1285,3.1546448103761127,1611,3.04103204909327,993,3.416193350592906,2089,4.032728490528766,1286,3.9476186470062524,1301,3.68773939290582,641,4.669968950673707,1285,4.25342717729302,1249,3.9430343548083373,1064,4.9141496380866005,973,4.370524821008405,1299,25.94058615801625,466,47.90770080547906,1373,22.25542872597647,2201,27.990242289144597,1373
null,210,,,,-1,3.6430582231204407,1456,3.543633145410504,1115,3.0275174243713487,953,3.1958215518718562,2112,3.423554213623536,1458,3.1683778465702868,1269,3.888128650697488,952,3.4011865256685065,2069,3.959980682217618,81,4.491612192033294,1364,3.79901553901964,950,5.082370249723124,2189,6.000475047170528,2039,4.8952694642445875,1363,6.768117049767491,948,4.046274497042438,965,3.461880546154714,2030,3.0701850164079554,2052,2.0046037413969926,2043,1.9749859133720795,2052
null,786,,,,-1,4.527457688023455,1212,3.9460517062032934,557,3.3935837267250544,1261,3.5052426115051256,857,4.167571826093278,856,3.729005436418143,1261,4.513041137440241,838,3.942348416499109,1261,4.955903067734793,1213,3.9980361280212144,557,5.391992950723419,837,4.686545613211417,856,5.420124463104108,1212,4.82816532957583,558,6.550475556330839,1712,4.491705251964024,1923,0.8756111955953164,725,1.1534152874692158,583,1.1660496616521074,143,0.9646302282935004,583
null,209,,,,-1,3.7134546150593075,2014,2.777197737027925,547,3.450102781727367,2167,3.4249804912016435,175,2.796884470936601,430,3.4195090875215866,1489,3.4259663407368484,175,4.268442282697758,176,3.7134546150593075,2014,4.187242052513489,1490,3.9757021236488446,497,4.092696518069627,175,5.483633085090309,2014,4.798353353896516,429,4.508935982115339,2167,4.343048541283281,2167,1.602077106126023,715,2.2180230460999106,543,2.456841189311807,1635,2.1292553188637777,1635
null,12,,,,-1,3.0066504417107165,928,3.468949220541421,294,3.272050967884292,1650,3.831858822561382,928,2.9291907247893807,1117,3.5043907196371373,2330,3.2367167493704456,1022,3.615805876018241,929,3.1255666222274354,360,3.7342916339896437,2330,3.628568717486255,1022,4.263091137610833,2315,3.929647677808294,576,3.731386873373674,294,4.288874960443456,1023,3.3132894045763153,146,1.3404324174442572,1116,1.326691226491476,2159,1.2032974139527144,2209,0.9499017066319702,2315
null,760,,,,-1,2.9473799714432185,110,4.189614107496737,1874,3.1888977623998622,1888,2.920342070175655,1104,3.0700713665132584,2398,3.593267676370564,2216,4.393368583175086,1105,4.132570839252427,1105,4.025752740175293,94,4.189614107496737,1874,4.520799678664929,1104,4.434519802387811,1105,4.38980861681384,122,4.983605625727441,1874,4.997405807820196,1104,4.324235099440427,1873,1.341434488470784,367,1.2389435869325618,1958,1.59327411117074,2352,1.221672383936677,2063
null,490,,,,-1,3.1933282458439565,2091,4.424427923836239,1200,3.300077027547325,503,3.3428160405118605,1201,3.711478357183916,765,4.599797103196673,2013,3.508338261800388,1431,3.456878741802885,1202,4.752845310053812,765,4.9241338426849275,1200,4.416580680569954,1431,5.606934201386418,2022,5.035187670191252,765,6.25058345767528,1188,4.534603568410307,1431,5.514561949355712,2010,0.9098567290722892,2156,0.9249795998625119,677,1.1229260202343079,2395,0.95411421182402,2395
null,346,,,,-1,2.7913987597451886,1093,3.059905589142065,1296,2.734107062717343,569,2.9542899477924047,960,3.044238662527089,497,3.295691808036805,1297,3.3221916723431004,393,3.0439661674113374,199,3.5723052532558723,1151,3.7095258065082177,2118,4.063587288657862,445,4.265718774932423,536,4.858147332030007,178,3.458979842119784,117,4.853235358119414,1072,3.9989681048840198,393,4.2781558833591244,76,3.3693328261530877,2104,2.789775742396081,656,2.585009534531883,237
null,1146,,,,-1,3.091799277559792,1532,2.9029986869906397,1187,2.9854297615391725,1564,3.3200181012498042,1527,3.4135240293983564,1533,3.462279273880073,2140,3.3217191271440725,0,3.241767914126821,1529,3.5657165729438196,1531,3.439289585958485,1187,3.6747569944445853,145,4.403745131735366,145,4.547295097559726,458,4.45321891423758,1730,3.7115265527356516,664,3.8287246722831054,128,2.499073373798068,775,4.034833417586938,738,2.40849570897676,657,2.478587117128518,738
null,245,,,,-1,3.734793219421541,1595,3.3497071164040095,1716,3.314229299450723,2247,3.381201286338281,1775,4.093233328858933,1193,3.3927508124661627,500,3.4779715156382363,2017,4.009563230329642,1774,4.5916054008937905,942,4.7283802470790315,2028,4.93582288121581,464,5.3333450778960385,2028,4.896298254060602,942,4.955690809309859,2028,4.120047959953802,322,3.5746347380748476,639,1.381595164769269,941,1.2657402434580372,2027,1.518810392339649,464,1.1608345853110094,464
null,1225,,,,-1,4.17208722149301,1934,4.513237271467227,954,3.7316732894063533,1215,3.1226134753797,372,4.603238065267678,2070,4.524090127818426,2286,5.060485918639607,446,3.694263916852273,1065,4.764006150831813,2069,5.092825332201009,2285,5.154715695317758,445,5.490988398305069,627,5.126361026515128,2069,5.174822663518929,2285,5.319907689657235,446,3.740053015228854,761,1.499058511113062,713,1.432207191709779,1946,1.246350442694985,1200,1.0292889546991804,627
null,496,,,,-1,3.753654884900587,242,3.557208217134009,840,2.9645645635873525,119,3.4395433061480687,840,4.038935541371342,243,3.3158526010591296,1488,3.3675457477015525,2393,3.96176427836942,695,4.284877794928958,2110,3.941414591104845,718,3.7762520676169395,2393,4.689344139983931,1472,4.964178679257986,243,4.716650968511706,841,4.543589156564196,1584,4.260162257502792,1712,0.8906346722037543,1679,1.0105793156195824,2302,0.899302895648024,1904,0.7787472520769987,718
null,814,,,,-1,3.201813011095598,1512,3.28834095954139,270,2.899745412879993,228,4.217174403351671,666,3.1743533614906303,671,3.104603896356588,579,3.159889602205171,1502,4.055945999511102,663,3.7826150756486396,526,3.5148086263216944,1105,3.7529252528069224,53,4.4381747265574925,1952,4.064131972420942,1952,3.9687771398437923,1608,3.579171351675251,950,4.098862114529103,1951,21.128385925153392,2175,73.52809941307295,809,34.9174585120184,997,42.18413581201464,809
null,1204,,,,-1,3.567977788611628,2185,4.095827723194811,1964,2.6162806733091024,1134,3.0936534854461137,264,3.8706765781172328,1634,3.7831539357995503,1965,3.585149157588258,76,3.6703203369247444,1270,3.7095405556789447,2186,4.1110582202942245,1964,3.529377276708579,75,4.125397958694399,1346,4.1702271518590415,2185,4.570236425319634,1965,4.675663996124352,1359,4.82738193755076,1344,63.98985191898371,2127,30.84124588243261,1674,28.657229711512457,693,38.12159881729557,2127
null,289,,,,-1,4.034331266328962,1152,2.9970534063505596,1151,3.1627782733009386,1787,3.5659702540566456,418,3.6541078090068613,1152,3.0962506791330555,523,3.7496761862129793,364,3.6397563668617483,1249,4.339804555165973,1149,3.358617962003354,524,3.347796576336803,363,5.264897099251135,1151,4.590872762197491,1154,3.5946430447103612,472,3.9700448001165416,418,3.947517030094539,1153,0.7317189298401883,899,0.8812551215662154,521,0.7158276500842847,361,0.6372314730421315,518
null,1005,,,,-1,3.0979761900814693,823,3.186939700337347,1017,2.5781567531104166,1014,4.459562446183298,1016,3.5764088384023713,823,3.5462454072260967,1017,2.4824551186086574,535,3.251553135367016,713,4.707816434199209,455,3.8992639285697948,1838,4.328464218120268,178,4.708952442512409,1016,5.636049842021402,455,4.319679050992469,1005,4.170784100662177,178,5.428295784664406,1005,1.8979130662892423,1775,2.0980252555583587,1906,2.079986724619934,981,1.3938840387250775,1724
null,895,,,,-1,3.357460849654388,1744,3.528399427765045,2034,3.5406679978295528,1113,3.3609207861886814,117,4.250216792981032,466,3.41376853858486,949,4.054882895959699,984,3.5065071247443114,660,4.476988982894114,932,4.007689611230982,949,4.400410421489725,1439,5.135047175611916,117,4.221527480590453,465,5.210737281582936,2046,5.389908547505289,104,4.236117387839154,104,1.217329105236656,463,1.0884822099663105,1577,1.4154207651467916,1439,0.886724933951495,1439
null,116,,,,-1,3.3244795261157227,1241,2.6909479410767285,1094,3.0302535822973353,264,3.027318965579746,1963,3.531170028521438,1241,3.3108952134524756,1095,3.5919673911851007,2366,3.806414898698922,1067,3.587434860813063,1135,3.2804261790450404,407,3.2884996868910945,223,3.915250563588922,1963,4.122095221064479,2109,4.186268909506539,1508,4.630402607371945,1688,3.7233010350110054,1515,0.727914825539734,681,1.0941846072235069,792,1.021767892539108,76,0.8006762971086974,1069
null,399,,,,-1,3.502099011772805,2003,3.781388813379976,1432,3.8055652624864917,703,3.178073437914647,1431,4.633890888359937,2003,4.415475943857197,1432,3.8884499723465575,2075,3.384571040665828,1432,3.6465637269539757,2002,3.808493219630282,1432,3.8055652624864917,703,4.483923209265391,108,4.414556655337659,2003,4.757374904493231,1435,4.315739272731564,704,4.073579328549311,715,7.120299873239794,13,11.809906393355154,1434,9.377730596469567,702,7.0079016046154585,1434
null,988,,,,-1,3.338906957090352,1526,3.7604580902369187,2237,3.2452123413024245,2235,4.328475340161727,2236,3.754404605331138,1389,3.941586722218985,2239,3.736272967471793,1437,5.021922030326503,2235,4.216626584632879,268,4.261022684835437,71,4.40532978968048,532,5.409464304201663,2236,4.328815395281358,1389,4.820064490761332,2237,5.172761574238885,2236,5.498030363583706,2236,2.7831444411507023,1389,9.613699299940217,1155,6.844404870621891,1480,5.736718995697048,1155
null,255,,,,-1,2.853052956194727,195,3.379316973810675,2047,3.218566991119841,766,3.204127734790877,659,2.938938871367276,2391,2.870426332001462,710,3.5463515313477725,1879,3.1862831835209597,1362,3.4258963579064448,28,3.513822653815143,2048,3.493037559326772,1641,4.357499417949403,32,4.1751330153835005,168,4.338715473211418,1552,4.148066747562564,768,3.930741541892892,2227,0.9271348918991088,27,0.8735108488813982,702,1.062944585863108,764,1.0052013752666176,702
null,1217,,,,-1,3.3768858135164788,797,4.075796734152572,826,3.250228519419957,1192,3.2927637397413316,824,3.1663786273909835,2143,3.7742137516427943,825,3.1497854364856703,156,2.7254152165774848,176,4.267727351039866,2142,4.440766886106166,826,4.353454810379392,161,5.2514455808625415,160,3.9390313527817766,2142,5.236030092939892,838,4.685472443717126,1182,4.4613435568059865,825,4.466328489296726,1505,6.708882325810684,2250,3.790271718356147,1189,4.479139134673684,2250
null,1197,,,,-1,3.2374173259412,614,2.934258636336735,1985,3.279556124189587,1929,3.4248381679705227,1440,3.6947209059851875,1315,3.3341983225860545,1986,3.2088330592498178,326,3.2843027962164673,763,4.2357212228404375,1312,3.54052746428971,264,3.5491745112306274,1695,4.547185035800138,1929,5.046816451120035,609,5.043952944040472,541,4.714391042349508,1944,3.7240228496515315,2217,1.3576458658719015,824,1.1848183185283474,264,1.1128257802907946,1695,0.8368228373167708,760
null,1230,,,,-1,3.7887057907063606,505,3.462946544410623,1931,3.489242415219509,1672,3.1768367669448456,2175,3.9049600537062146,33,3.4468035207201297,1193,3.9688206423242027,1328,3.4347577626513957,2176,3.8160049328649626,504,3.7180970056724116,627,3.844959653119004,1073,4.249583553106094,505,4.880400670601937,792,4.209782347531306,1192,4.458600279692363,1072,4.527174499664481,2318,0.9864831915761323,1075,1.0724403011638612,2324,0.8694285809476651,878,0.8342100549631658,1075
null,236,,,,-1,3.167971660133011,2277,3.4483890603144953,478,2.9973758668930857,241,2.8488265387567355,1468,3.1717676031813453,1305,3.6423538290378126,1034,2.7840511655824884,1494,3.411722130545189,1046,3.420278989899222,1338,3.6180318427498386,479,3.832906848171621,898,4.167994780524304,2273,4.3850519544588,1463,4.466590333697782,481,3.997009797913589,1809,4.30012245531133,482,0.8987314020982108,763,1.5438940888958372,1036,1.3846683086049307,1119,1.1126767227995717,1048
null,878,,,,-1,2.9040245066031436,1143,2.8798261312465474,2009,2.9854333953508814,1872,3.6111153600338977,187,3.204928999085898,187,3.1284528737886226,186,3.26576838679045,1181,3.8651933440776105,2010,3.85808359071206,1494,3.4704860111088287,225,3.8333299394695235,921,4.309196290205375,1023,4.614144516537812,1032,4.46981494920781,1200,4.849627677871411,1626,3.6301875752412402,897,32.88258755750257,669,73.80807967431885,1937,20.586660542061534,1002,42.88842367764557,1937
null,1018,,,,-1,3.2935412656144787,1909,3.0302066013522184,1482,2.8542012116913558,2131,2.983274052016319,688,3.4655626320052844,1908,3.2854893040173523,382,3.22163581639952,921,3.981833288559361,687,4.1817800877422995,1909,3.8497998944681573,381,3.595426766983524,920,4.940302673842778,382,4.657381859181777,1918,4.413997925014703,16,4.115211312479115,1482,4.469029530987141,1482,10.567112377192151,2016,11.388252069224732,381,7.265935172826842,256,6.835926262547852,381
null,279,,,,-1,3.8417957252123927,2392,3.3197792772646606,2107,4.2476305264855725,2226,4.345951530688976,350,3.8675674219474105,2393,3.8625931440218575,2108,3.9326214080881594,2226,4.0861340767376255,2394,3.856723991068951,2392,3.6551176629452713,544,4.2476305264855725,2226,5.161149265975475,2226,4.712287017162916,2392,4.258401475470893,2108,6.1534539367653975,2226,5.43628814911487,2227,3.6219752948361252,2160,2.597206104759681,52,3.33991197297402,1380,2.190925674011715,2160
null,848,,,,-1,4.2256949573968505,1735,3.6115063088107346,2247,3.562934689140416,983,3.0607459327041204,963,3.9078140320262946,903,3.7860100231718437,2248,3.6834134838380175,123,3.9861562992618933,123,4.361381465533281,1735,4.025136648924973,2247,4.479312530670274,158,4.281934442394115,658,5.587966965519064,1736,4.443806266578041,2247,4.500114437648834,983,3.8274009627694974,1410,1.5931210525910686,131,1.3296935742470184,232,1.4414806886543838,158,1.2729014092982007,1517
null,467,,,,-1,3.651979738156953,1786,3.3580960969867615,843,3.3579540460089414,1253,3.342447398580414,662,3.704745161415924,1429,3.9847740303415824,500,4.028647388448594,1253,3.449242345395892,174,4.898426108480311,1426,4.912515219474037,842,4.9699458147541735,1366,4.863268283228257,1426,4.681430840694919,1428,5.019389414926651,844,4.846787919499187,1368,4.096894534568868,1427,6.987957482983458,1426,15.134484149233677,662,7.371702891089247,1366,8.921300143451832,662
null,261,,,,-1,4.47571178535986,1975,4.282136252420385,2388,3.5747630318171364,55,2.9274937028102004,199,4.700568888092807,1977,5.021349695496337,2389,4.287560753675255,471,3.2405006521603448,1604,4.847954767367938,1975,4.389571197386131,2388,4.106253048875248,586,4.396722418945706,1972,6.094591292477515,1975,5.45913526226255,2389,4.808727376413272,306,5.33814689533427,1975,1.1331690817349476,1819,1.2884896506937824,850,1.3553596201124232,224,0.7545559098925587,224
null,607,,,,-1,3.1421983800456244,1034,2.860775516242663,1840,3.0681257361744168,2107,2.8250141305779874,1035,4.257462870101858,1064,3.1960971838773946,1841,3.0877197138437706,130,3.374625043938139,1430,3.8221441772311997,116,3.790354828155687,1429,3.3097974576394824,2078,4.670442030958412,1065,4.7566338515354145,1050,3.9300418851418937,151,4.58419985575623,1762,3.596553880918551,130,1.8453740193936963,116,2.167894092411541,1429,1.791026242982534,1764,2.0063713769576546,1429
null,287,,,,-1,3.7030065699486894,1072,3.0953087414757214,1047,4.799774826066421,977,3.9045442512072435,2370,3.2009057707338506,911,3.4636402921022778,2376,4.657997518480257,2371,3.716118684694416,2368,3.7030065699486894,1072,3.3672120698271537,227,4.821064922137595,977,4.689264281241803,2368,4.8981639728881685,1825,5.137949939557582,1048,5.891505065476463,977,5.327568253209571,975,31.43816338868763,624,108.40451829637217,1898,25.445026935729185,91,63.36153785506704,1898
null,647,,,,-1,3.414812998326174,1275,3.870617279595374,596,3.3294592854441865,2113,2.8622737035485075,682,2.9718803763238815,858,2.9399965458358936,145,3.272228386665309,1916,3.698567583951522,683,3.850258769309089,1275,4.00132691680021,596,3.3908398556936086,2113,4.3757095381273965,2086,4.91729005740883,375,4.997165726143365,2041,5.539048710876497,1910,4.139421640260245,2044,1.3661180526363774,225,1.3064940223808061,104,1.4277846488856485,47,1.0915380579426486,104
null,748,,,,-1,4.604350662809847,905,3.630307100951241,2103,3.5356439678930607,632,3.43587300181384,904,4.2171264360220055,905,3.965147922094277,2105,4.395581186296265,632,4.292839576801009,631,4.751097180760998,904,4.329506724941291,2365,4.406570279812841,99,5.047653647508458,632,6.0313214637823105,906,5.506939428562461,1660,4.294178461929252,299,4.954621528459744,894,2.1740429450045604,902,2.2524339718176063,2365,2.443588008768285,99,1.6795722828305968,629
null,977,,,,-1,3.2088126480325303,120,3.934421685930116,2015,3.51899109179343,1586,3.0469198714722308,2014,3.1675562682519325,1775,3.2042549510364187,758,3.306714469064049,517,3.223209608498462,635,3.491064676654426,192,4.005585831773154,2016,3.5625959472772117,913,4.309272459510988,2068,4.031256877240401,1354,5.9708078421036594,2016,4.697081419584933,519,4.345507001191228,1009,46.04535554989965,154,21.561002022087322,2226,26.27384478957504,348,26.551747426969595,154
null,304,,,,-1,3.852875325785177,1244,3.554674346205323,742,3.262982850396145,1037,3.412340694107258,743,4.62504567052688,1245,3.1454974846629136,2153,3.9678755066480003,2388,3.605344263322178,1102,4.85100470630503,1244,3.7675577912713476,396,4.08846256552776,2388,4.371139495810433,742,6.008271096571624,1245,3.8919502205694405,940,4.573067548836834,1027,3.9390448069829347,1245,23.081678625441107,632,61.05983112206269,847,28.471840867240033,367,36.2862431987472,847
null,97,,,,-1,3.186497921582697,1119,3.393751678367113,1604,3.262234738171902,51,3.709989962600365,52,3.0320584364302308,1669,2.8998157253706105,1932,3.27881701026305,51,3.429022466100555,53,3.5575231473672018,1925,3.4755928510770557,1071,3.3723075972431076,2175,4.612720933622826,51,3.7652967644130513,1118,4.851638984853895,1604,4.417051764157159,1658,4.161645024974172,66,1.2000021062644697,2286,2.435032595014411,1461,1.1724102712220752,2397,1.687013090846972,1461
null,756,,,,-1,3.402433830579637,1083,3.2513473258450523,1626,2.9484666936089234,1925,3.4290691729869875,1084,4.097302051294191,1026,4.35776065567501,1943,3.536241847841043,2351,4.041831619903921,1026,3.7961652703972035,2273,3.839840731563218,255,3.9697821574136802,990,4.411824183270653,1085,4.649653654098167,251,5.085246792022696,1638,4.532987330991779,989,3.762966839579524,254,3.651070842470506,2273,3.7159651307100203,2264,2.429761566909173,2038,2.3898368436744017,2264
null,13,,,,-1,3.3150979067749975,411,2.9487382005423037,1597,3.233060937374592,941,3.0499240970589567,940,3.9586849305405782,413,4.166414292665507,1,2.806410056367929,784,3.5781325056609603,1,3.6613249239961543,1158,3.664257600018133,1161,3.6779465876713884,292,4.6880889137028126,992,5.590685388679691,195,4.540163442626066,2317,4.026964549100184,973,3.7356188190758486,184,1.1604561868660597,413,1.2144329289795939,628,1.0769343837464351,1367,0.9782635316993928,785
null,952,,,,-1,3.9049440616790925,1654,4.148471853196817,796,4.209990070962969,428,3.9956425464331895,1653,4.958919504967854,1656,4.251819033539115,2075,4.410793409236972,430,4.376934976085178,1653,4.721114954417958,1257,4.97849480831499,797,5.688688827411589,322,5.221696128325669,1653,6.3643515495369085,2261,5.642965951190873,797,5.745525701114955,323,5.20155196071244,2261,1.5526937989120968,950,1.45801227736043,2073,1.5343653065996692,323,1.0293424164042528,323
null,641,,,,-1,2.9966699735086983,1451,3.160623450195472,355,4.044354448450876,1913,3.4152801448022934,546,3.03768167894472,377,3.600217051505111,128,3.6218924268761654,1914,3.8374858393064066,546,3.6832551642462756,510,3.4545007656384894,228,4.044354448450876,1913,4.415559639602142,547,3.3782348047025,1129,4.171988147972136,353,4.765511188952217,1913,3.704691877357971,127,1.576743329306264,510,1.2358251404758234,688,1.427908759208488,2277,0.9607554987212777,1905
null,536,,,,-1,2.9364972772184785,1768,3.400831074530213,546,3.0595766516701772,2276,3.329202905520194,187,3.1517578303519382,236,3.284738468419964,546,3.1138464685839704,2275,3.146188068487773,683,3.960990675816083,1022,3.8632028081544996,682,3.650177035581985,188,4.848896479025094,1632,4.26875418748692,186,4.084710083413989,1818,5.074011472240247,909,4.335891830044192,186,2.0200765957402496,2015,1.8787337097575079,2185,2.6926881383126084,1949,1.6905560617616855,1949
null,1089,,,,-1,4.273815497008244,1344,3.8122500478683143,1713,3.183296024983189,2218,3.667442117399795,2022,5.170078020567127,1345,4.53806884838613,1575,4.567719622813281,2219,3.586641543203575,2370,5.061748464837874,1345,4.99300409585718,1937,4.36703569320598,1013,4.461719305671183,1258,5.767406821126583,1345,6.233732552160328,1937,4.35348918360408,2218,3.8184978832559455,1937,1.6266235418002792,2367,1.7594131983941443,767,1.4385807147368264,1475,1.248133332498452,1258
null,1264,,,,-1,3.2702966578287587,1552,3.5194678485974245,885,3.0923244958140153,1735,3.1407505572660526,884,3.2431937818101524,1554,2.689066370283288,792,3.304018098538443,2366,2.8824936617283794,308,3.590472563976829,269,3.867459046046127,2161,3.718008611288032,2366,4.360143762338624,884,5.4247902104420636,268,4.745730464643256,1191,4.2190995401378375,1202,5.368598094371474,1956,1.71179355608338,884,1.446652304418008,2375,3.0897864129590813,2366,1.5991237387326032,2366
null,522,,,,-1,4.287183076590232,301,3.2182966127278774,1350,3.6371995158853627,82,3.4323204811684302,301,3.6720776351891127,765,5.048922909125971,2398,3.8293407742391383,81,3.903338393233573,85,5.530527891431098,786,4.645901059055247,1348,3.746340418392575,1867,5.2085850444038915,90,5.014369049250906,301,5.334630222287632,1345,4.373607733405143,69,3.6408293719740796,89,1.8574285263845727,786,1.0399254697401277,2398,0.9093459302361385,2000,0.9529357399905862,786
null,105,,,,-1,3.1657870881398273,2224,3.510815355128484,1031,3.259226860704012,2074,3.131415191418298,72,3.6062904784661582,73,3.444615687394915,1031,3.4799794643044915,208,3.701188760994727,73,3.8158052480677,73,4.035794355528666,1828,3.9605080738975555,2349,4.416648439979439,1828,4.213707530019591,1776,4.719472100519452,1875,4.948676713871675,2227,4.362497621286242,2213,16.5099700992049,394,13.023832006101523,416,23.270674845142683,825,13.361942963185358,558
null,117,,,,-1,3.269308329266446,880,3.772184514393874,647,3.7922779555343546,246,3.205965814333887,648,3.333723364364925,1126,4.2234182786845045,648,3.6376010649949886,1396,3.6857883786180263,652,3.8280709708910208,879,4.98900144991196,648,3.897419191441627,247,5.061599184392706,644,4.0975805619790755,879,6.385106480249268,648,5.0956961565857295,246,4.625796903443757,246,1.057284717934085,1284,1.693676977701951,646,1.3451671997733678,244,0.9936131215880945,646
null,862,,,,-1,2.7094196465503284,1743,2.79478607634314,652,3.188750400330445,597,2.8840438552969863,913,2.885778302874893,229,3.187256983355012,1070,3.0808143052120482,0,3.517841597133962,122,3.5607533023256757,1353,3.253100883683161,1506,3.312851959010066,1112,4.043896398493228,124,5.283306825365379,622,5.009707579480712,653,4.1316909958839005,1815,3.9319908844549007,385,1.3694072894854268,488,1.7684581848244256,714,1.672839194134328,772,1.1615456308675358,124
null,310,,,,-1,3.652695545444166,1344,3.195708350508483,660,3.747482529078441,627,3.6633355791516506,1344,3.8180120143905247,2007,3.4782801608945975,327,4.021214864647327,729,4.688311695871548,1344,3.916274228302391,1344,3.8353089675859655,2218,4.282637026555204,626,5.032210752227564,1345,4.294553782986058,2187,5.195347752890891,2225,4.689241832644062,1928,4.485503181903186,1248,6.642438094291255,1386,11.7438348714337,328,1.9371739758138127,588,6.502610104021467,328
null,410,,,,-1,3.310317221361754,904,3.084666781542739,1357,3.8721305601679386,1070,3.2901894767617534,1000,3.191837232636159,903,3.550609211533243,1358,3.2543208836798323,1068,3.2330548433352266,998,3.6312794686949976,855,4.646856056366039,1357,4.335836414110944,1069,5.043354152306138,1357,5.4738073273716426,916,5.6656596123429335,987,5.584621799334329,1070,4.524802179589331,1348,0.9733488836133138,1341,0.8833687087354718,1558,0.9820903456621547,2062,0.7114595605538706,583
null,1121,,,,-1,3.211203009960694,1747,3.0017722125697315,1855,3.377189617652441,1100,3.4090872207353984,1855,3.1795501493800957,2290,3.255712347704485,270,2.921753613742423,462,3.350431721333792,270,3.483073396785486,1516,3.509507998058252,1839,3.545135581969356,1100,4.4381782631433975,268,4.022605887925757,1409,3.8945773041964715,1187,4.163725429570547,1963,3.4356650591964515,2291,38.62127857890595,493,55.429936427266085,767,26.46853031505381,2305,31.15266373906692,767
null,719,,,,-1,3.239080014933044,275,2.8970215508707673,1508,3.1144834382779085,113,3.097391145069674,1048,3.3290133113080924,978,3.2489477547093446,1234,3.2608404752003834,114,3.110624704613173,1445,3.4429271296826616,275,3.507723342744467,1574,3.7201313892966796,1557,4.116560695151951,506,4.941560884825575,275,4.426328924124295,264,4.135902955754279,2168,4.041334936213078,263,114.6985365654633,2332,20.14497545466,1344,55.67135607680681,152,65.3103374832804,2332
null,280,,,,-1,4.011589324127171,1174,3.2881685540838843,2073,3.226637761737639,1574,3.1828803149652427,1758,4.497913572797702,2394,4.292859503721064,387,3.4230071258460693,1493,3.741864879088801,1024,4.176025441276622,1174,3.443144918364659,865,3.4003467214110596,1574,4.409627359205923,1023,4.666313204056587,1174,6.216251181764232,332,4.502882949805486,1587,3.7696156516575297,1935,2.815178565079498,2392,1.5652220035522078,2071,1.4697952120984836,1431,1.6331126198197812,2392
null,237,,,,-1,3.0288330620620343,1774,3.7232795344957372,1908,4.348373404243861,548,2.863101003767736,2180,3.2219740393068075,1115,4.317648667258768,1909,3.9092318504105155,549,3.210349613170712,1912,3.5300242486066606,1007,4.120309775193843,1512,4.348373404243861,548,4.224786166121653,1954,4.910748401561323,1006,4.492154576190821,1903,5.359479009958864,549,4.570658311182765,550,0.9765289059864185,1016,0.8613399298316119,1511,0.8842075102605883,920,0.6157819331957514,367
null,388,,,,-1,4.673291008072863,1104,3.601150659711084,2366,4.245440027239564,1274,3.883707885264602,1103,4.4865200258469935,1104,3.5876537794385426,1016,4.318672521360309,133,3.358203187429383,1106,4.673291008072863,1104,3.7906128175972356,1015,4.5324543457583655,1273,4.401947114524996,909,6.005925425982272,1106,5.49292742577245,1003,5.296424438232481,910,4.581481483677965,910,27.68311538667008,1104,10.287747981641125,869,26.15278452690716,1274,16.527523845420763,1104
null,242,,,,-1,2.682907154739356,96,2.6716822745365683,2147,2.6325792258758853,1211,3.414942572090015,2148,3.2264251594247844,2397,3.11231982242762,1427,2.8511459080928563,763,3.3950045650134224,473,3.6882755387064723,888,3.763033330315662,1609,4.025574047914157,591,4.632953082550586,1236,4.00511798918363,866,3.651939484153563,1552,5.795147467502405,1404,4.228116920310373,1404,1.619967299634396,1472,1.6456794537361055,1424,1.2982720181191796,2355,1.2466071235532188,1236
null,468,,,,-1,3.1577338695632284,1852,3.0374728357588627,1675,3.183891291325084,686,3.333428665945429,1854,3.5060042280661534,1852,3.380181861133065,1205,3.552759580847935,687,3.222072936041299,1206,3.5327946765078617,1851,3.4589016137673405,385,4.071266906695266,518,4.747080777960489,1678,4.613746208201611,251,4.17102100385415,1666,3.7723861684444926,2352,4.197094340179531,250,12.377851046693703,1205,17.599002184653813,373,15.62983334092588,688,10.685637794001238,373
null,616,,,,-1,3.3232433632161786,1990,3.9356688464655574,1203,2.7885923925248397,2005,3.7939362595719244,1828,3.473341129801266,1033,3.4079936315205948,1203,3.49532866368639,1621,3.8182375640427453,1828,3.4720194442684758,1990,3.9356688464655574,1203,4.819577778942334,1624,4.4774125820772035,2007,4.387424648228036,801,4.232801805659809,1204,4.375433673078307,1349,4.19368471181697,801,29.79965195987223,1043,21.39127686644492,2174,15.538989985398315,1231,16.068432984202477,1043
null,729,,,,-1,3.5515160032997253,16,3.6269103868039023,1638,3.2266635811571946,1794,3.0481257742360124,1264,4.1680411274166405,17,3.711851896100742,608,3.887976744476112,2210,3.3323615337453787,1265,4.21024442234299,163,3.8826038012844712,1512,3.9215132445261696,1832,4.70815137436661,1263,4.558051829144038,163,4.481525112816493,607,4.707103673371204,1832,4.047219457491304,811,0.8479737391938494,2231,0.825814959452312,54,0.838660773439292,670,0.9760931294810785,1262
null,326,,,,-1,3.4064852329350774,100,3.337925923072257,1311,2.7462530491281867,1774,3.4697075837844538,2062,3.03752861692245,1660,2.8916746113573617,1659,3.1102111985598966,1855,3.268863999202967,1660,3.6243608885301213,1599,3.5122199138212533,2340,3.4300295581027487,642,4.262007168277417,2062,4.174011396123665,115,4.731553174346743,1795,3.8275204413217083,791,3.8245396367786704,27,1.0474240747319856,1226,0.8572444019738762,860,0.8773993863195306,1029,0.9298359614279872,418
null,1217,,,,-1,3.385826894069476,1670,3.3811163279745986,1173,3.2999900400490776,205,3.402239233666383,1915,3.4370082031531197,1347,3.7368927544607486,1174,3.6623611921159434,2271,4.687886157714123,1914,3.462920565496065,608,3.847482858688325,773,3.7022750405100746,1050,4.715999189145788,629,4.711937158208554,1342,4.6024354874534374,1172,4.393861767728435,649,5.001101512579578,1341,11.07541178807332,2265,5.76886751449484,281,4.6406782619541085,1222,6.838339907883156,2265
null,542,,,,-1,3.30757974585011,137,3.2347581694826735,265,2.8003421781009066,1094,3.0482038412291312,264,2.9824833134018847,209,3.4268358340657747,1720,2.940693240615739,1096,3.0333897275413397,1096,3.7032560412085025,856,3.4349112923397747,265,3.2154038137854117,423,4.252442352245133,263,4.695171129840783,1704,4.436581828344548,263,3.3184966815612027,373,3.6088263306320365,1558,5.673003266931849,2084,7.93793094741785,975,9.094357577269646,609,5.239532767519145,609
null,32,,,,-1,2.6285735480830827,1831,2.8489691746676873,1712,3.1771533150193147,2346,3.530453840961548,2078,3.5623936218820056,1043,3.927519953107583,89,3.2932275309651597,2347,3.311197821721703,1746,3.4921988543107725,1042,3.5630169061711308,192,3.4371797463953913,2347,4.200961087690348,779,4.335848329448788,1568,3.8490859879024018,1725,4.494245090100961,337,3.9721969812076736,1726,265.78663691593454,2334,60.239594487132095,1404,123.02547171125818,2344,153.59631808574642,2334
null,867,,,,-1,3.3540179360256754,936,3.314428337327969,1423,3.327385853682198,1403,2.9254549991793066,2230,3.1957765059815477,2152,3.299002579104921,2142,3.4598861321834167,1403,3.4460276609997624,2232,3.499421810642637,2104,3.7053496712424865,1318,3.6684818019605867,283,4.4561581380253,2230,4.422669497280472,1371,3.879137017580294,1423,4.8167416711237,107,3.9757053417104458,560,1.093981804980259,2104,1.4057285879081816,679,1.1610770259449428,1920,0.9090593084246802,679
null,476,,,,-1,3.31602815732827,1924,3.4619457959603746,685,3.2565432277578528,125,3.531795606997193,1925,3.2054444506126347,1926,3.5561393883077836,1763,2.843972858452288,510,4.2035541279220014,1926,3.952532592963537,116,3.4619457959603746,685,3.301298698937436,898,4.376843186358491,1926,4.251629830676893,117,4.941053936572587,685,4.523250075773729,1677,4.204732702339249,685,2.7263670697761118,2394,3.1506260297671136,1761,2.608326517133649,2384,2.0474102474114466,1761
null,969,,,,-1,2.823040647397303,825,3.2727663411829604,507,2.7422404724125142,1641,3.3324491097503235,584,3.3952455108435835,1224,3.1207678468471314,507,3.253283672927428,1641,2.931805988205493,1440,3.541945712661706,1615,3.56028047626043,1872,3.748833883541852,1645,4.046906006804089,1645,3.7665283519987414,1629,5.634182416814417,848,4.0536369608157345,70,4.271267065770662,1663,0.8436803865925884,632,1.199187372767743,506,1.2637386447397982,1640,1.0002273602904257,201
null,821,,,,-1,3.0374105467829824,1184,2.8834218969917305,1949,3.7149461909850263,1175,3.3344884326274555,1886,2.9868183367755496,1643,3.5541514363716833,179,3.2634562606973714,1071,3.696304883578903,1052,3.70415654632748,1001,3.5137878570148855,1313,3.774723631052646,1175,4.899337674707271,953,3.748974534189142,877,3.449275872613735,1313,4.636978394130774,1189,3.80544693473661,1174,1.7308143370469546,1645,1.8575323442500438,176,2.4481062222825565,734,1.4708723417832343,1054
null,219,,,,-1,2.990525413984245,712,3.6915852310764934,1503,2.5974773431783973,1167,3.437630625724906,1500,3.166605425823635,1423,3.2367125256448244,1502,2.5301636168259383,1168,3.485714234116904,1501,4.169414573069977,1674,3.9029404536490855,1503,3.2540087458374387,1111,4.178785432648949,1502,4.0795564969982445,727,4.569020825107391,1502,3.3668251312009407,940,3.9650438875805354,727,1.2918205543631942,2389,1.2341890395324286,2322,1.0257180641418273,1482,1.1229171784715255,1499
null,762,,,,-1,2.9091005739359836,539,3.588148534246388,384,3.229050072783478,546,3.073370140396349,542,3.095550403214051,2058,3.2430406576713064,1853,3.056149210991321,165,2.7871674758775464,715,3.5805403629905372,1099,3.588148534246388,384,3.3810210885730463,160,3.971122567834921,1425,3.883443310827108,1872,4.838022036865343,385,4.609336505874461,157,4.0451248930470465,321,18.984988987452247,455,27.206247656274165,223,13.709698305607802,431,15.990998583076234,223
null,344,,,,-1,3.802379600193488,2210,3.1872175246491414,262,2.9523033924453634,304,4.048483758257183,263,3.2666048593878156,1415,3.347305902609742,35,3.9777101663587335,664,3.339901858212731,266,4.060956073880521,2210,3.821319994058332,637,3.6715136927798264,664,5.170331439016204,268,5.209821842237233,2211,4.710615976805516,264,5.191649731198274,659,4.874282027830649,264,2.090115295007797,155,1.7547975171684373,35,1.555907748391249,145,1.4564601794952443,155
null,654,,,,-1,3.0627110662393324,378,2.667547591825929,773,3.7986637255188866,1112,2.9682427087541194,1114,2.930965139897513,788,2.818193261325663,2290,3.123632263255149,1114,2.9752472937285606,652,3.7034315011850443,754,4.012777093740622,881,3.8607008554814053,1111,4.537973252555547,1110,3.925167535977355,1104,4.3066649681263005,744,4.456404929974019,1123,4.966531125376034,1108,1.4996747631327065,800,1.3986083653578043,881,1.0938768930551812,293,1.0666968278975326,471
null,1236,,,,-1,3.1433445602105876,1224,3.372099463043304,1746,2.6703996757808546,757,2.860746406084203,2304,3.2099348937347605,889,3.8636155666651018,2024,2.740678046232996,2328,3.2281803871989028,2305,4.391666279876401,238,4.793125564667008,1228,4.671194624262943,868,4.888176783474263,1229,5.253451776065211,1235,5.813853781674682,2251,4.627220360190203,2231,4.721827119162158,744,0.7974939712862662,890,0.9554552439369135,1511,1.0365029274428255,868,0.5558139296360025,890
null,468,,,,-1,3.1379504642987506,109,3.2944806157497264,993,3.927069462268858,253,3.057761947434263,1331,3.645568331131526,110,3.359120789231889,657,3.4258101410343698,2192,3.3581883274128264,1571,3.8164058822197324,1053,3.5828555913188787,624,4.036354397239853,254,4.093983185087116,681,4.981358331504977,728,4.158877875568632,2013,5.694223638873417,1344,4.163513909772119,1344,36.76553151699152,898,27.935578030386008,203,17.787944258225917,499,20.805274836326685,898
null,570,,,,-1,4.290607111475317,94,3.967960342023204,337,4.3671757522691035,557,4.446794947089297,869,3.6904332339291614,995,4.699850983785058,1914,4.540662468361231,874,4.1464426059789865,999,4.346893952874529,94,4.0731252388421355,4,4.3671757522691035,557,5.048863875679746,869,5.069959664350597,95,4.799656578820734,5,6.288263713879592,869,5.150321049539724,869,0.7434931549774035,1644,0.8900509379291697,1640,0.9911047914999248,1503,0.7770199444785654,578
null,875,,,,-1,3.3079717504452373,1349,3.125531019193064,75,3.001441342038069,2274,3.4957258701567753,435,4.005762676417032,2003,4.221370375023807,77,3.3325233622337636,2272,3.5521359765659946,2003,3.524314223724508,2002,4.551337435817348,1062,3.3974552815004744,2362,4.440240064793735,1062,4.298734900515243,2003,4.634421076347497,77,3.3405902593871315,55,3.3312200156497944,815,33.113931884713466,562,16.955967089417936,1584,14.109777926986805,1733,18.86545022624598,562
null,730,,,,-1,3.8209603312111944,773,3.1688247166773724,1547,3.7597360166956646,2252,3.4855438351706343,1547,3.2784968453951246,1608,3.376013595183611,1547,2.980747658384828,995,3.283288680884775,2180,3.880530199804434,773,4.254017678768965,1970,3.9212382374690993,2252,4.6831370465216215,2253,5.36669255674592,1114,5.1664222271278275,1953,5.627299018303566,2253,4.39080439655991,1958,5.485785818090752,545,8.965719470006217,1064,49.871566939344746,246,28.8219324265963,246
null,74,,,,-1,3.4108676269029097,1363,3.3642973357948462,40,3.633323551016146,2154,3.037673526895088,498,3.3496274318970594,685,3.4557020154832934,985,3.3560951416235754,265,3.9404260465324055,985,3.717948695926327,251,3.908351225303594,1672,3.688650598417253,2155,4.242548270394564,501,4.217454882920205,2321,5.121896413843779,40,3.7455077320797967,2154,3.624443218803004,1514,99.03741903270573,2165,30.185076288447558,2212,87.20178081062141,1649,56.643593175294484,2165
null,596,,,,-1,4.143948793759407,1728,3.2559621548819417,1657,3.493099780558233,1462,3.0745986421558245,1463,4.32186560272893,1944,3.9334222158867953,1798,4.001693933406671,1134,3.8131169969236334,2244,4.22131833600547,1945,3.887012785357117,201,3.8440900194599363,2361,5.211362647029014,1659,4.476964613747932,1729,3.8972893249063354,47,4.314966209666167,1678,4.2109545202637655,1658,1.5897409264849438,1423,1.6955091066681733,1418,1.6740353738657947,1134,1.1804818873775098,1112
null,1258,,,,-1,3.2520638200646954,1279,3.224653972331142,754,3.1649836274753347,678,3.2715727126936014,1171,3.6946603059388847,1171,3.2371009846568874,586,3.3336964624839482,683,3.13251325982266,683,3.80795419844515,1656,3.6230132420243066,1479,3.902503411184246,679,4.895035148910849,681,3.7506321658041615,1180,3.8400270809370665,2141,4.528355642105335,115,3.359721941788969,756,2.4140978140541747,610,2.39040247354609,683,2.1805114261053578,680,1.5610019714536418,21
null,1163,,,,-1,3.0424806688540063,381,2.942805836991393,347,2.8721436205653466,1528,3.3490297823075035,871,2.800449575755586,42,3.5146562488753634,634,3.480790913115156,1232,3.3249458196332586,346,3.3943109501100706,1962,3.6626556142651485,1015,4.099118865904152,1263,4.064794182186285,1531,3.9866380353997597,656,4.668627772983443,141,5.057491101445383,1263,3.9955544486184364,2125,3.3435630715165843,236,5.05744616786485,635,6.732927755745145,1052,4.062090210478388,1052
null,509,,,,-1,3.5665418049126743,198,3.357768047826782,126,3.300339423825828,2319,3.459868428207779,2318,3.2607135989996507,381,3.1353871875993566,1426,3.7504255203229278,2320,3.756370745611454,127,4.1527194232212405,683,3.9395461318311846,1832,3.4580525003302243,2319,4.91454510500481,127,5.460945362096763,212,3.6111882949304186,562,4.2912735578068,658,3.935878513202384,459,2.0926456162976628,683,2.257186199235226,1882,3.973303930350445,89,2.151044347513679,89
null,13,,,,-1,2.806707363253093,304,3.1951083645350282,355,3.274806626396779,1140,3.551814901184935,1715,2.900814094629585,49,3.8485482271255584,843,3.3375888874284834,909,3.965970854464857,1715,3.633170851493656,1913,3.9087403950329147,2198,3.6761879716369696,677,4.833114411697706,355,4.188172700387002,745,3.916270022718855,1322,4.569411543085946,1140,4.114353717637809,1716,1.1911795419992801,308,1.0030655933081691,843,1.021053684102119,141,0.9989009017933997,1712
null,314,,,,-1,3.403870382359196,1925,3.702422484499191,1515,3.7000289747112043,72,3.4678255755817515,809,3.2764876190366596,1546,3.915028932959056,1008,3.5681290764859437,74,3.979082351243986,1008,3.5998810780560793,241,3.8455515186163582,1007,3.887015340077981,810,4.628708720540026,1686,4.5540440709293994,1911,4.20027606761419,1513,4.444950489657782,72,3.7276497094911614,810,2.2347597998733293,808,3.3727823780443664,46,1.9339986493625543,1627,2.649473022352431,1006
null,823,,,,-1,3.6735157177927276,661,3.0490432819310658,1448,3.6249459617658255,538,3.363917561874257,1243,3.4104448601150708,662,2.932219906519141,1450,3.7685424937651852,945,3.614150137331383,1244,3.808463058543812,661,3.5936497567424097,1448,3.7299131402293892,945,4.5140665895734715,323,3.6693262329579057,1655,3.4932294909228325,1448,4.6820822183985085,938,4.44603855746497,331,16.605211164572765,108,20.489643401073625,333,45.26211024695813,672,27.06274307213166,672
null,1078,,,,-1,3.0762061854763365,2142,3.3567509180793422,1762,3.824127305194726,76,2.6982972186898344,76,3.106873939283324,2143,3.7498413594038995,1760,3.3960500432556664,1989,2.9884629575069384,1067,3.9553612636560773,57,3.967564160506496,2380,4.087046047106897,76,4.199674130000364,2380,4.950960778560336,1611,4.901791075474337,814,4.888131753987578,1991,3.938437971862224,1762,2.0158403074667217,1345,4.139794234474894,2380,1.482945164585755,1576,2.217615118630922,2380
null,252,,,,-1,3.3443663331950115,1496,3.4946280685150644,383,2.924323549340157,516,3.1114477530934623,790,3.8964012724117008,870,2.799252472025313,340,2.915664700867874,1972,3.163638305162905,26,4.007727722874239,1102,3.5504890458085088,340,3.9909057381318176,1363,4.600761972711881,341,4.9802183175087125,1505,5.159273392655822,372,7.134743412166694,1512,4.825180933717049,1507,18.022112836540813,1885,6.787172948486385,2005,21.8515569259456,1774,12.377178772612513,1774
null,1031,,,,-1,3.7171371817204206,1955,3.2803415971296315,1863,3.608574191154677,1283,3.2512131940712705,1257,3.370926198206837,343,3.0917976717978384,1310,3.2509232853927754,127,3.227704408332026,925,3.762862086880658,1955,3.524136460275888,126,3.9637529157326075,1489,4.156117506944059,1491,4.026544314685647,2060,4.67872590431977,1245,5.550503092985071,1271,3.8721560380346047,1256,2.425426451144367,1026,3.450859571631642,320,3.3144718038988055,835,2.5152277329265735,560
null,1265,,,,-1,2.8766630301839986,837,3.313775790763588,2046,2.9517585411308738,1277,3.072831135017153,1210,2.6758302696051817,1123,3.382909899875874,1812,3.3481361328810606,470,3.015789647248955,1813,3.36199991147374,598,3.7368307749543472,1810,3.758867971914423,1969,5.586533130820088,387,4.244688277993491,586,4.338456612997124,1336,5.453342254504865,1506,3.980591882893524,386,0.781406136857058,1596,0.7840256829860506,411,0.7779739843604023,5,0.8378839157099889,707
null,601,,,,-1,3.5384926496541347,842,3.151335227713242,1345,3.1140170963685367,1178,3.316434928411715,1346,2.7705237977982935,1744,2.738170339621552,2294,3.1938633690188816,286,3.4243541214961306,1345,3.898235986909416,842,3.3994036226349555,1347,3.7607547944157154,288,4.205163820365516,1149,5.379538159624248,831,4.910221670732403,948,5.791776035273996,1167,3.890808220321282,948,1.1552944423826146,890,1.0637787545361894,2280,1.4490997561976204,1453,1.018910790683461,1898
null,436,,,,-1,4.844717020633195,2161,3.109001660043898,1712,3.6184787466935613,357,4.428806690940005,2160,3.400303562691667,2161,3.1886309000858617,477,3.1814108503703973,982,3.1638671269983085,982,4.844717020633195,2161,3.878739068516764,1671,3.835835260209276,105,4.821547843922983,810,5.956132872422546,2161,4.002006391822863,741,4.418045107146676,2237,4.581295021418124,2148,37.30909294625048,721,55.309437810689495,2016,23.886674554074087,88,32.093648454976076,2016
null,1108,,,,-1,3.3023274012165826,915,3.233757089114104,223,3.738452511506104,2312,3.630884346705248,2314,3.931675543866776,917,4.270777858923802,2316,3.910118865063789,2313,4.853709515450054,2316,3.833576745169017,2190,4.650501697136227,2315,4.357038403946774,1298,5.377054009302956,2316,3.9365062557282373,930,5.095810352397966,2316,4.7810497155748015,2312,5.148673344628265,2314,1.5927833076099995,2190,1.5724009306676934,2282,1.579549007349733,909,1.2832687765340658,2314
null,928,,,,-1,3.4522044245495116,1316,3.514480772705903,1470,2.768213573255753,2056,2.891036882616486,1317,3.468552222226598,1316,4.143359975860595,116,3.2098407339943327,755,3.0194508853863007,1471,4.025042922854055,877,4.083288400162348,116,4.124783324301689,755,4.433735247066075,2085,3.9880140310691488,1316,4.857647706056891,1470,4.335843751725565,118,4.442258188862706,115,1.920046234746314,2381,1.4551977925655837,1419,1.4655497195311395,2379,1.186265088059505,2152
null,1277,,,,-1,3.7123533834483875,314,2.8632549058468086,1545,3.4084194152634666,712,3.506339142781703,1006,2.7812353055611907,2150,3.3230988086465696,1005,3.1900656593792673,1586,3.9041315454358214,1006,4.1302986949516844,310,3.756287201638995,332,3.9866366016457566,1583,4.4345516179838205,1803,4.610965542055419,315,4.384390153719764,1550,4.590259934088634,713,3.328062018007661,186,1.212879691996086,665,0.6751564714255283,629,1.3225895496974474,1583,0.8794253343778377,707
null,383,,,,-1,3.128680083928355,1230,3.267640988840423,1638,3.424410863240805,24,3.0414248788994267,405,3.7921373278238804,1233,3.4835798017152206,1159,4.319374178870373,24,3.382540306941359,467,4.043113143158021,2253,4.046411354771145,108,3.920616871480268,217,5.152629770008071,1233,4.469165306881537,1232,3.764610771285077,109,4.363007888241281,23,4.693967590369569,1038,0.940937164123461,2207,0.9850114941116969,1158,0.9318852865700388,649,0.8898896699168141,649
null,315,,,,-1,4.567405338654153,96,3.850071177756687,1454,3.544581068137324,61,3.789344604865,94,5.450872985033923,95,4.5177895982035325,2177,4.115388515861315,1165,3.9432940666902496,95,4.65929572823662,95,4.408476266391168,1381,3.9912026818760236,263,5.115742748855274,574,5.654466652940645,96,4.355696552290168,1454,4.528612394249926,2100,5.074997683378483,95,0.8813599016088022,94,1.0384136472331902,1166,1.2192952855196992,1360,0.8367278244908208,2353
null,1122,,,,-1,2.9843022446371483,491,3.1763230032494407,1596,3.3453336474360116,735,2.6136520279902387,1696,3.07592042414999,1668,3.16132370065395,1675,3.42045743565423,526,3.0115067382394587,1288,3.8270280530426164,1952,3.234655550662865,2294,3.628595597972074,890,4.676413462223376,592,4.180356394132708,1930,4.10514919486471,1521,3.7204157426167472,1166,4.374032285649096,1950,35.60171139316071,2201,78.06026612473518,2000,35.144879876942596,2396,46.826467133313976,2000
null,1226,,,,-1,3.383176440237113,1008,3.30573025020629,1990,3.511416551193671,916,3.6323403957135305,325,4.047987697824999,1007,3.566829043304889,572,3.312838830204761,803,3.701049157408428,776,4.273824857733617,1007,4.812990802755397,1990,4.445057273367591,916,4.8146321183335,322,4.995937477628528,1049,4.812950831517233,1994,5.146295565417598,916,4.684652819508491,928,3.323172948115569,2326,2.318222333572297,571,2.149207244453766,1029,2.280445492867625,2326
null,677,,,,-1,3.330320421625244,2181,2.773753066974823,1194,2.8161618134501114,1609,2.911651956695366,1572,3.541033631506318,2,2.7984921338394333,204,3.1535706585839387,114,3.476569927210867,0,3.418619394241115,2181,3.2490684733086486,636,3.5246359818360915,150,4.288094514161223,2198,4.283141727409764,1819,4.612182367602506,1891,4.5255810037802275,1521,4.058475661041004,2168,22.70061550303128,4,41.10769176605179,542,20.647799121049182,1298,23.59429887412126,542
null,1073,,,,-1,4.255022533774218,1967,3.818066846013337,67,4.550369621053892,1085,3.7427941466411423,1085,4.341418849956444,1966,4.305727773018373,1615,4.295889821045088,1087,3.8086101041072795,244,4.379397056635464,1967,4.274853639849367,1053,4.585898035671991,1086,5.486230475014571,2380,5.307010545132333,1287,5.071331313366005,1053,5.355695047413636,1850,4.269613303413891,1252,0.9466947133077813,952,0.7160046086804271,1704,1.051239791104414,2380,0.9188338418959803,2380
null,974,,,,-1,3.217086549710649,258,3.6141554108708407,1837,3.29962421237282,250,3.3965820271361875,722,3.839814369776277,766,4.533370504299297,1837,3.4830487490533484,1505,3.1957844409160674,1094,4.066183544918625,1741,4.538445882399931,1837,4.624754137334893,637,4.994583340041998,754,3.6819308411726483,1752,5.170277310373039,1838,4.69528242587651,638,3.7189572336822767,1837,0.8354210055732704,1740,0.8233128451781987,704,0.7692035066367471,723,0.7449200292839494,722
null,1171,,,,-1,3.184551828313985,555,3.434315107307287,848,3.5954959877250094,894,3.5112522982209677,2052,3.642195512855601,2369,3.349723860463847,148,3.819426186123549,895,3.675856564226604,2297,3.242704307806207,2368,3.434315107307287,848,3.6925307705366723,355,4.381156067241519,1673,3.8454289391335528,555,4.512110882672494,1673,4.075851745239256,270,4.603098592433159,2383,1.079708716644368,556,0.8253724583029793,147,1.1248285691694335,893,0.9204235853234204,1896
null,1254,,,,-1,3.900554486886598,472,2.6717776661085617,1882,3.312699023172897,716,3.153236468853586,2059,3.3056283232915273,473,3.1352906502149662,130,3.196712581533632,2152,3.4261685865285565,2058,3.900554486886598,472,3.3412042348289805,1971,3.478960816588488,716,4.171188534805935,1968,4.094381207530749,1218,3.8170465770487025,2192,4.176694040427776,160,4.021570078402462,1609,63.732743405300624,1603,30.067161165102743,2140,74.04150368871954,122,42.23466875966971,122
null,655,,,,-1,3.2458620419671935,1201,2.7038571389778014,2308,2.737698504498604,757,3.3502811545468507,2306,3.519521871623423,75,3.010246721720884,2224,3.268744039484573,1629,3.572394566167684,75,3.753452151455633,1844,3.07899396201988,1315,3.753998457234943,1628,4.26090927378862,402,4.135419358253375,1201,5.851130327943795,340,3.8899328071970447,1413,3.592930636122383,2295,28.659225517587917,1640,33.09149488991334,585,51.29364516244404,1978,29.44075109130927,1978
null,821,,,,-1,3.271816777582608,2317,2.744097061241513,1526,3.0932506555927004,364,3.5530681989576918,1265,3.1488699055564204,2317,3.112985702469655,1602,2.8747931956459816,752,3.28881962097869,2291,3.56868491798713,1536,3.5261731802957184,1232,3.8003758785010806,798,4.706009059436092,798,5.695495092102707,1530,3.522190735195379,1538,5.441396332337198,111,5.17396681175371,1529,1.7870864801460704,1959,1.2210625571635352,2017,2.056937234321971,798,1.963966321668715,798
null,1163,,,,-1,3.231447805272363,1105,3.245880925011587,508,3.22694708183913,1026,2.8509866799089094,1896,3.112493093834475,2263,3.061862619224832,1354,2.8656954767901928,1026,3.1430912601985828,1244,3.283542619291885,1105,3.675427690777989,508,3.6562090961544076,101,4.640142929272124,98,5.244548249500841,835,4.008172206484009,1744,5.2170509959158,97,4.915792404625411,97,8.287746867908401,943,5.842140283371002,740,7.082164532117281,869,5.101030367915473,943
null,216,,,,-1,3.5730753204462324,1229,2.921031004544457,724,3.2414549612892576,598,2.895226909264653,691,3.19778533277106,1185,2.9808500169942147,1249,3.2602695224316616,598,3.0180691438403193,1277,4.032559716402977,2188,3.4568910068776995,1137,3.6844591413241536,1279,4.920410429867578,1670,5.792828445848083,2190,4.544674815587851,98,4.6412556756599255,1240,3.85816188310714,1240,1.1084473665233632,1699,1.2763984666624923,1278,1.2746602008992012,1279,1.4569215779336286,1670
null,1150,,,,-1,3.564772085440375,89,3.584284631058942,1840,3.2038976865515543,909,3.949949888734375,89,3.4807629516337264,2155,3.525151440802074,92,3.595553416042455,1552,3.9134280432729263,91,4.4038014093967215,89,3.874709645305885,1821,3.720560482070894,296,5.103768203211978,90,5.004974516548868,89,4.777142356312708,1586,4.476747910166237,2225,4.380274195095449,2225,1.392771676059961,423,1.447795519390821,1575,1.46991063675142,1550,1.2242825342948187,1550
null,121,,,,-1,3.3953529157812428,2223,3.3876957264567333,1483,2.824369761970969,75,3.8176702430344402,1482,3.7783026222564886,2223,4.005812058101565,1483,3.8698619626647632,974,4.82565888930494,1483,3.546850570649376,2222,3.5449085933537976,2179,3.2447053665856,74,4.550436798568286,2018,4.4103195508720265,2222,3.9373890290809803,1483,3.99225628668491,73,4.319820681602528,1482,1.8038336089572078,2398,1.9331651923812563,2143,1.6116465062797523,2370,1.836441685382703,2370
null,711,,,,-1,3.5091105641975084,85,3.63079969362306,1304,3.171993789995154,527,2.6943096737772225,1496,3.4218486175780662,349,3.9900761360115844,0,3.3146356133557884,1661,3.177538866308514,1661,3.9105936210041716,349,3.879064468568028,1304,3.4830714412525543,648,4.341706385600396,1657,5.014230851505692,350,4.246115207185545,1484,5.0512367070431,1886,3.9091334973656884,2368,0.7998760852158526,897,0.7185451525611727,1659,0.6673665497081971,647,0.6249172644291748,84
null,819,,,,-1,3.4633796521133853,930,3.2096044039737395,237,2.9696523067843796,1065,3.905748555834925,1282,4.006172659519125,932,3.6304604554627633,1443,3.2541040034416087,663,3.3750437989161535,1283,3.8659721480007034,1476,3.7166637759045607,42,4.134797402798566,1701,4.189310598772105,1012,4.452771837521737,1094,3.8419155790752324,419,3.2866097821846174,1000,4.134818962882942,498,1.067305068610185,1851,1.1675182801094006,799,1.0986761606849629,1097,0.9351994392170068,799
null,720,,,,-1,2.8991569789799048,2206,3.0340389665818988,355,3.797641138104881,1403,2.689759456825577,1533,3.3572122274887257,84,3.469172876674134,1524,3.9205664879643356,1403,3.7773517746978453,1709,3.7099767914799378,84,3.4245196297840828,1177,3.8722738458541324,1404,4.278863527014156,734,3.7167322206183293,227,3.807315317712449,356,5.498172452706279,1405,4.891199587976278,1287,345.1600462378715,1674,27.17683640724372,2327,53.106614431684136,1723,199.24962198167538,1674
null,860,,,,-1,2.940575990798757,509,2.9984242748301826,2190,3.1147965081075224,1977,2.7940189433371008,1164,2.9110738778032683,2253,2.842348553701122,2395,2.8604170689009467,1228,3.043898653461381,1069,3.980382115708072,824,4.149194821451107,1753,3.4797008764853485,1978,4.690736177003783,1610,4.364665523461897,519,4.900824868299223,1894,4.310803611347021,2359,4.1761176582928465,511,1.8501456729186208,1656,1.59069175446475,30,1.0480438133773329,50,1.1712613153959517,1610
null,209,,,,-1,3.5310697953851733,1168,3.8249569573524136,185,2.619349423532294,2079,3.2166861674874343,1167,3.005483518981988,1546,3.073236076291223,795,3.015223495810602,2189,3.035354350783669,1102,3.5310697953851733,1168,3.9524627324753583,185,3.531949395382632,2190,4.434413599605676,1167,5.250486655650007,1311,5.18432659380141,1942,4.106243360399251,429,4.9897372443385475,2092,1.841457916370438,171,1.591939721030053,740,1.8315549769418062,799,1.5318409327771338,645
null,650,,,,-1,3.3796673068662306,1161,2.6903991754038272,1789,2.9458375389719818,39,2.703286043603694,40,2.8912356053780983,1021,3.093322459665663,340,2.7077660796511234,766,3.186070756642951,766,3.9172876149886062,819,3.631871554451255,696,3.785836540289146,1658,4.603464493253972,1658,4.676564553377087,819,4.889385179317383,1121,5.033697504373932,1931,4.233720496748025,51,7.548231953710969,1023,16.792428032793442,2098,18.998172107987216,825,11.825547987684246,825
null,799,,,,-1,2.864901114984195,1646,3.1114861364963304,419,3.125155332842952,1979,3.774142636480251,420,3.0840404023052588,1475,3.0366499693715405,375,3.154825367157366,170,3.259109498168169,1592,3.839113014006675,2228,3.9346666017910916,2029,3.8622937191105304,549,4.504995988818833,1984,4.403121771454858,2247,4.222761975831203,361,3.9514764590792453,2082,4.147854691193785,356,0.847535734883795,2214,0.8573652512934462,2155,0.7611464691620266,2315,0.6064881371051825,0
null,716,,,,-1,4.882618008513376,947,2.857716631467212,2141,4.384469272572415,1363,3.159508995588258,436,4.978715499463959,949,4.048599286545282,1971,5.18531066686941,1365,4.183447512026386,2294,5.117102447144536,948,3.8135509506874166,1279,4.384469272572415,1363,4.605184335584946,2295,6.640743627733726,948,3.9104019779055834,1970,5.531664020326816,1363,5.038034734946003,947,1.18420314465514,677,1.0391432380687982,1057,1.119491616723771,2295,1.1999657487421926,2295
null,702,,,,-1,3.3014303427892466,2065,3.323618699626043,1903,2.8697173880472278,955,3.132157658251143,2005,3.0383019660637887,839,3.293513444271369,1096,3.390189000377031,1063,3.1184356400103352,1062,3.5785790311803622,2094,3.825359812185596,1096,4.349285413311525,553,4.163864044266438,1801,5.092592006610003,2067,3.9326295638833724,1675,4.186364983012549,553,4.00482939008228,1283,1.570821392000165,228,1.5694053966456016,2307,1.5767988367472443,2002,1.2199426375966878,1333
null,9,,,,-1,3.762973236958704,103,4.120849359780144,1990,3.6348009076620396,2036,3.856809890869089,2035,3.449274742930602,2006,4.313477864832444,1990,3.702361567906514,504,3.7357830690462315,1995,3.80658611392487,103,5.041932321195527,1989,4.046300172745125,2095,4.369297135438755,952,4.345079201891359,104,5.921447878420484,1989,4.7979216024182785,2038,4.582170854979278,1986,12.161152189451101,288,20.921493292996182,1773,5.25377565294955,1925,12.020167248649626,1773
null,998,,,,-1,3.150129376709645,451,3.5021952727821644,678,2.982533205399612,2023,2.8812363252959035,2348,3.5623471303504366,1616,3.5633863051155235,1550,3.16501997543579,1411,3.1557328161141007,1550,4.258190702723248,451,3.921733048636273,680,3.6186346616205602,53,4.523321610679489,1687,4.584511895473754,197,5.835989995683888,665,4.682921524847952,2011,4.351383261244263,2012,38.39335989308543,19,35.57676023436067,1842,32.29213546060983,327,21.839327507480977,19
null,1024,,,,-1,2.8427229672632763,1057,2.885588750113114,1074,3.7349673568525485,758,3.361168751806595,480,3.5249276560839244,2145,3.626165502457552,1074,3.6621925178821924,889,3.2397659178354328,394,3.330792068893425,1894,3.3749839974621305,523,3.8235996816528304,758,4.248209446062108,481,4.291724861009333,277,3.994072857639188,1763,4.165544329114104,757,3.392301316380437,2028,66.70868644151543,780,55.44456093429131,1059,84.09929808437647,1877,48.55143540583212,1877
null,828,,,,-1,3.475294450176935,1025,2.9213480188371794,693,3.783219657596454,1872,3.799130552616835,1949,3.551299929973996,1025,3.1793623921897995,1132,4.166642489933283,1872,4.238592604404407,1363,3.5712412166641236,2104,4.143811014208647,1738,3.8253096338105146,1872,5.472391844810467,1738,3.9056209563511617,2104,4.315877672932129,407,4.574674475717861,1872,3.9509096470514087,748,0.8462209133536933,658,0.9791259918378042,672,1.1620169054167928,1874,0.8088359995742775,2017
null,315,,,,-1,3.6789406647549625,633,3.84007877172037,1786,4.187610161468318,2366,4.090822695429708,391,4.541207077344501,2333,4.270760087753489,1249,4.4739940321588305,1756,4.716637917268374,392,4.389178257848446,633,4.902279249988095,1863,5.005618314017163,618,5.1481191532302155,391,4.835555235397463,634,4.964567414542124,1944,4.844528596092438,2366,4.499721616048023,391,1.1030442646447003,513,1.6082858010759533,1056,0.9790999353684529,1755,1.1368653423037447,1785
null,736,,,,-1,4.418893291674175,184,3.143580235541951,1210,3.583015606993563,724,3.1661664097617934,184,4.225243820667006,184,3.136074664260488,2246,3.264902520680225,1271,3.1537880544079426,1271,4.897739128192203,184,3.9713701374646098,2255,4.018799483667896,906,4.606879671973458,183,5.778147072360879,184,4.547083702553034,711,4.125645824912122,1567,3.9765933675065344,725,6.247128355081718,764,2.163251339527508,2255,5.629589822228754,906,3.528140618039814,764
null,214,,,,-1,3.463316007281531,2324,3.1945127344277284,146,2.68489524972485,2066,3.3593692290121626,146,3.3593718717414673,2323,3.413305142439258,144,3.093877307635572,883,3.2787104878929285,146,4.045396297643624,2322,3.3701565076193454,517,3.1636986138546925,1396,4.234128061643004,1818,5.498735725729512,2323,4.424647220976086,1898,4.622688293912748,1061,3.958830226574818,1994,32.91183759187843,1211,40.71613487814975,1769,46.29618371229403,1315,32.47972845104019,1315
null,530,,,,-1,3.938879031877793,99,3.3595453663446175,624,3.0498257264874704,1229,3.5360098962953326,100,3.5172704511798374,650,2.9992048121099466,1243,3.705358857729765,1233,3.474907706719715,101,3.938879031877793,99,3.8077598479495074,468,3.7935140963996496,2072,4.989114180836586,100,5.060611389354029,88,4.078808086721016,1472,3.8354255692337897,2067,4.133384018414647,100,14.997315433618857,707,44.58512091822405,1675,22.784217076004794,1688,26.48619911943512,1675
null,897,,,,-1,2.7921349038122942,2167,2.81136347586534,1040,2.9112690362129756,331,2.7106431388203065,1981,3.2558717525906,1783,3.1639724852751123,243,3.392746446510743,755,3.2552143365700403,1783,3.2982693677592647,209,3.6007069670600553,243,3.728895441732269,327,4.024974726989113,1782,4.030234268040669,359,4.784079552171591,1042,4.148834876466042,540,3.554493780667214,543,76.53199068893014,1015,141.38417255050393,752,35.90031921621604,1351,86.04848207954147,752
null,10,,,,-1,3.7074547629018406,2371,3.349122626118068,888,3.7005220240635404,2350,3.024602164600122,1866,3.9773897902517974,2369,3.5211835130443285,889,3.8155975739688137,842,4.058353103272278,715,4.19821724876717,600,3.725315285756533,2317,4.075024264071665,714,4.126342872477441,1190,4.199259645410963,2372,4.440384715957681,886,4.211768134172576,2350,4.448957603088157,1061,1.3035229708748255,2374,1.2846404724549676,2383,1.358647917490115,2348,0.9816769508271983,5
null,1200,,,,-1,3.342948662087755,1892,3.497401533099251,1611,4.233776436170655,470,3.475477141499957,662,3.7912687507860556,1893,4.136154229217659,1610,4.079826854732608,469,3.566550496050998,663,3.769003016886389,1567,3.8352958314515364,1612,4.233776436170655,470,4.365199980823266,470,4.848871222206781,1877,4.033676938187893,1452,4.747611904915395,1832,4.256557441309965,470,49.28986997049474,434,37.53228247601184,1804,21.583837361176897,475,29.098964805328716,434
null,88,,,,-1,2.85310330805082,712,3.1077577499138465,864,3.887528890178681,374,3.430747084708553,56,3.20366933302087,1184,3.4664159841820905,1902,3.900343077844189,375,3.57747457940412,1902,3.4175080918442475,17,3.8978952558174638,862,4.052308478802868,373,5.046481941829386,376,3.599446036274076,1065,4.501733000641701,2286,4.570725396349818,374,4.934202784189394,371,43.83161437979374,1172,57.02203843929977,265,46.12565214344246,1716,32.5236601321663,265
null,409,,,,-1,4.7218286685685795,2165,3.051479328155124,1166,3.923259143911506,522,3.0493408754270908,2167,4.91015578339205,2165,3.0794281088899544,536,4.666308752467395,1350,3.3065969772378176,1347,5.231565088967195,2167,3.5111646376887418,141,4.648864871128146,1349,4.8445135723954165,2170,6.197228434204077,2168,4.8556532212908765,1200,5.440575454292613,1351,5.302145692567999,2302,21.301688509573946,1992,20.749461349253263,669,36.58590275780904,368,21.213927859310264,368
null,816,,,,-1,2.701500367052845,2169,3.3126668809413498,1133,3.2961840047281132,113,3.138496558405132,897,3.044956808888101,1706,4.455012159780998,991,3.9220846320208356,1373,3.7723016288855193,1706,3.4656712683494617,1769,3.606667018261401,993,3.696615470789023,1373,5.012743851682313,1202,3.9287057726431667,1227,5.05794633494369,916,5.601832110744026,206,4.295887083126346,205,1.5556039319215609,971,9.343597958939393,993,3.108193629287775,1375,5.538974327127313,993
null,73,,,,-1,4.154049334938838,1584,3.956114361749401,1167,3.505114623328984,691,3.2895345991099108,402,4.149955532625468,480,4.966832233461086,1631,3.7520769560493954,1313,4.1347926495580065,736,4.251958856522851,1585,4.217244594941298,1631,4.754513738125079,1081,6.313219534442625,735,5.611662311974879,1596,4.539018899585756,1167,4.298125111451546,1095,4.697241664452059,647,2.016203998764922,1585,1.182449133734535,1591,2.084672906398624,2176,1.5401591667399497,735
null,926,,,,-1,3.2619281561120217,91,3.011976863506268,2172,2.8220958139542383,443,3.3674004875989088,1250,3.30782780775772,36,3.885860372057899,1069,3.2263138016074078,443,3.073783895371893,1628,3.523182262510855,63,3.7322242861839907,874,3.8916544704440104,192,4.245974182722402,2143,4.42778557715389,92,4.58669147911546,1440,4.161424158255331,915,3.4421083949157083,1252,1.5504370249136818,1389,0.9104690826721998,2349,1.0322200274317428,857,1.2650392993318138,2349
null,525,,,,-1,3.1978300772445065,960,2.969341779982563,570,3.519429052201731,1318,3.256865500666214,350,3.419506178684888,480,3.1820691057154815,572,3.449610259730655,2101,3.0183465737426443,1953,3.5246037550518445,960,3.4343597085470345,1581,3.7515638875282282,1319,4.639120322756827,407,4.032015932920215,1146,3.674126964290755,659,4.553619262265711,1290,3.975576540376573,1318,1.2271178339120488,2386,1.3923166618031377,2397,0.9120118247932887,981,1.0241589228892527,2386
