kind,ref_idx,depth,objectRad,dist,center_frame,RickerDetector|Green|peak,RickerDetector|Green|frame,RickerDetector|joint|peak,RickerDetector|joint|frame,BoxDetector|Green|peak,BoxDetector|Green|frame,BoxDetector|joint|peak,BoxDetector|joint|frame,MultiWidthRickerDetector|Green|peak,MultiWidthRickerDetector|Green|frame,MultiWidthRickerDetector|joint|peak,MultiWidthRickerDetector|joint|frame,FresnelMatchedFilterDetector|Green|peak,FresnelMatchedFilterDetector|Green|frame,FresnelMatchedFilterDetector|joint|peak,FresnelMatchedFilterDetector|joint|frame,NormalizedSNRDetector|Green|peak,NormalizedSNRDetector|Green|frame,NormalizedSNRDetector|joint|peak,NormalizedSNRDetector|joint|frame
inject,1088,0.09957447898380012,758.6374133985796,30.614602859042922,1459,4.191775038850145,436,4.191775038850145,436,3.414166728320505,436,3.414166728320505,436,4.191775038850145,436,4.191775038850145,436,5.660749562821056,437,5.660749562821056,437,1.8351701723884009,435,1.8351701723884009,435
inject,668,0.13606927576408223,1540.1441536727973,38.15437487198135,1402,3.1691780099221303,107,3.1691780099221303,107,2.887320979852438,1852,2.887320979852438,1852,3.9778591876679172,220,3.9778591876679172,220,4.051834259654963,371,4.051834259654963,371,1.0885029895376555,220,1.0885029895376555,220
inject,530,0.011876544690180624,357.09547801928943,40.94483169644916,1878,3.7392407822788485,149,3.7392407822788485,149,3.52251326196269,1221,3.52251326196269,1221,3.919348246658994,149,3.919348246658994,149,5.470509785702378,139,5.470509785702378,139,14.013730420479149,541,14.013730420479149,541
inject,116,0.2825409514708893,1018.5682760360194,30.424795067181943,819,3.1832047309516898,1386,3.1832047309516898,1386,3.449309066729877,976,3.449309066729877,976,3.312309063416233,1386,3.312309063416233,1386,3.968018436939455,590,3.968018436939455,590,0.9509633972641466,2130,0.9509633972641466,2130
inject,359,0.10198777136371895,952.2518422452018,44.958149036838165,1418,3.7822909930349016,2124,3.7822909930349016,2124,4.5062683859992045,2124,4.5062683859992045,2124,3.7822909930349016,2124,3.7822909930349016,2124,5.1176582453033905,2110,5.1176582453033905,2110,0.9572055034731425,1616,0.9572055034731425,1616
inject,1071,0.19329570671662344,961.1664207644765,32.02644757533617,1557,3.15022791165289,1849,3.15022791165289,1849,3.956205597312381,992,3.956205597312381,992,3.907499359016561,379,3.907499359016561,379,4.479048555943578,336,4.479048555943578,336,21.300765386145343,968,21.300765386145343,968
inject,565,0.39504075822363804,1812.1293183933005,44.01065273934375,1172,3.6569418676778005,700,3.6569418676778005,700,3.825587056547199,1150,3.825587056547199,1150,3.9593905686252726,1153,3.9593905686252726,1153,5.839846558072737,702,5.839846558072737,702,2.8693797783349946,697,2.8693797783349946,697
inject,918,0.1891692357659781,874.4490833621265,35.87428500792242,1378,3.040574935143653,1577,3.040574935143653,1577,3.1163840066774524,1856,3.1163840066774524,1856,4.15429138994232,1600,4.15429138994232,1600,5.140043061202592,1581,5.140043061202592,1581,2.162639550385832,1080,2.162639550385832,1080
inject,69,0.21338958322944124,1715.4950510107763,41.80647461233025,409,2.95072513551191,2191,2.95072513551191,2191,3.2209617925230227,457,3.2209617925230227,457,4.076830964760981,664,4.076830964760981,664,4.0222246873590555,2192,4.0222246873590555,2192,1.7361041359136256,1214,1.7361041359136256,1214
inject,863,0.22314272251889444,555.4750937212264,36.7550904997393,888,3.3762293301385684,1594,3.3762293301385684,1594,3.5934681324179567,1593,3.5934681324179567,1593,3.5048888724809526,2161,3.5048888724809526,2161,5.1173692636617805,1941,5.1173692636617805,1941,0.7184819965684082,1593,0.7184819965684082,1593
inject,748,0.28574665853120773,637.4721756657341,31.36129568428683,1018,3.3609578476921516,2075,3.3609578476921516,2075,3.963539697608276,2075,3.963539697608276,2075,4.574390965823765,1970,4.574390965823765,1970,5.0430070729521015,1296,5.0430070729521015,1296,2.374563503342324,1970,2.374563503342324,1970
inject,1137,0.655499311646719,1901.5922878610463,35.47665252367243,628,5.845341538086742,592,5.845341538086742,592,5.632114369983343,592,5.632114369983343,592,5.845341538086742,592,5.845341538086742,592,8.515233764528295,592,8.515233764528295,592,1.5819718038702442,592,1.5819718038702442,592
inject,553,0.39757329702621436,1922.8038392742533,37.4984372053147,1086,3.2263719403980624,968,3.2263719403980624,968,3.8459981245113193,969,3.8459981245113193,969,3.9967246695305882,968,3.9967246695305882,968,4.186167800486758,1752,4.186167800486758,1752,34602928.686967984,237,34602928.686967984,237
inject,787,0.230905331080266,1082.0767368254633,41.36593267962437,2052,3.7467897537493124,2005,3.7467897537493124,2005,3.9039950680853868,2005,3.9039950680853868,2005,4.155388975099128,1920,4.155388975099128,1920,4.871094736752947,2005,4.871094736752947,2005,0.805962673814288,2380,0.805962673814288,2380
inject,111,0.0193154385085319,1548.6220720408398,40.66714316984625,1037,3.864497843126701,736,3.864497843126701,736,4.995836052066261,736,4.995836052066261,736,4.117841185497047,2048,4.117841185497047,2048,4.991506278679531,2155,4.991506278679531,2155,23.115320039958224,2180,23.115320039958224,2180
inject,1245,0.14348503087403197,1945.474522871899,30.22059457448054,2011,3.6310035651416013,449,3.6310035651416013,449,4.065460439044633,1583,4.065460439044633,1583,3.8549031432643925,1583,3.8549031432643925,1583,4.518912674075677,1583,4.518912674075677,1583,1.638738041671346,725,1.638738041671346,725
inject,493,0.14526095430634423,1953.4689834990234,43.34903333580781,532,3.1170607889443454,938,3.1170607889443454,938,3.316036978907504,10,3.316036978907504,10,4.018227521208153,1827,4.018227521208153,1827,3.66565162946121,1579,3.66565162946121,1579,2.3384217372663647,1827,2.3384217372663647,1827
inject,1139,0.3793769627743736,1870.0012716318981,33.99195408438439,1772,3.02673997606952,897,3.02673997606952,897,3.7944779896342578,1383,3.7944779896342578,1383,4.998314008704938,1380,4.998314008704938,1380,5.706101220896639,1382,5.706101220896639,1382,1.341268050516496,1516,1.341268050516496,1516
inject,884,0.2991672824864443,1544.4105326161534,39.21559870423495,326,3.2385931372173764,311,3.2385931372173764,311,3.537539796029966,354,3.537539796029966,354,4.714713945288263,255,4.714713945288263,255,4.299337191186995,358,4.299337191186995,358,1.0562856030094552,255,1.0562856030094552,255
inject,134,0.10368517950290745,1171.6898295455326,43.93656331195509,1689,3.4413724369078973,593,3.4413724369078973,593,3.523823916685412,1178,3.523823916685412,1178,3.8270078309246642,593,3.8270078309246642,593,4.467018365996536,594,4.467018365996536,594,1.2110598431528894,2130,1.2110598431528894,2130
inject,837,0.3438804350691437,1031.5078443113166,44.49093121176105,903,2.998938016477569,215,2.998938016477569,215,3.6253573662202654,2361,3.6253573662202654,2361,3.8268229949369807,2361,3.8268229949369807,2361,4.569002047965615,221,4.569002047965615,221,5.055061753305287,2358,5.055061753305287,2358
inject,291,0.15986912775855433,683.9780283094515,31.868320587529254,1936,3.550524035968761,2372,3.550524035968761,2372,3.2771681394090466,2370,3.2771681394090466,2370,3.550524035968761,2372,3.550524035968761,2372,4.229337372495624,1798,4.229337372495624,1798,1.545053939551231,975,1.545053939551231,975
inject,973,0.2076755270314402,1252.809118410516,34.32631821646816,1787,3.4161372048275536,38,3.4161372048275536,38,2.802969665971421,901,2.802969665971421,901,3.851736640212632,39,3.851736640212632,39,5.025435845283113,39,5.025435845283113,39,4.4118081305345624,705,4.4118081305345624,705
inject,909,0.08813051080036571,927.9874988558574,38.28917265781931,2071,4.314090894192248,1071,4.314090894192248,1071,3.519486946255072,1072,3.519486946255072,1072,4.354885539910002,1071,4.354885539910002,1071,5.328461146809172,1071,5.328461146809172,1071,39.23320517626758,2354,39.23320517626758,2354
inject,1041,0.0708369702148115,1846.9302348259048,30.64600332852306,1021,2.9972163387415582,1207,2.9972163387415582,1207,3.0748770566395223,434,3.0748770566395223,434,4.0762409746323796,504,4.0762409746323796,504,5.222719210524229,251,5.222719210524229,251,0.9200654200039314,504,0.9200654200039314,504
inject,167,0.343789128758207,920.5784681890601,31.1794505574846,268,3.7246190062997875,2248,3.7246190062997875,2248,3.904359634539028,2250,3.904359634539028,2250,5.081054832963243,2248,5.081054832963243,2248,6.022962539792894,2250,6.022962539792894,2250,1.275846480202734,42,1.275846480202734,42
inject,817,0.19527059336637576,515.5890738441212,42.971674431011614,2042,3.122240226678419,212,3.122240226678419,212,3.2192861928803618,1036,3.2192861928803618,1036,3.6267802412884613,1075,3.6267802412884613,1075,3.845616713986607,1293,3.845616713986607,1293,1.8981097348668567,1035,1.8981097348668567,1035
inject,431,0.7331773331968263,1959.9859472912758,41.635367821527424,1178,3.3319089650927207,1097,3.3319089650927207,1097,3.1563645193963685,382,3.1563645193963685,382,3.3319089650927207,1097,3.3319089650927207,1097,4.23293452791077,369,4.23293452791077,369,41.305754929288206,1044,41.305754929288206,1044
inject,822,0.054864733867308835,1168.201059424197,35.16443596443488,1923,3.275037738519384,1527,3.275037738519384,1527,3.2280285552790273,142,3.2280285552790273,142,3.6052046935744775,1546,3.6052046935744775,1546,4.367381871922829,1539,4.367381871922829,1539,11.359066665624487,959,11.359066665624487,959
inject,380,0.1290126315977268,1680.9701767891318,40.01834108357027,1921,4.046921190981965,1704,4.046921190981965,1704,4.524964472881078,1705,4.524964472881078,1705,5.166387682120913,2377,5.166387682120913,2377,4.890921910013089,1704,4.890921910013089,1704,0.6464656752471942,2377,0.6464656752471942,2377
inject,811,0.115778478405268,720.1494585475828,32.11869835351548,1884,3.210901065141391,1800,3.210901065141391,1800,3.2821213459249887,1798,3.2821213459249887,1798,3.8763360198770744,1721,3.8763360198770744,1721,4.570066878519403,1877,4.570066878519403,1877,8.682927484966608,960,8.682927484966608,960
inject,872,0.4584555721345326,1847.434802567293,38.42101151325335,1001,3.135403547108552,806,3.135403547108552,806,3.7129664945176835,633,3.7129664945176835,633,3.9977332056372634,634,3.9977332056372634,634,4.2940505628328856,805,4.2940505628328856,805,2.3640275072201327,631,2.3640275072201327,631
inject,955,0.2541587778677178,451.1905884186624,44.72914039690059,1244,4.650375859946629,1105,4.650375859946629,1105,4.490094647766583,268,4.490094647766583,268,4.650375859946629,1105,4.650375859946629,1105,5.734592577913016,1105,5.734592577913016,1105,1.2430525566869635,1104,1.2430525566869635,1104
inject,942,0.32489998008450494,1302.779048145616,34.79522454423997,2107,3.510299370038641,1024,3.510299370038641,1024,3.428415287948102,1328,3.428415287948102,1328,4.13583799711928,238,4.13583799711928,238,4.982992454308833,1024,4.982992454308833,1024,1.4008066619309048,1327,1.4008066619309048,1327
inject,849,0.4085949386288952,1323.806599845364,44.436346396865716,1347,3.3809531953388237,1136,3.3809531953388237,1136,3.254317978052134,1136,3.254317978052134,1136,3.697532745534687,1025,3.697532745534687,1025,4.22639244463657,526,4.22639244463657,526,12.697087269635688,1722,12.697087269635688,1722
inject,432,0.3463117435883676,959.7134440336827,30.94343247682457,586,3.0580155459422524,1655,3.0580155459422524,1655,3.6550423026807874,2248,3.6550423026807874,2248,4.118886246279505,2246,4.118886246279505,2246,4.258191214709928,1727,4.258191214709928,1727,1.2451691397007418,60,1.2451691397007418,60
inject,1260,0.07981506286759432,1102.9105724750195,43.689329004613285,1908,2.7133304643431475,762,2.7133304643431475,762,2.986253089665044,704,2.986253089665044,704,4.458842905014953,205,4.458842905014953,205,4.551020118448807,205,4.551020118448807,205,36.86650250543962,685,36.86650250543962,685
inject,777,0.056728183516446595,419.5546310676707,43.03281441520979,389,3.441001849872666,1763,3.441001849872666,1763,3.5581707950832415,996,3.5581707950832415,996,3.747635639756386,1166,3.747635639756386,1166,5.316392144986313,989,5.316392144986313,989,35.49501122951794,2128,35.49501122951794,2128
inject,362,0.18752555671313964,840.6295593378567,40.66319794898917,1529,3.3184926933216694,1954,3.3184926933216694,1954,3.588876746733243,1845,3.588876746733243,1845,3.679539811696121,491,3.679539811696121,491,4.291022332936034,274,4.291022332936034,274,0.861810364505725,1502,0.861810364505725,1502
inject,310,0.17427000365738676,1283.8894556499545,32.958524209438025,426,3.898408829792831,1615,3.898408829792831,1615,3.5474181495518113,142,3.5474181495518113,142,3.898408829792831,1615,3.898408829792831,1615,4.790630633454721,1615,4.790630633454721,1615,4.866977491770359,1615,4.866977491770359,1615
inject,669,0.2692137490851686,1937.1325382112543,42.01375554912914,597,3.3329545592283294,1951,3.3329545592283294,1951,3.011286843919216,1824,3.011286843919216,1824,3.669905765809258,1811,3.669905765809258,1811,3.801011359884522,1949,3.801011359884522,1949,36.40400840444857,100,36.40400840444857,100
inject,972,0.048215107790508416,1853.2742966025612,30.97905624616937,1494,4.036017408932174,1054,4.036017408932174,1054,3.414233023667011,1053,3.414233023667011,1053,4.403718495024345,1054,4.403718495024345,1054,4.561149558982524,1055,4.561149558982524,1055,0.967690089444901,2343,0.967690089444901,2343
inject,887,0.24778377147354558,1628.0238535298429,37.28302708169382,2137,2.865029409485214,875,2.865029409485214,875,3.4409341742226065,821,3.4409341742226065,821,3.8063821605682864,394,3.8063821605682864,394,4.706560566414428,816,4.706560566414428,816,1.4586381164280615,1372,1.4586381164280615,1372
inject,1040,0.24068960429561548,1641.562860298748,41.98794569574172,1595,3.311893084437597,995,3.311893084437597,995,3.5511065012601613,121,3.5511065012601613,121,3.4397128190463864,995,3.4397128190463864,995,4.746254711236624,994,4.746254711236624,994,1.1468974783956238,994,1.1468974783956238,994
inject,555,0.4487854976971034,1009.6617907474457,38.12114975445247,938,3.5235995203674477,1454,3.5235995203674477,1454,3.446304676229514,727,3.446304676229514,727,3.585783585891596,1455,3.585783585891596,1455,5.036294258688541,1364,5.036294258688541,1364,11.654542429734446,1018,11.654542429734446,1018
inject,577,0.2198448735725549,1748.1890507982368,32.08397518680296,1663,3.7252935682164963,699,3.7252935682164963,699,3.1526788527111185,2178,3.1526788527111185,2178,3.7252935682164963,699,3.7252935682164963,699,4.397997306987837,701,4.397997306987837,701,1.2067150543909846,1834,1.2067150543909846,1834
inject,67,0.12557950746252478,1020.9810252548218,44.69533062764485,1852,3.6211241011752904,1434,3.6211241011752904,1434,4.978150858919133,1434,4.978150858919133,1434,4.210085982349473,1434,4.210085982349473,1434,4.869793485014026,1433,4.869793485014026,1433,1.0828196365465148,1433,1.0828196365465148,1433
inject,676,0.25323923314050456,1109.4500223468804,42.956793616456274,1985,3.8094070366115718,219,3.8094070366115718,219,4.356604018609891,220,4.356604018609891,220,4.283379665971931,1023,4.283379665971931,1023,4.100966817619218,1019,4.100966817619218,1019,1.536705324142606,2363,1.536705324142606,2363
inject,774,0.12584461145300485,459.5367608366206,35.870706394569964,1333,3.408436278049805,2309,3.408436278049805,2309,2.9161174434031643,718,2.9161174434031643,718,3.9351706453245483,833,3.9351706453245483,833,4.218729553950815,833,4.218729553950815,833,9.302275900488539,2237,9.302275900488539,2237
inject,834,0.13162893421285926,1296.7106011043334,31.8403599026411,1054,3.677613112812269,142,3.677613112812269,142,4.041879782979861,1613,4.041879782979861,1613,4.065507738110138,1613,4.065507738110138,1613,4.467609535199947,2009,4.467609535199947,2009,5.303824737697101,996,5.303824737697101,996
inject,766,0.21662341925096695,1291.6440797699092,30.603273313569012,1953,3.122809360949005,1030,3.122809360949005,1030,3.0031164965338895,2362,3.0031164965338895,2362,4.125413151295419,1030,4.125413151295419,1030,4.612460011103127,1031,4.612460011103127,1031,1.0509540249977445,1049,1.0509540249977445,1049
inject,1009,0.7186335090792662,1682.5149621191272,44.95515439608738,1260,6.424004904982147,1230,6.424004904982147,1230,8.232349894250934,1231,8.232349894250934,1231,8.326082405368275,1230,8.326082405368275,1230,11.222618138969986,1231,11.222618138969986,1231,1.6601953945547308,1230,1.6601953945547308,1230
inject,926,0.14536922273032216,1046.689184159121,38.82570164143822,1680,3.21104709296776,1206,3.21104709296776,1206,3.7370081486606455,841,3.7370081486606455,841,3.857232615372321,841,3.857232615372321,841,4.363613129746691,1455,4.363613129746691,1455,1.373950194140088,1455,1.373950194140088,1455
inject,1258,0.24252892087118938,1767.0149975914308,38.466192316808915,611,3.418433316787118,498,3.418433316787118,498,3.4615759769158116,388,3.4615759769158116,388,3.535443895581635,498,3.535443895581635,498,3.6963072363276943,1938,3.6963072363276943,1938,2.678104754354227,689,2.678104754354227,689
inject,255,0.24099549509245877,857.5698925998244,32.631146249776215,1571,2.6973245756829867,1320,2.6973245756829867,1320,3.150361151582209,977,3.150361151582209,977,3.2835775186686122,777,3.2835775186686122,777,4.4864652522445185,1323,4.4864652522445185,1323,0.8828875151170906,1294,0.8828875151170906,1294
inject,805,0.33604971808062034,638.8071791551265,37.68260486756603,2042,4.661167597639351,2028,4.661167597639351,2028,5.082756982021031,2030,5.082756982021031,2030,4.661167597639351,2028,4.661167597639351,2028,5.966073935886799,2029,5.966073935886799,2029,1.861306156006605,1884,1.861306156006605,1884
inject,270,0.5592654219749646,1246.6203330917833,33.3368009398704,1748,3.755934332895883,1631,3.755934332895883,1631,3.373525821813321,981,3.373525821813321,981,4.334538281862818,1695,4.334538281862818,1695,4.999869912353523,1695,4.999869912353523,1695,40.51927877505824,867,40.51927877505824,867
inject,548,0.7110421159617247,1398.2765400628032,39.17008026412802,1611,4.902558710274928,1591,4.902558710274928,1591,6.3517275193257445,1590,6.3517275193257445,1590,5.027168150292119,1590,5.027168150292119,1590,7.083823081910815,1590,7.083823081910815,1590,1.7446200636589895,1590,1.7446200636589895,1590
inject,796,0.5559637075162078,1986.4394885884565,43.85618036062772,998,5.092963100246645,990,5.092963100246645,990,5.801227818992701,991,5.801227818992701,991,5.1226632832938925,990,5.1226632832938925,990,7.217576375312183,990,7.217576375312183,990,1.1040533817323688,1505,1.1040533817323688,1505
inject,1162,0.14508056725663,831.4126000719912,40.73876770388242,509,3.2718522105184102,2261,3.2718522105184102,2261,4.540704779611501,2261,4.540704779611501,2261,4.7795146040504575,1894,4.7795146040504575,1894,4.48479843376592,2260,4.48479843376592,2260,1.0710492252104622,2260,1.0710492252104622,2260
inject,1071,0.7664987056187429,1294.4705563836533,37.148826325586555,1810,3.1018176892998635,1849,3.1018176892998635,1849,4.049511206593282,1790,4.049511206593282,1790,3.905180630458517,379,3.905180630458517,379,4.454991975936906,336,4.454991975936906,336,21.29716697993905,968,21.29716697993905,968
inject,254,0.13021094194276306,624.8874648821272,44.632994676402305,1351,3.4021140657827043,598,3.4021140657827043,598,3.2477613191267656,996,3.2477613191267656,996,4.023901412560652,1670,4.023901412560652,1670,4.07055066279509,996,4.07055066279509,996,1.4053094643102821,1670,1.4053094643102821,1670
inject,1066,0.2323204569013576,1572.8847325066895,39.655571431204656,691,4.498434705790205,1381,4.498434705790205,1381,4.638288356893599,2371,4.638288356893599,2371,4.922576894655828,1039,4.922576894655828,1039,5.655130467415828,1382,5.655130467415828,1382,1.3697413512314853,1705,1.3697413512314853,1705
inject,830,0.1314025407724957,1025.4259443414098,30.60926342809118,1237,3.301086446920905,2315,3.301086446920905,2315,3.0042062918891945,1784,3.0042062918891945,1784,3.4585710593224963,1783,3.4585710593224963,1783,4.2268145687881145,1898,4.2268145687881145,1898,36.49651889380905,1016,36.49651889380905,1016
inject,549,0.28433226047429316,1697.633170409548,35.86940635617162,1868,3.2243507532425286,2189,3.2243507532425286,2189,3.4181626905611293,2191,3.4181626905611293,2191,4.615990189018011,2280,4.615990189018011,2280,4.849220964369914,223,4.849220964369914,223,1.6568748516647995,2280,1.6568748516647995,2280
inject,729,0.13823660990621212,1587.9141959146104,40.36907219160907,1839,3.6176718823245255,590,3.6176718823245255,590,4.001502519252633,2316,4.001502519252633,2316,4.035172625845269,590,4.035172625845269,590,4.631535650908441,590,4.631535650908441,590,0.8284886209863378,1066,0.8284886209863378,1066
inject,718,0.1960565980889316,447.3582492947228,36.38784360441032,1670,3.31494331253808,617,3.31494331253808,617,3.898555765786639,617,3.898555765786639,617,4.099772623484243,1171,4.099772623484243,1171,4.9679555988632895,2378,4.9679555988632895,2378,2.564462039729587,616,2.564462039729587,616
inject,1264,0.10397893035098738,308.32900548057853,34.84381205495968,429,3.289532061716039,434,3.289532061716039,434,3.6329369059734034,514,3.6329369059734034,514,3.6470002234413488,1037,3.6470002234413488,1037,3.982662037986795,492,3.982662037986795,492,2.0385579316259403,1037,2.0385579316259403,1037
inject,660,0.10252675354755159,1296.8432031572422,44.37614002769088,578,2.995626655037796,1581,2.995626655037796,1581,3.291592714782579,2072,3.291592714782579,2072,3.9571546217562013,1783,3.9571546217562013,1783,3.9321222858106153,1807,3.9321222858106153,1807,4.558028226701419,2071,4.558028226701419,2071
inject,860,0.13889791332918533,1722.9799539240066,41.673723391528924,2117,3.0637132254543125,1830,3.0637132254543125,1830,2.6397643334114314,2348,2.6397643334114314,2348,4.04579457187029,2300,4.04579457187029,2300,4.338497322726669,1778,4.338497322726669,1778,1.4883799849624444,2300,1.4883799849624444,2300
inject,144,0.09872705756865263,685.0506726600181,41.66316185822558,1253,3.4669325567591924,1594,3.4669325567591924,1594,4.19575392563314,736,4.19575392563314,736,3.794692629831733,733,3.794692629831733,733,4.879665809133066,1595,4.879665809133066,1595,0.7146620263633858,738,0.7146620263633858,738
inject,43,0.2931054848051473,1592.827217730925,31.647418290958633,1525,3.2386685110682785,448,3.2386685110682785,448,3.4693677212427936,447,3.4693677212427936,447,3.7118693691235327,448,3.7118693691235327,448,4.417047041127978,448,4.417047041127978,448,34.44906756415414,1215,34.44906756415414,1215
inject,946,0.29525107066172385,1295.3152957930572,40.99329115288073,1567,2.681217485099387,2302,2.681217485099387,2302,2.771392489997369,2302,2.771392489997369,2302,3.453352460703049,444,3.453352460703049,444,3.9925237849937645,749,3.9925237849937645,749,1.8444603824702563,466,1.8444603824702563,466
inject,614,0.1501572631520144,1482.0135803560913,40.43567029218686,685,2.8529717500333254,427,2.8529717500333254,427,3.1760224679957187,126,3.1760224679957187,126,3.3041834996927566,716,3.3041834996927566,716,4.2155252896996425,287,4.2155252896996425,287,3.6044734516256307,128,3.6044734516256307,128
inject,409,0.5794502057309978,1729.9980976264449,37.29780649954732,1258,3.0133457880622556,727,3.0133457880622556,727,4.757798003615364,728,4.757798003615364,728,4.660913869332676,727,4.660913869332676,727,5.258161277581254,1116,5.258161277581254,1116,6.832234603619079,860,6.832234603619079,860
inject,605,0.4058602801789014,1734.9886460063724,40.16698167143939,1601,4.420205741499287,1590,4.420205741499287,1590,4.478382233434531,1590,4.478382233434531,1590,4.420205741499287,1590,4.420205741499287,1590,4.776862705090706,1589,4.776862705090706,1589,0.8896171649506773,1592,0.8896171649506773,1592
inject,96,0.11285804667704435,959.0461603246719,32.47173978099005,2028,3.40986498077892,1303,3.40986498077892,1303,3.4547797518755514,733,3.4547797518755514,733,4.325266222664729,2243,4.325266222664729,2243,4.523598724522707,971,4.523598724522707,971,1.160367126359775,2243,1.160367126359775,2243
inject,935,0.4229485586356907,1381.6822111190818,41.83267733452257,626,2.995989313138095,459,2.995989313138095,459,3.1502651275292073,1280,3.1502651275292073,1280,3.7132613181221257,2291,3.7132613181221257,2291,3.9153806873180175,1278,3.9153806873180175,1278,34.659334565967406,1233,34.659334565967406,1233
inject,1261,0.7000663330256767,1686.3676913203194,33.256007716081896,1210,6.057649228986661,1190,6.057649228986661,1190,6.652294232708751,1190,6.652294232708751,1190,6.434720651400115,1190,6.434720651400115,1190,9.671956082309196,1190,9.671956082309196,1190,1.898888457435602,1191,1.898888457435602,1191
inject,605,0.5711505217694777,1614.549816670156,42.318399091168835,378,4.019957882173644,612,4.019957882173644,612,4.231622442889242,351,4.231622442889242,351,4.019957882173644,612,4.019957882173644,612,4.765611568666785,2255,4.765611568666785,2255,0.731982454791518,109,0.731982454791518,109
inject,923,0.2773360391108828,1280.7429932976456,37.91730117168716,935,3.3704723105079686,972,3.3704723105079686,972,4.474787338217966,972,4.474787338217966,972,3.656833350211747,735,3.656833350211747,735,4.875971766499991,827,4.875971766499991,827,8.8501949236493,973,8.8501949236493,973
inject,783,0.27503374870459063,958.4013555881858,39.358541729087015,1310,3.2359429023316286,2001,3.2359429023316286,2001,2.7841469759825936,399,2.7841469759825936,399,3.8250724816806745,1942,3.8250724816806745,1942,4.382080886644267,2371,4.382080886644267,2371,5.030749787060984,426,5.030749787060984,426
inject,304,0.3177280281288668,1340.9809563031463,39.16197658382713,1286,3.2383422420677506,1786,3.2383422420677506,1786,3.735880436217606,1323,3.735880436217606,1323,4.0797128226352575,1323,4.0797128226352575,1323,4.167494875133594,421,4.167494875133594,421,38.36796350052762,1155,38.36796350052762,1155
inject,256,0.1485947288710262,1733.125014802984,31.219855369604353,1062,3.2550226756518104,1008,3.2550226756518104,1008,3.7127211736985126,330,3.7127211736985126,330,3.3457676102551193,329,3.3457676102551193,329,4.236077383076685,330,4.236077383076685,330,27.9352360378051,2025,27.9352360378051,2025
inject,718,0.12191862699082201,1121.1143028374588,32.74068386493417,272,3.3188548399983473,617,3.3188548399983473,617,3.9030217876941715,617,3.9030217876941715,617,4.11331873628252,1171,4.11331873628252,1171,4.979059878856166,2378,4.979059878856166,2378,2.564381753517594,616,2.564381753517594,616
inject,62,0.32844012197982153,1175.7726237344916,42.49076774070346,1396,2.8130187538321176,1299,2.8130187538321176,1299,3.1122192062226137,1332,3.1122192062226137,1332,4.240514319254818,704,4.240514319254818,704,4.464859554357554,1317,4.464859554357554,1317,1.3416806853402399,2007,1.3416806853402399,2007
inject,862,0.7375409859913452,1615.0455881258083,37.5140693548273,1084,5.49695972969468,1069,5.49695972969468,1069,5.244570311303064,1070,5.244570311303064,1070,5.7243133045275885,1069,5.7243133045275885,1069,7.424182971945636,1068,7.424182971945636,1068,2.128756672027125,1070,2.128756672027125,1070
inject,251,0.03353244662590871,323.3543596480136,36.50836836524897,521,3.0743358894929402,2166,3.0743358894929402,2166,3.274296393072768,1183,3.274296393072768,1183,4.345442251495734,2050,4.345442251495734,2050,4.402080651878961,341,4.402080651878961,341,3.486346386589052,2165,3.486346386589052,2165
inject,809,0.09549546083296168,1123.6748762867846,44.9925202838554,1612,3.3148266102694315,714,3.3148266102694315,714,3.21411908503643,666,3.21411908503643,666,3.3361171708071633,1417,3.3361171708071633,1417,3.7553235262750744,1187,3.7553235262750744,1187,1.156686022633135,1785,1.156686022633135,1785
inject,995,0.34139853969518663,638.8166454819,36.48397446519399,539,4.054366865394118,1880,4.054366865394118,1880,3.7235523804604895,1882,3.7235523804604895,1882,4.314930853741504,2257,4.314930853741504,2257,5.212609715573369,1880,5.212609715573369,1880,2.447588620845402,2083,2.447588620845402,2083
inject,70,0.10655673232124807,837.2084757924094,37.62096295134435,1899,3.8439819811216007,885,3.8439819811216007,885,3.7904384092396874,887,3.7904384092396874,887,3.985041652747455,2135,3.985041652747455,2135,5.40363745403128,1296,5.40363745403128,1296,1.4815782966807105,2135,1.4815782966807105,2135
inject,177,0.11528345781925542,1542.2001929592848,38.5228847143894,783,3.394950480510337,42,3.394950480510337,42,2.8413910425267206,1294,2.8413910425267206,1294,4.762131814141329,1884,4.762131814141329,1884,5.199213861737948,1514,5.199213861737948,1514,5.593796693579075,1884,5.593796693579075,1884
inject,390,0.046379325586385245,693.3333735130674,39.761495021450976,832,3.424604342157295,2078,3.424604342157295,2078,3.2968088926087296,419,3.2968088926087296,419,4.249024693812913,88,4.249024693812913,88,4.512751679284824,2091,4.512751679284824,2091,0.7289361934532755,1185,0.7289361934532755,1185
inject,732,0.04640052560933394,1265.9130412329444,39.42688196818362,1528,3.5991245847101188,2169,3.5991245847101188,2169,4.519445027512372,2168,4.519445027512372,2168,4.301945690303477,2167,4.301945690303477,2167,5.976219126515106,2167,5.976219126515106,2167,1.013980970469523,762,1.013980970469523,762
inject,1214,0.02631773494526013,429.94633556096886,38.01346535405611,481,3.894984148055597,886,3.894984148055597,886,4.027810504868719,887,4.027810504868719,887,4.520072011321007,2176,4.520072011321007,2176,4.367100869675847,2349,4.367100869675847,2349,1.218720605462691,2379,1.218720605462691,2379
inject,607,0.5795876303071313,1104.446751360567,33.247924510152366,961,3.3715801519736157,1642,3.3715801519736157,1642,3.76160060551127,1339,3.76160060551127,1339,4.01558777200849,950,4.01558777200849,950,4.720097023182465,951,4.720097023182465,951,1.557023734534009,970,1.557023734534009,970
inject,583,0.18494651910432203,1009.1981227267044,35.7879741189108,2010,3.1175239484263733,1154,3.1175239484263733,1154,3.7320175979861743,1896,3.7320175979861743,1896,4.245657056071158,2285,4.245657056071158,2285,5.2002112796211675,1102,5.2002112796211675,1102,27.52194756695393,1510,27.52194756695393,1510
inject,376,0.17392350010499658,1289.2343843589717,41.038853998469634,410,3.2318727857069653,2075,3.2318727857069653,2075,3.591482694616561,2074,3.591482694616561,2074,3.8517345090087276,2314,3.8517345090087276,2314,4.515647090000274,1850,4.515647090000274,1850,7.5727335252079255,2074,7.5727335252079255,2074
inject,656,0.050959003298088,849.1912782798904,43.913382141989445,409,2.4982108533399052,1291,2.4982108533399052,1291,2.764183242404893,278,2.764183242404893,278,3.690389021773127,305,3.690389021773127,305,4.577909673966348,304,4.577909673966348,304,1.3921921877601047,419,1.3921921877601047,419
inject,408,0.09760540191740641,1124.7161986723886,40.63053392148576,1683,3.177865055499452,2285,3.177865055499452,2285,3.9049029202224665,0,3.9049029202224665,0,4.054955918160465,79,4.054955918160465,79,3.909991889806273,1907,3.909991889806273,1907,37506676.34599047,1421,37506676.34599047,1421
inject,805,0.22448412069809642,1525.9818363986315,40.14906694866869,261,3.0974249757648975,314,3.0974249757648975,314,3.3946578189482093,2028,3.3946578189482093,2028,4.662843990421438,1525,4.662843990421438,1525,4.256894214925159,2197,4.256894214925159,2197,1.8600667189568794,1884,1.8600667189568794,1884
inject,525,0.7071165768756134,1437.6463280460873,30.098977856710572,468,7.048841021389038,431,7.048841021389038,431,7.80758013940753,431,7.80758013940753,431,8.164557221148296,431,8.164557221148296,431,12.128513873511945,431,12.128513873511945,431,1.5959711030094228,432,1.5959711030094228,432
inject,1199,0.14328599073972514,1025.8279268678084,39.35425865435013,475,3.566598387677498,2171,3.566598387677498,2171,3.5349649557845932,2169,3.5349649557845932,2169,3.9505699475301967,420,3.9505699475301967,420,5.157250547193514,2161,5.157250547193514,2161,2.252388853207767,420,2.252388853207767,420
inject,942,0.6906178657144673,1573.129735630427,40.03092194643082,523,3.6592501469186947,512,3.6592501469186947,512,3.836454130627551,511,3.836454130627551,511,4.926983499254243,511,4.926983499254243,511,6.2214854809243425,511,6.2214854809243425,511,1.401566982107346,1327,1.401566982107346,1327
inject,514,0.03187228574367196,578.7025104533042,40.33952605395276,1674,3.2251355379482955,2360,3.2251355379482955,2360,3.6006294828696452,1851,3.6006294828696452,1851,3.4361123910095555,639,3.4361123910095555,639,4.095134388055569,319,4.095134388055569,319,0.9625404185762518,979,0.9625404185762518,979
inject,69,0.829129829850783,1894.6447433842668,30.378491341569518,769,6.424975672817753,752,6.424975672817753,752,6.486985427719505,752,6.486985427719505,752,6.517318544232248,752,6.517318544232248,752,9.171087446990104,752,9.171087446990104,752,2.1893741936557,753,2.1893741936557,753
inject,285,0.2789187227245138,1089.4381934199127,33.338000081582756,1249,4.27964922178512,286,4.27964922178512,286,3.3244635175372474,287,3.3244635175372474,287,4.453298696053737,286,4.453298696053737,286,5.659425841477281,287,5.659425841477281,287,1.4708350790131102,2355,1.4708350790131102,2355
inject,499,0.1027121345423262,1066.7806895923563,43.152266048994136,1781,2.712435885359356,1102,2.712435885359356,1102,3.640301549160571,439,3.640301549160571,439,3.4662896020586755,2079,3.4662896020586755,2079,4.323451313142866,616,4.323451313142866,616,33.99868579224615,141,33.99868579224615,141
inject,1220,0.10125689208251087,940.4002880611605,37.41298808823052,850,2.813093771624228,2359,2.813093771624228,2359,2.872041531266825,1710,2.872041531266825,1710,4.3778463862518775,1543,4.3778463862518775,1543,4.128358309190023,586,4.128358309190023,586,0.78176291153349,1543,0.78176291153349,1543
inject,465,0.8186325000745551,1811.3787000437965,31.132785533416463,1866,3.669647373146241,1829,3.669647373146241,1829,4.252410310866709,1830,4.252410310866709,1830,3.9961289059868084,1830,3.9961289059868084,1830,4.716741847041179,2133,4.716741847041179,2133,9.08268489067208,697,9.08268489067208,697
inject,549,0.17753641186598945,421.39461499092073,41.71957897842452,2092,3.249144019531132,2189,3.249144019531132,2189,3.433897226167039,2191,3.433897226167039,2191,4.623137440351569,2280,4.623137440351569,2280,4.871335275562391,223,4.871335275562391,223,1.6578707864500917,2280,1.6578707864500917,2280
inject,555,0.05032064330473729,714.073250513648,34.415456362858194,973,3.5580452724240224,1454,3.5580452724240224,1454,3.4553609812352333,727,3.4553609812352333,727,3.6294680734890448,1455,3.6294680734890448,1455,5.085585247918384,1364,5.085585247918384,1364,11.662866985517166,1018,11.662866985517166,1018
inject,1025,0.04378710638255834,351.9045216920444,30.991653878598292,2054,3.2403589672301734,1545,3.2403589672301734,1545,3.381019034836695,875,3.381019034836695,875,3.7558698782763247,1222,3.7558698782763247,1222,3.4817442246010764,1648,3.4817442246010764,1648,1.8265840024914937,2286,1.8265840024914937,2286
inject,549,0.39786732387687085,1652.1224305292217,34.97720877987756,1344,3.200937553575967,2189,3.200937553575967,2189,3.423031387260457,2191,3.423031387260457,2191,4.622020465711987,2280,4.622020465711987,2280,4.795933187767371,223,4.795933187767371,223,1.6568748516647989,2280,1.6568748516647989,2280
inject,679,0.02183745319955066,448.6566996984707,41.05751251709131,533,3.59156923866991,527,3.59156923866991,527,3.467855706900343,2328,3.467855706900343,2328,3.6096212610389293,527,3.6096212610389293,527,4.726144037415821,1294,4.726144037415821,1294,20.080071229095267,475,20.080071229095267,475
inject,1226,0.09969678826952155,683.6176008734126,36.80285833531403,541,3.5124974176692287,130,3.5124974176692287,130,3.3706330269406672,129,3.3706330269406672,129,4.196586716014293,129,4.196586716014293,129,5.197466899977905,129,5.197466899977905,129,4.471307854782159,1996,4.471307854782159,1996
inject,378,0.08110118488645168,1040.2482980450372,44.74145917791248,1685,2.683216546697382,1301,2.683216546697382,1301,3.362399841711895,1120,3.362399841711895,1120,5.229950993283933,504,5.229950993283933,504,4.1172011434319895,1302,4.1172011434319895,1302,2.7081036101952023,504,2.7081036101952023,504
inject,1105,0.08171801861798877,977.4133527343505,37.48513961984752,1613,3.2930058500337838,2242,3.2930058500337838,2242,4.188185387909731,1341,4.188185387909731,1341,3.6244160081584407,1304,3.6244160081584407,1304,4.6652947559897076,891,4.6652947559897076,891,1.3918081373492042,994,1.3918081373492042,994
inject,1109,0.13923041119831436,1315.4875600805653,42.87665140949267,1316,3.1515111747199382,1302,3.1515111747199382,1302,3.159158670631297,104,3.159158670631297,104,3.8288458342327574,2299,3.8288458342327574,2299,4.737612703544275,2298,4.737612703544275,2298,0.918559378772921,101,0.918559378772921,101
inject,350,0.1302302053250053,1518.2333173448567,43.68157891476023,2066,3.6496478775407994,978,3.6496478775407994,978,5.09036703479897,979,5.09036703479897,979,4.215412106544361,979,4.215412106544361,979,6.0099868014854385,979,6.0099868014854385,979,49801033.33762792,500,49801033.33762792,500
inject,155,0.6928505948217051,1347.610975504987,34.06810024142949,486,3.213775894337837,1229,3.213775894337837,1229,3.386103925349468,720,3.386103925349468,720,3.2552709892767484,1229,3.2552709892767484,1229,4.077953862527501,60,4.077953862527501,60,26.681385118491743,2342,26.681385118491743,2342
inject,856,0.039011879402001015,525.76786600929,37.75252405146052,1872,2.691351530044994,1790,2.691351530044994,1790,3.0698129868224617,1003,3.0698129868224617,1003,3.2005151058159846,154,3.2005151058159846,154,3.9977408665541905,150,3.9977408665541905,150,1.077495751056028,119,1.077495751056028,119
inject,911,0.07996097224773946,1262.3765901849915,44.673721710293215,1637,3.886696818858903,918,3.886696818858903,918,3.8938281941269333,707,3.8938281941269333,707,5.385748080876676,222,5.385748080876676,222,4.620466866339333,1294,4.620466866339333,1294,1.0786738128874926,708,1.0786738128874926,708
inject,927,0.2914499935910103,1629.537802743597,34.075785035297386,596,3.532613838079762,1705,3.532613838079762,1705,3.806309281777889,1704,3.806309281777889,1704,3.534400021499864,1704,3.534400021499864,1704,4.168574164796412,1706,4.168574164796412,1706,1.6860885558811263,2313,1.6860885558811263,2313
inject,656,0.3013334159893557,1977.9566840519278,42.260852146168595,315,2.4983765191528553,1291,2.4983765191528553,1291,2.653730327265635,417,2.653730327265635,417,3.507694020612192,531,3.507694020612192,531,4.2145690890882825,298,4.2145690890882825,298,1.3931481201713192,419,1.3931481201713192,419
inject,975,0.012868954317426073,1613.4477956513763,41.36043018535683,719,3.119802216207675,2175,3.119802216207675,2175,3.5362251656306105,591,3.5362251656306105,591,4.087428260394054,522,4.087428260394054,522,4.546771233411912,857,4.546771233411912,857,1.6287343934947847,2386,1.6287343934947847,2386
inject,1124,0.1647315071387503,854.0017938165553,41.01454316323361,1142,3.3410342684069523,1129,3.3410342684069523,1129,3.405130085070385,699,3.405130085070385,699,3.5573957573144077,1128,3.5573957573144077,1128,4.236802644202321,1967,4.236802644202321,1967,1.9444285767239375,1720,1.9444285767239375,1720
inject,262,0.036856754784855505,1862.6229817044268,34.347617247240564,2133,2.878224374613422,129,2.878224374613422,129,3.1670686612741585,130,3.1670686612741585,130,3.4933666945854287,135,3.4933666945854287,135,3.8995171076666946,988,3.8995171076666946,988,6.430971868327629,731,6.430971868327629,731
inject,330,0.21959717598009754,634.6672950928951,34.435308704965486,1721,3.090159423787909,1595,3.090159423787909,1595,3.41768427651749,2089,3.41768427651749,2089,3.5752583772435926,2333,3.5752583772435926,2333,4.6080249483443785,1067,4.6080249483443785,1067,1.3713906901654276,2252,1.3713906901654276,2252
inject,275,0.3729592155484037,651.9487093655823,39.15164264825963,1374,3.653174447864734,972,3.653174447864734,972,4.045686376724803,972,4.045686376724803,972,3.850740317473471,972,3.850740317473471,972,4.620143209194214,2078,4.620143209194214,2078,65307807.5944882,674,65307807.5944882,674
inject,596,0.1097102181575883,320.2465551797303,43.94861285495517,921,3.8278340125922887,1751,3.8278340125922887,1751,4.039497682160389,1717,4.039497682160389,1717,3.9882935068073673,1751,3.9882935068073673,1751,4.326002625988732,1752,4.326002625988732,1752,1.7716669727067889,593,1.7716669727067889,593
inject,203,0.06474782883169317,898.0928595516647,36.46699284306896,2036,4.119665445367913,970,4.119665445367913,970,3.99142574491918,1020,3.99142574491918,1020,4.173279677559124,970,4.173279677559124,970,5.382843525120184,970,5.382843525120184,970,2.292630876855952,2363,2.292630876855952,2363
inject,209,0.6313465928949233,1418.5700702064303,40.74907381073214,408,3.3445880433652966,2349,3.3445880433652966,2349,3.5262511651962485,1853,3.5262511651962485,1853,3.907786908024774,388,3.907786908024774,388,4.6615763601335765,2337,4.6615763601335765,2337,3.7109222268937114,995,3.7109222268937114,995
inject,1102,0.3532202241505855,1992.0096657593638,42.87652988331281,1083,3.0095798812725465,1429,3.0095798812725465,1429,3.46737221742124,695,3.46737221742124,695,3.3542304531532916,547,3.3542304531532916,547,3.923170421043112,1801,3.923170421043112,1801,7.8473136453229,305,7.8473136453229,305
inject,664,0.06450402408144018,428.1608557803911,35.692297750532354,1691,2.778439866938347,1594,2.778439866938347,1594,3.1676575203871797,2011,3.1676575203871797,2011,4.151796368454207,1152,4.151796368454207,1152,4.3233558468860664,886,4.3233558468860664,886,0.9805874242270715,2304,0.9805874242270715,2304
inject,36,0.476968592377884,1098.4210413933142,44.88251829803842,594,3.2410981859779966,53,3.2410981859779966,53,3.7114741519078054,57,3.7114741519078054,57,3.7901310449063406,109,3.7901310449063406,109,5.37286211659682,2245,5.37286211659682,2245,6.525711858932988,1184,6.525711858932988,1184
inject,1028,0.12453868072144902,1777.6293163919586,36.57457557449211,1020,2.800389106138167,2211,2.800389106138167,2211,3.397692351889542,995,3.397692351889542,995,3.653475620545377,380,3.653475620545377,380,3.740392270131292,1743,3.740392270131292,1743,4.7242408835350505,380,4.7242408835350505,380
inject,243,0.7815090148524917,1700.1435540467717,39.66300777004912,729,4.2200346608002945,710,4.2200346608002945,710,5.53248974335362,711,5.53248974335362,711,5.0370035693254085,711,5.0370035693254085,711,6.678524617789881,711,6.678524617789881,711,3.1442163045169655,712,3.1442163045169655,712
inject,216,0.1635642687031773,985.765613913299,42.304616915414336,1976,3.147062561507421,1400,3.147062561507421,1400,2.9342955000822215,2051,2.9342955000822215,2051,3.7601675684527422,1800,3.7601675684527422,1800,5.505303075640368,445,5.505303075640368,445,1.1081692927604878,1214,1.1081692927604878,1214
inject,4,0.5027915292906451,1614.0637996238804,30.23119764181743,592,3.8181713205575596,594,3.8181713205575596,594,4.5466638002131985,593,4.5466638002131985,593,4.42120806605516,592,4.42120806605516,592,6.068825085961585,592,6.068825085961585,592,1.110919507257953,592,1.110919507257953,592
inject,854,0.6521939449556942,1233.4358964305043,34.40112385350425,1160,3.445133435605362,1150,3.445133435605362,1150,3.7731908639171183,1150,3.7731908639171183,1150,4.064430297147688,1150,4.064430297147688,1150,4.539685755397647,236,4.539685755397647,236,1.5983060652502252,708,1.5983060652502252,708
inject,80,0.04944327324971309,1579.500783521223,37.43433408671777,1973,3.4151028776894417,348,3.4151028776894417,348,3.258428639698636,1541,3.258428639698636,1541,3.5589317926970194,1160,3.5589317926970194,1160,4.993146514864606,349,4.993146514864606,349,1.12035925769972,629,1.12035925769972,629
inject,390,0.11213371750737866,855.3156032268591,42.84857536415967,1707,3.384906951563952,2078,3.384906951563952,2078,3.2736882354555883,419,3.2736882354555883,419,4.209651173609398,88,4.209651173609398,88,4.465465295504731,2091,4.465465295504731,2091,0.7288285049774026,1185,0.7288285049774026,1185
inject,1156,0.18324581767764947,727.3097212354987,33.146698051304234,1443,3.186291583857157,365,3.186291583857157,365,2.845092279123719,979,2.845092279123719,979,3.8581658262417404,1518,3.8581658262417404,1518,5.60236675364527,71,5.60236675364527,71,45579709.703592785,744,45579709.703592785,744
inject,675,0.21863680865796387,1800.0573253785115,38.24352607544226,1932,3.4289593508200507,1907,3.4289593508200507,1907,4.213158423476414,1911,4.213158423476414,1911,4.393774201498068,1910,4.393774201498068,1910,5.807267049480981,1905,5.807267049480981,1905,0.7738473428516529,1909,0.7738473428516529,1909
inject,468,0.5567799193538816,1599.0714887825745,33.64723258922177,1833,4.121031017798393,972,4.121031017798393,972,3.435140009389643,2398,3.435140009389643,2398,4.1338912163186015,972,4.1338912163186015,972,5.728542523218065,974,5.728542523218065,974,20.528811971088317,1280,20.528811971088317,1280
inject,1094,0.35110996991596854,1761.7407968294049,38.00628140992857,1948,3.9641545800177282,1910,3.9641545800177282,1910,3.8446282400778857,1912,3.8446282400778857,1912,4.08839683866833,1910,4.08839683866833,1910,4.347424758187094,1910,4.347424758187094,1910,1.0426255128528021,2315,1.0426255128528021,2315
inject,834,0.33994411208205266,1732.1208923785705,38.659778778672404,1545,3.6709630881009447,142,3.6709630881009447,142,3.9947772600587594,1613,3.9947772600587594,1613,4.0817118020199015,1613,4.0817118020199015,1613,4.43748174920547,1613,4.43748174920547,1613,5.301351980577888,996,5.301351980577888,996
inject,1073,0.7318072575400604,1731.2569616776882,37.57334345637269,946,7.404484570041419,909,7.404484570041419,909,7.617478612647413,910,7.617478612647413,910,7.47220830917791,909,7.47220830917791,909,9.744044596506159,909,9.744044596506159,909,1.491669848054683,910,1.491669848054683,910
inject,1120,0.3823239293705487,1750.6267540701708,32.69183290830686,1252,3.2270221860681154,216,3.2270221860681154,216,3.0575830103509087,218,3.0575830103509087,218,3.896859366595458,1590,3.896859366595458,1590,4.303047724159574,1616,4.303047724159574,1616,32.21620372389734,130,32.21620372389734,130
inject,324,0.1412328540929626,1236.0333980996306,43.824270282935686,2036,3.5065180371616407,968,3.5065180371616407,968,4.340522986780345,968,4.340522986780345,968,4.554085487011542,1477,4.554085487011542,1477,4.263753300958174,967,4.263753300958174,967,1.446213342443463,1158,1.446213342443463,1158
inject,517,0.03559940017970309,595.4408218367348,35.793064434904124,1296,3.4088844390535478,1730,3.4088844390535478,1730,3.9972399407179537,965,3.9972399407179537,965,3.641723160491663,1411,3.641723160491663,1411,4.176466454756943,192,4.176466454756943,192,2.4107044579838752,198,2.4107044579838752,198
inject,918,0.2625660265245803,803.4716083784583,36.43410087878683,1976,3.085270307724495,1949,3.085270307724495,1949,3.7578250251635326,1950,3.7578250251635326,1950,4.1497783139002555,1600,4.1497783139002555,1600,5.0999882750982115,1581,5.0999882750982115,1581,2.163295856976345,1080,2.163295856976345,1080
inject,1207,0.08187628480598297,348.08615639598145,35.09716732345762,1388,4.034313732727555,1561,4.034313732727555,1561,4.686057092975941,1394,4.686057092975941,1394,5.143883264644996,268,5.143883264644996,268,5.2719998820407366,268,5.2719998820407366,268,1.4401333525438602,1395,1.4401333525438602,1395
inject,1045,0.13449877797673127,711.5604836461544,42.0598773158852,426,3.9090278212042,360,3.9090278212042,360,3.1448738466777773,2206,3.1448738466777773,2206,4.584442769277016,361,4.584442769277016,361,5.574510783938862,374,5.574510783938862,374,1.888399275112564,2052,1.888399275112564,2052
inject,254,0.30124459352507926,1500.383977932919,38.181849354856716,776,3.345511425939714,598,3.345511425939714,598,3.2286243591647086,996,3.2286243591647086,996,4.030700568326305,1670,4.030700568326305,1670,3.987557433724599,996,3.987557433724599,996,1.4050750477872918,1670,1.4050750477872918,1670
inject,1123,0.09879641034553488,799.499889459526,40.208439146543974,558,3.3559178809111523,1589,3.3559178809111523,1589,3.715933407107351,1,3.715933407107351,1,3.9875106429096014,829,3.9875106429096014,829,5.289402655652459,395,5.289402655652459,395,3.772589160989646,706,3.772589160989646,706
inject,1150,0.05440353276424492,480.011144306103,42.83026740393171,401,3.7724932382007133,2022,3.7724932382007133,2022,3.8063121209813793,698,3.8063121209813793,698,4.430227942780175,2022,4.430227942780175,2022,5.290846357352515,2023,5.290846357352515,2023,1.4264523599640722,362,1.4264523599640722,362
inject,690,0.03137999860956331,430.8094090875188,41.546853395496214,1440,3.7122462632508575,42,3.7122462632508575,42,3.586390481615201,44,3.586390481615201,44,4.958208021909775,1638,4.958208021909775,1638,4.290877195253133,41,4.290877195253133,41,0.871272811152736,1808,0.871272811152736,1808
inject,1234,0.16755088381469874,1441.8793484132657,35.565041260434555,1184,2.755200986052892,1057,2.755200986052892,1057,3.158136912136905,1630,3.158136912136905,1630,3.693864542414536,2254,3.693864542414536,2254,4.015956849268878,380,4.015956849268878,380,23.44660597229202,699,23.44660597229202,699
inject,361,0.5335060955664538,1203.2012173310932,42.29530354004959,1659,3.0728358136760368,2074,3.0728358136760368,2074,4.463889681973867,1629,4.463889681973867,1629,3.532549734037587,1892,3.532549734037587,1892,4.0706172222419434,2074,4.0706172222419434,2074,7.745695711264859,1628,7.745695711264859,1628
inject,1181,0.1214281047612018,1700.2120295282668,40.21592400709223,578,3.035768745976468,1756,3.035768745976468,1756,3.4929028097747956,1756,3.4929028097747956,1756,4.299400442906706,429,4.299400442906706,429,4.12810760376335,1801,4.12810760376335,1801,5.541650323355739,942,5.541650323355739,942
inject,886,0.33221023914432524,1612.012870831825,40.67832446287615,1308,3.0700225384056634,2063,3.0700225384056634,2063,3.1889006401088835,617,3.1889006401088835,617,3.900067378382463,682,3.900067378382463,682,5.425107433301816,1834,5.425107433301816,1834,1.5358804907035566,1017,1.5358804907035566,1017
inject,124,0.06648060471243444,924.4123838291969,43.66137495575143,1550,3.0304298920888866,1033,3.0304298920888866,1033,4.363281629652067,979,4.363281629652067,979,3.8895889815688744,555,3.8895889815688744,555,4.025486734192121,104,4.025486734192121,104,37.549200144548834,2104,37.549200144548834,2104
inject,307,0.5246963237544465,1643.217264522344,34.122112438270264,802,3.414025192197845,1300,3.414025192197845,1300,3.406197057198228,1686,3.406197057198228,1686,3.6183480680751345,566,3.6183480680751345,566,4.888874183395686,1300,4.888874183395686,1300,2.318906804653252,1120,2.318906804653252,1120
inject,772,0.1889383335483995,886.2336719225077,38.39659978451323,1468,3.1916149610417124,2308,3.1916149610417124,2308,3.689464913173859,40,3.689464913173859,40,4.145322848406039,890,4.145322848406039,890,4.838603605816924,2308,4.838603605816924,2308,1.236400119238759,2271,1.236400119238759,2271
inject,933,0.7473666587077936,951.6429741313144,32.4729557628973,398,3.550508620269016,829,3.550508620269016,829,3.996340245264561,389,3.996340245264561,389,5.234565938291713,388,5.234565938291713,388,6.245507269118683,388,6.245507269118683,388,2.0809298442559188,387,2.0809298442559188,387
inject,985,0.17235496096557745,1041.0607114558738,39.02692073454677,1192,3.0768382277161517,884,3.0768382277161517,884,3.8960500978857304,961,3.8960500978857304,961,4.093486391898919,1484,4.093486391898919,1484,4.335832691313243,37,4.335832691313243,37,2.154826037157898,1449,2.154826037157898,1449
inject,622,0.2469378844558312,752.8784593465945,30.993177723071444,343,2.902452273900273,972,2.902452273900273,972,3.336016183481798,973,3.336016183481798,973,3.2889425796596985,2000,3.2889425796596985,2000,6.008022053388255,2013,6.008022053388255,2013,4.738202540776462,970,4.738202540776462,970
inject,948,0.3472644749088416,1858.4150604026784,32.23100838705935,391,2.662391245594712,518,2.662391245594712,518,3.546792728447753,2167,3.546792728447753,2167,3.6933302641959327,2292,3.6933302641959327,2292,4.352323726950957,2286,4.352323726950957,2286,21.97640438331957,88,21.97640438331957,88
inject,1169,0.14349087366723468,1257.4467928943322,31.05584571180269,1628,3.2785929418642197,2134,3.2785929418642197,2134,3.7163059673679393,1808,3.7163059673679393,1808,3.580697992012923,1924,3.580697992012923,1924,3.671159451953788,2134,3.671159451953788,2134,41.18418339231099,238,41.18418339231099,238
inject,1078,0.08800702322548293,492.4738059131769,37.83368899365448,506,3.215985048275205,319,3.215985048275205,319,3.1530360082576956,1994,3.1530360082576956,1994,3.98285181643144,1403,3.98285181643144,1403,5.689379624399394,921,5.689379624399394,921,1.5683430247896288,862,1.5683430247896288,862
inject,676,0.5801402655293255,1157.1482364057415,35.68721518049803,1916,4.755352172398025,1909,4.755352172398025,1909,6.466789359943249,1909,6.466789359943249,1909,5.296531983539761,1909,5.296531983539761,1909,7.032205687322922,1909,7.032205687322922,1909,1.5369396137192304,2363,1.5369396137192304,2363
inject,602,0.6984810680653715,1049.9057508844674,30.611434909629217,1760,3.159612485286808,2208,3.159612485286808,2208,3.2787322685912974,1751,3.2787322685912974,1751,4.417261501493489,951,4.417261501493489,951,4.209114886286358,2114,4.209114886286358,2114,2.904292538141097,485,2.904292538141097,485
inject,735,0.6524584123489927,1304.2150442382786,39.931913849373615,1549,2.5674141272227153,627,2.5674141272227153,627,2.6750970956842446,1125,2.6750970956842446,1125,3.717781003913673,446,3.717781003913673,446,3.997294915502791,445,3.997294915502791,445,49.33699810438904,265,49.33699810438904,265
inject,683,0.16985847873238102,1145.180440623511,33.65492081824409,1220,2.9329068102453686,2073,2.9329068102453686,2073,3.4083148296608545,419,3.4083148296608545,419,3.543836087208475,419,3.543836087208475,419,5.128431430314823,2082,5.128431430314823,2082,32149852.70934495,1069,32149852.70934495,1069
inject,787,0.06036764655820914,1901.297295984321,31.677860196018376,754,3.798380365177689,2005,3.798380365177689,2005,4.021474621184615,2005,4.021474621184615,2005,4.14719846872364,1920,4.14719846872364,1920,4.961680970790133,2005,4.961680970790133,2005,0.8059945218641611,2380,0.8059945218641611,2380
inject,582,0.0731411007400058,895.1784996791882,43.98719239588179,1903,3.427391024633244,2228,3.427391024633244,2228,2.8831817450976214,1519,2.8831817450976214,1519,3.8743440308802337,617,3.8743440308802337,617,4.050400551601679,96,4.050400551601679,96,18.109366494566075,401,18.109366494566075,401
inject,591,0.14408975500335797,1077.0773727789929,31.89258292628442,1879,2.9546343855711132,290,2.9546343855711132,290,3.309232695939991,1469,3.309232695939991,1469,4.185225751441116,1092,4.185225751441116,1092,5.116625470854431,289,5.116625470854431,289,1.349575827457602,312,1.349575827457602,312
inject,711,0.5709113028979459,1182.237190276377,41.15386137768264,1895,4.3257629547436895,1870,4.3257629547436895,1870,4.267587752577024,1871,4.267587752577024,1871,5.452326037421843,1870,5.452326037421843,1870,7.212574980537006,1870,7.212574980537006,1870,1.3179205010089117,1869,1.3179205010089117,1869
inject,376,0.11359250872720772,551.0992915347076,35.4880512937756,1389,3.2275829841255783,2075,3.2275829841255783,2075,3.589119864938233,2074,3.589119864938233,2074,3.83463654365494,2314,3.83463654365494,2314,4.507913069119374,1850,4.507913069119374,1850,7.5701573273020415,2074,7.5701573273020415,2074
inject,179,0.0042169242992154965,1701.895143797745,36.81448541309685,897,3.9138226187575342,1882,3.9138226187575342,1882,3.895665111634853,1883,3.895665111634853,1883,4.196433279253764,289,4.196433279253764,289,4.340396257068035,1883,4.340396257068035,1883,1.3062699552180344,265,1.3062699552180344,265
inject,530,0.7727677126141247,1605.3259633588905,30.263969647159573,792,3.7640491692990414,149,3.7640491692990414,149,3.515337242509373,1221,3.515337242509373,1221,3.938049120675878,149,3.938049120675878,149,5.511404783998375,139,5.511404783998375,139,14.005135675469214,541,14.005135675469214,541
inject,563,0.5239836174758494,1121.9934200413875,31.605667800671082,862,3.3258494182769063,905,3.3258494182769063,905,3.8688636504562064,520,3.8688636504562064,520,3.794657018577629,1241,3.794657018577629,1241,4.611226544684014,2344,4.611226544684014,2344,1.2702510517198073,314,1.2702510517198073,314
inject,470,0.4728812754177013,714.6474866124393,30.918805666372197,1771,3.323023036747886,1753,3.323023036747886,1753,3.090032363308063,1753,3.090032363308063,1753,4.0025858749763294,2237,4.0025858749763294,2237,4.5219139014211995,2237,4.5219139014211995,2237,1.5207517248295688,974,1.5207517248295688,974
inject,161,0.2944297231504267,975.2107956220726,42.982126141076066,1827,4.338078151281238,1790,4.338078151281238,1790,5.131937221867307,1790,5.131937221867307,1790,4.84604870831202,1790,4.84604870831202,1790,6.654707948128251,1790,6.654707948128251,1790,1.2177754310837776,2359,1.2177754310837776,2359
inject,32,0.16719580240624743,1140.7862795942,35.36622209358898,575,2.9111978242846885,907,2.9111978242846885,907,3.651339642061183,2306,3.651339642061183,2306,3.4402469160022027,450,3.4402469160022027,450,4.097959798444672,921,4.097959798444672,921,32.23911460866854,2141,32.23911460866854,2141
inject,902,0.20517077667983852,1583.3305752204913,40.33409686929261,985,3.1010050979301074,869,3.1010050979301074,869,3.3915626221307007,409,3.3915626221307007,409,3.342928284468132,1074,3.342928284468132,1074,4.178818726820639,881,4.178818726820639,881,1.0682902533281795,406,1.0682902533281795,406
inject,713,0.20318756373786362,1690.4868550520332,35.182837283416106,476,2.850227433111687,634,2.850227433111687,634,3.2765425393402063,1215,3.2765425393402063,1215,3.795168782317264,634,3.795168782317264,634,3.9971113071616684,652,3.9971113071616684,652,0.6286745805164168,814,0.6286745805164168,814
inject,1227,0.010901596536297298,322.70341267862966,39.0557620478013,1971,2.633815165504237,1530,2.633815165504237,1530,3.3164261452866235,692,3.3164261452866235,692,3.8277254645594976,1742,3.8277254645594976,1742,4.434182309761371,1944,4.434182309761371,1944,0.9132474317864777,1417,0.9132474317864777,1417
inject,731,0.020052129144551678,526.5442956271437,42.49141552724093,314,3.619637973927874,554,3.619637973927874,554,3.9066784072790983,1187,3.9066784072790983,1187,4.170326252237293,763,4.170326252237293,763,4.371550398745463,274,4.371550398745463,274,1.2997833962226861,217,1.2997833962226861,217
inject,883,0.16999518667000046,1216.7135313011497,30.148010395612733,1378,3.271409131321378,1728,3.271409131321378,1728,3.0621408700441246,1729,3.0621408700441246,1729,3.9404129030899853,1331,3.9404129030899853,1331,3.884461943796498,2247,3.884461943796498,2247,1.778432152809079,576,1.778432152809079,576
inject,1172,0.49295380578001313,928.9366581899749,39.08786932428732,1288,4.404873382006508,1270,4.404873382006508,1270,4.901344924936715,1271,4.901344924936715,1271,5.228917826813422,1270,5.228917826813422,1270,6.550107456781211,1270,6.550107456781211,1270,1.2639225086067636,1270,1.2639225086067636,1270
inject,376,0.14234568457603514,439.7640707638029,39.54566813167413,1408,3.2211240602328775,2075,3.2211240602328775,2075,3.584641697630205,2074,3.584641697630205,2074,3.83459540494356,2314,3.83459540494356,2314,4.508718168991086,1850,4.508718168991086,1850,7.5727335252079255,2074,7.5727335252079255,2074
inject,100,0.013613693475495459,1495.0314649178035,33.100834919377,1970,2.940399776801426,1773,2.940399776801426,1773,3.2653536891794954,2078,3.2653536891794954,2078,4.262947867943443,2076,4.262947867943443,2076,4.263601471788354,2076,4.263601471788354,2076,0.933508824626876,2076,0.933508824626876,2076
inject,150,0.13902370165807476,1642.604855745941,43.813840111961234,1109,4.195849610362376,974,4.195849610362376,974,4.0811375921650965,972,4.0811375921650965,972,4.502385557192174,974,4.502385557192174,974,5.2744004426857805,976,5.2744004426857805,976,0.8616821646850473,973,0.8616821646850473,973
inject,323,0.06260945180021327,560.6776159565368,33.90292464934018,1983,2.6961365972767686,924,2.6961365972767686,924,3.266767916689297,971,3.266767916689297,971,4.641347432966629,1477,4.641347432966629,1477,4.308760068856497,1477,4.308760068856497,1477,0.7696069710228155,1117,0.7696069710228155,1117
inject,1154,0.06886625614218256,927.3564632216151,42.7086978654138,760,3.1175264797427165,849,3.1175264797427165,849,3.4931320011290823,2339,3.4931320011290823,2339,3.835948599074846,847,3.835948599074846,847,4.601256293256892,866,4.601256293256892,866,6.767564146480425,679,6.767564146480425,679
inject,1158,0.5156933317374335,1890.793338288192,30.923978173460892,1420,3.750736111664586,1139,3.750736111664586,1139,3.605780988133269,1029,3.605780988133269,1029,4.310366326534874,589,4.310366326534874,589,4.246881136917176,1924,4.246881136917176,1924,2.2359851309807404,1031,2.2359851309807404,1031
inject,140,0.15046874291204915,718.6240546648951,42.89841856904167,1803,4.249889187134614,1297,4.249889187134614,1297,4.1567306574384855,969,4.1567306574384855,969,4.516042193300328,1297,4.516042193300328,1297,6.4047744526805435,1295,6.4047744526805435,1295,1.7275113080670232,970,1.7275113080670232,970
inject,629,0.2139570152251522,936.0157094943023,40.429003725608816,833,4.530795373989642,2188,4.530795373989642,2188,4.422400410066543,2188,4.422400410066543,2188,4.988458676741902,2188,4.988458676741902,2188,5.390663717800239,2189,5.390663717800239,2189,1.5842879751789534,2014,1.5842879751789534,2014
inject,861,0.27055485294695825,799.015329667188,30.84524158590666,1742,2.9541243695631345,2116,2.9541243695631345,2116,3.123970445805962,2117,3.123970445805962,2117,3.5887564733141364,1688,3.5887564733141364,1688,4.15825588255401,848,4.15825588255401,848,17.098723023224874,958,17.098723023224874,958
inject,841,0.49083799943392803,1332.3739777966557,30.476586376025875,1498,3.4405582900369973,1949,3.4405582900369973,1949,3.7555120608747687,1948,3.7555120608747687,1948,3.980972702937237,1948,3.980972702937237,1948,4.38964652014697,95,4.38964652014697,95,1.1366979152490713,706,1.1366979152490713,706
inject,787,0.10430317310724013,577.8945884487968,31.3255157663776,2071,3.8414161956403627,2005,3.8414161956403627,2005,3.991622102026776,2005,3.991622102026776,2005,4.156283822898205,1920,4.156283822898205,1920,5.0307581443773755,2005,5.0307581443773755,2005,0.8058989739387623,2380,0.8058989739387623,2380
inject,463,0.11047360459438837,1481.6561782436065,36.57291114093457,1590,3.093087535356006,1583,3.093087535356006,1583,2.7171354032431108,1957,2.7171354032431108,1957,3.5976645537602643,430,3.5976645537602643,430,5.3648628735661905,670,5.3648628735661905,670,37.67395177197068,2214,37.67395177197068,2214
inject,780,0.023610729788262286,421.88000854104814,35.20838653607381,1275,3.08366529629733,1283,3.08366529629733,1283,3.2474738420253364,1857,3.2474738420253364,1857,3.6233456881862414,1402,3.6233456881862414,1402,5.495354491787324,1272,5.495354491787324,1272,32.81447257200937,217,32.81447257200937,217
inject,912,0.1251217221901615,633.9998033689037,34.04943705163397,1163,3.0590842270754766,2133,3.0590842270754766,2133,2.8489805990300994,2091,2.8489805990300994,2091,4.1520774327047425,13,4.1520774327047425,13,4.203582162358834,534,4.203582162358834,534,29.391088158573492,383,29.391088158573492,383
inject,787,0.7786710214458974,1203.4863062990858,36.25176207282861,1500,6.248855692698695,1469,6.248855692698695,1469,7.796930774875218,1470,7.796930774875218,1470,7.565206768618882,1469,7.565206768618882,1469,10.544387743008057,1470,10.544387743008057,1470,1.8235353196748028,1470,1.8235353196748028,1470
inject,1009,0.024961297705803243,343.2923527062532,33.22954377009084,392,3.0425932238198348,489,3.0425932238198348,489,3.266510737651067,575,3.266510737651067,575,4.843688024140245,575,4.843688024140245,575,5.509633244643936,575,5.509633244643936,575,1.053947440878442,1409,1.053947440878442,1409
inject,1174,0.00938919003034544,322.5222476719736,43.973536315595716,895,3.3798138340778277,111,3.3798138340778277,111,3.4421944402303355,743,3.4421944402303355,743,3.9059067449075577,111,3.9059067449075577,111,4.972624862655946,112,4.972624862655946,112,39282415.76729026,1150,39282415.76729026,1150
inject,1045,0.09568589119521254,743.2611522313051,37.38218212104837,1631,3.9195956303408632,360,3.9195956303408632,360,3.1405381915839765,2206,3.1405381915839765,2206,4.604822344709098,361,4.604822344709098,361,5.472024285912634,361,5.472024285912634,361,1.8885425252849681,2052,1.8885425252849681,2052
inject,933,0.33584970576022044,1417.7544287545813,35.44794336078813,1284,3.566197962400043,829,3.566197962400043,829,3.085680072054476,1271,3.085680072054476,1271,3.8294375282360105,464,3.8294375282360105,464,4.515167132159507,829,4.515167132159507,829,1.5138731690921563,706,1.5138731690921563,706
inject,1069,0.11053559388950362,312.29647467671816,39.25201380947419,1738,3.5850083891142996,1204,3.5850083891142996,1204,3.0796831852678017,957,3.0796831852678017,957,3.7258030749629363,1900,3.7258030749629363,1900,3.8257360246212646,1966,3.8257360246212646,1966,18.660878919767327,145,18.660878919767327,145
inject,195,0.2968224382302268,1211.1863289683731,40.091408259236076,1689,3.7334687544299614,1185,3.7334687544299614,1185,4.415434267628174,1879,4.415434267628174,1879,4.505757126181753,1717,4.505757126181753,1717,6.4628029412333845,1181,6.4628029412333845,1181,1.2988370719296376,1145,1.2988370719296376,1145
inject,916,0.10746570154050661,1292.2933253581502,31.547743324721807,872,3.281295497595314,431,3.281295497595314,431,3.1336584720640652,1504,3.1336584720640652,1504,3.77123249830303,1777,3.77123249830303,1777,4.991101663299093,918,4.991101663299093,918,5.281181048037212,1091,5.281181048037212,1091
inject,1207,0.18419108191634626,346.22014789754843,33.6011946909538,1325,4.039734119629394,1561,4.039734119629394,1561,4.672485277155874,1394,4.672485277155874,1394,5.152259562362427,268,5.152259562362427,268,5.2756808689166785,268,5.2756808689166785,268,1.439212943332099,1395,1.439212943332099,1395
inject,1009,0.1534071069838122,1615.7526130799044,42.79309740426332,1338,3.0522116271221655,489,3.0522116271221655,489,3.248044475267765,575,3.248044475267765,575,4.847713838749052,575,4.847713838749052,575,5.553111335464588,575,5.553111335464588,575,1.0536343393595906,1409,1.0536343393595906,1409
inject,1274,0.7701220347033839,1682.309301349109,32.08268762271706,1354,5.027625663020829,1350,5.027625663020829,1350,5.419717635670503,1352,5.419717635670503,1352,5.027625663020829,1350,5.027625663020829,1350,7.224184237701628,1351,7.224184237701628,1351,2.413491486529911,316,2.413491486529911,316
inject,440,0.12441076130613482,1178.6679800717147,35.59466664633129,257,3.424877202798059,1008,3.424877202798059,1008,3.8216592181803204,1007,3.8216592181803204,1007,3.8511116661134297,1900,3.8511116661134297,1900,4.451138480351364,1901,4.451138480351364,1901,6.755344737844069,1009,6.755344737844069,1009
inject,669,0.41638606430834646,809.4332372348713,37.01418084639,1328,3.3129245952037167,1951,3.3129245952037167,1951,2.9926398536688437,1824,2.9926398536688437,1824,3.663136601617088,1811,3.663136601617088,1811,3.8269403203946655,1949,3.8269403203946655,1949,36.40400840444857,100,36.40400840444857,100
inject,1002,0.4428949873738871,678.5953079306298,31.249789276722446,348,3.558241457284711,2237,3.558241457284711,2237,4.072498852993022,955,4.072498852993022,955,4.1317378233979225,1412,4.1317378233979225,1412,4.801392917748032,2225,4.801392917748032,2225,1.4416321039242943,956,1.4416321039242943,956
inject,1078,0.12107193199766908,307.49507274815323,30.493681765790047,702,3.2120544343708723,319,3.2120544343708723,319,3.16164242066697,1994,3.16164242066697,1994,4.007058281716977,1403,4.007058281716977,1403,5.682128653945134,921,5.682128653945134,921,1.5683430247896293,862,1.5683430247896293,862
inject,279,0.13569751117069362,1237.789780563869,35.83277278825224,1438,4.165136178328319,1479,4.165136178328319,1479,3.6629456059502687,1480,3.6629456059502687,1480,4.278978306861083,1479,4.278978306861083,1479,5.339550502400803,1479,5.339550502400803,1479,4.258290029239851,2188,4.258290029239851,2188
inject,1215,0.600127125061265,1174.1116914139825,33.5171414958696,962,3.065852259677495,475,3.065852259677495,475,3.4030825152551754,951,3.4030825152551754,951,3.5250356444442574,344,3.5250356444442574,344,5.368168370628984,2001,5.368168370628984,2001,12.863664526328591,1001,12.863664526328591,1001
inject,134,0.07154110596328989,535.2719210494454,42.12162182055875,278,3.420604881073118,593,3.420604881073118,593,3.519069100135832,1178,3.519069100135832,1178,3.8165768899688564,593,3.8165768899688564,593,4.450144617258049,594,4.450144617258049,594,1.2114605467625594,2130,1.2114605467625594,2130
inject,145,0.06507851697978329,347.15475871007976,33.10887654317148,1295,3.3138718758628642,884,3.3138718758628642,884,3.700587081039222,726,3.700587081039222,726,3.3920069094538174,895,3.3920069094538174,895,4.645037959178473,2018,4.645037959178473,2018,0.7448734079647666,726,0.7448734079647666,726
inject,167,0.43620647783154,1626.8219526046619,40.58681123298445,1121,3.665729694862096,2248,3.665729694862096,2248,3.9780391611993133,1111,3.9780391611993133,1111,4.9678496440368765,2248,4.9678496440368765,2248,5.933809561348785,2250,5.933809561348785,2250,1.2758838986098773,42,1.2758838986098773,42
inject,1093,0.023188607112134663,538.3748132528955,44.535108335263985,749,2.9652872759312245,497,2.9652872759312245,497,3.0112305110602,93,3.0112305110602,93,3.8637588721835705,2329,3.8637588721835705,2329,4.392255572649879,1674,4.392255572649879,1674,5.090769823950683,2340,5.090769823950683,2340
inject,799,0.054487070095083245,1563.0379640643357,41.852367877243324,317,2.5695024993766302,478,2.5695024993766302,478,3.178864199573388,2067,3.178864199573388,2067,3.9490525753069172,1687,3.9490525753069172,1687,4.205225102117554,434,4.205225102117554,434,0.9153514733242911,257,0.9153514733242911,257
inject,117,0.11076855278325415,1433.2025133947516,43.508404440842554,889,3.0852375706435526,2019,3.0852375706435526,2019,3.8939306614793407,738,3.8939306614793407,738,3.8090960495662696,736,3.8090960495662696,736,4.3752056702843305,736,4.3752056702843305,736,1.6215882417142518,736,1.6215882417142518,736
inject,70,0.1074878633637687,1117.1521599024295,40.784262248147506,467,3.828593749447144,885,3.828593749447144,885,3.7947840122378866,887,3.7947840122378866,887,3.9868357808386734,2135,3.9868357808386734,2135,5.396972283174584,1296,5.396972283174584,1296,1.481578296680711,2135,1.481578296680711,2135
inject,204,0.0856472321143118,990.7361664210035,38.841751384416845,1088,3.046363204738733,973,3.046363204738733,973,3.2583142077295992,2209,3.2583142077295992,2209,3.647598447890916,205,3.647598447890916,205,4.169947149577553,205,4.169947149577553,205,1.186685722204115,1013,1.186685722204115,1013
inject,871,0.03694438952878887,1006.6532219402603,41.57037652571798,1970,3.6406701977232974,667,3.6406701977232974,667,3.059117361115365,2040,3.059117361115365,2040,3.993650745871892,667,3.993650745871892,667,4.326110937909595,405,4.326110937909595,405,0.6453460074012561,1702,0.6453460074012561,1702
inject,1228,0.6261133079040279,1820.6345373895726,43.09137885759618,1965,4.735090477247083,1950,4.735090477247083,1950,5.8824450762875395,1950,5.8824450762875395,1950,4.847590104178243,1949,4.847590104178243,1949,6.34514742387117,1950,6.34514742387117,1950,3.4362964641178455,1952,3.4362964641178455,1952
inject,1096,0.3666307867378332,751.4563701903069,39.90744151262301,2091,3.6455562050587336,2287,3.6455562050587336,2287,4.013693184709782,2398,4.013693184709782,2398,3.734248915208981,1155,3.734248915208981,1155,4.4836357812857575,2287,4.4836357812857575,2287,1.7909202754726696,2397,1.7909202754726696,2397
inject,60,0.008890514443352981,1925.7029900309044,43.34536735944593,1209,3.3845110043326003,1006,3.3845110043326003,1006,3.5512789925646238,1007,3.5512789925646238,1007,3.524295790386347,461,3.524295790386347,461,3.6910270903762945,1123,3.6910270903762945,1123,42.53804742024731,2232,42.53804742024731,2232
inject,682,0.43458619239739815,1910.373132689971,39.743205619932674,1888,4.365960846647364,1869,4.365960846647364,1869,5.989729955136696,1871,5.989729955136696,1871,4.718394769254105,1870,4.718394769254105,1870,6.154721865799177,1870,6.154721865799177,1870,1.510159067136974,1716,1.510159067136974,1716
inject,1073,0.1337906386093357,1527.77398185589,35.093350643831045,2141,4.6581348352271466,1028,4.6581348352271466,1028,4.190969078570279,1029,4.190969078570279,1029,4.6581348352271466,1028,4.6581348352271466,1028,5.19407462214708,1028,5.19407462214708,1028,1.1041265873985788,2175,1.1041265873985788,2175
inject,483,0.13565940658462627,851.3811848661992,34.79941535175429,2014,3.0265960886140824,1436,3.0265960886140824,1436,3.1722962033661712,429,3.1722962033661712,429,3.6060063379116567,1003,3.6060063379116567,1003,4.925714788121741,1435,4.925714788121741,1435,23.496415837607447,639,23.496415837607447,639
inject,708,0.17606111939570757,1415.3151856801594,44.52532810335995,342,3.701504556254725,2070,3.701504556254725,2070,4.031702578255047,2070,4.031702578255047,2070,4.373870895445003,2070,4.373870895445003,2070,4.7515820292438855,2069,4.7515820292438855,2069,32699382.97827824,17,32699382.97827824,17
inject,1092,0.047252926679698826,320.6452857247246,32.91223876652271,1885,2.940406936764324,1300,2.940406936764324,1300,3.3924371532143347,708,3.3924371532143347,708,4.240502448640673,570,4.240502448640673,570,4.5970317412117625,570,4.5970317412117625,570,0.8867416521040151,1400,0.8867416521040151,1400
inject,851,0.17452519954850265,995.3547645181384,36.51639662165984,258,3.5171498290888756,658,3.5171498290888756,658,4.531911836571171,657,4.531911836571171,657,4.357743033314655,1619,4.357743033314655,1619,4.487553073219813,1358,4.487553073219813,1358,2.1293798243672946,1619,2.1293798243672946,1619
inject,459,0.023422929120731628,390.0757265828123,44.947557981409865,854,2.8397828922737363,27,2.8397828922737363,27,2.40426229073737,1052,2.40426229073737,1052,3.21761187895743,932,3.21761187895743,932,3.9399397475876428,19,3.9399397475876428,19,1.879481745572573,2321,1.879481745572573,2321
inject,760,0.052685968352345625,629.0087419143366,30.22785515109015,520,3.3289438578525057,1413,3.3289438578525057,1413,4.081226782430691,660,4.081226782430691,660,4.2246129196407205,659,4.2246129196407205,659,4.9268218484526765,2058,4.9268218484526765,2058,2.070337091031028,2313,2.070337091031028,2313
inject,111,0.048196287400763205,1662.884603997716,39.54583444856334,563,3.8729400182971676,736,3.8729400182971676,736,4.997515005332973,736,4.997515005332973,736,4.116750936830943,2048,4.116750936830943,2048,4.996759955326556,2155,4.996759955326556,2155,23.115320039958224,2180,23.115320039958224,2180
inject,425,0.4049431789208138,1667.4616283921816,32.812744723083476,793,4.122319773867181,616,4.122319773867181,616,3.699380061811575,617,3.699380061811575,617,4.349590355389629,616,4.349590355389629,616,5.490849602443074,616,5.490849602443074,616,1.0269437088419455,615,1.0269437088419455,615
inject,40,0.07281974837581828,444.4364469839326,42.96119241721043,1793,3.0067438972144793,1749,3.0067438972144793,1749,3.1104075114483805,2177,3.1104075114483805,2177,3.260001043283064,2179,3.260001043283064,2179,4.188302102658717,1940,4.188302102658717,1940,1.3296110274918826,2179,1.3296110274918826,2179
inject,1174,0.05519240547566617,394.28595813672734,34.80422885264679,1091,3.3783193131202665,111,3.3783193131202665,111,3.4409016671122785,743,3.4409016671122785,743,3.905081752553415,111,3.905081752553415,111,4.9724816058396675,112,4.9724816058396675,112,39282415.76729026,1150,39282415.76729026,1150
inject,1250,0.4478191004047971,1351.3329345914556,42.168579448164735,1297,2.8812902441461126,669,2.8812902441461126,669,3.481454191727929,668,3.481454191727929,668,3.520238509968344,877,3.520238509968344,877,5.214501087917115,673,5.214501087917115,673,43.80983488034333,279,43.80983488034333,279
inject,219,0.14012134004298615,1533.1186865933917,40.315881702695364,812,2.9733331604503133,2160,2.9733331604503133,2160,3.075303105978954,1340,3.075303105978954,1340,3.610829771668208,1430,3.610829771668208,1430,3.714287289481316,1338,3.714287289481316,1338,1.0410885509284171,2344,1.0410885509284171,2344
inject,305,0.820595936135568,1415.7742716222126,30.178280100437775,341,6.483902486548697,310,6.483902486548697,310,6.956969357736527,311,6.956969357736527,311,7.343678696567505,311,7.343678696567505,311,10.24666408643972,311,10.24666408643972,311,2.2887831929265094,312,2.2887831929265094,312
inject,279,0.02471330204288824,419.42850058163333,34.78944736890185,1745,4.183696179062862,1479,4.183696179062862,1479,3.703072696173994,1480,3.703072696173994,1480,4.312227443421919,1479,4.312227443421919,1479,5.352357080295484,1479,5.352357080295484,1479,4.258290029239851,2188,4.258290029239851,2188
inject,893,0.23324746089056714,1867.4148898872959,40.306968121235165,1018,2.6836932191300398,2165,2.6836932191300398,2165,3.5513471812682207,205,3.5513471812682207,205,4.114920735687881,429,4.114920735687881,429,4.095413271848038,433,4.095413271848038,433,1.3113834640173323,2165,1.3113834640173323,2165
inject,618,0.7718806064796293,1953.2357595669373,38.57740522633872,1137,3.28533981769147,1606,3.28533981769147,1606,3.6775870220636406,1290,3.6775870220636406,1290,3.9427749168793156,1073,3.9427749168793156,1073,4.419625744244842,1111,4.419625744244842,1111,31404486.696403988,1049,31404486.696403988,1049
inject,620,0.7467282597596419,1934.897781031471,30.04464205351505,2117,3.749233913287396,2108,3.749233913287396,2108,5.037068698442605,2108,5.037068698442605,2108,4.110940998735197,2107,4.110940998735197,2107,5.040620374750015,1512,5.040620374750015,1512,18.998435343360075,754,18.998435343360075,754
inject,930,0.35543401390485774,656.6973966948659,35.952639772790945,1510,3.097162949146186,1905,3.097162949146186,1905,4.013396743362159,821,4.013396743362159,821,3.7689706195264763,441,3.7689706195264763,441,3.7525050203638672,441,3.7525050203638672,441,1.251433191850128,165,1.251433191850128,165
inject,1224,0.015126605408972371,1854.9137589534037,32.830812129007036,826,3.1289964548502813,365,3.1289964548502813,365,2.71515558409685,1598,2.71515558409685,1598,3.6152843993971118,932,3.6152843993971118,932,5.979948364222007,377,5.979948364222007,377,1.2688665708906497,443,1.2688665708906497,443
inject,255,0.04802735206889719,380.4404986621373,42.57441735383912,2118,2.71301462626919,1320,2.71301462626919,1320,3.1608352975268907,977,3.1608352975268907,977,3.284044471331231,777,3.284044471331231,777,4.540006942688742,1323,4.540006942688742,1323,0.8830760924248087,1294,0.8830760924248087,1294
inject,622,0.25327779620128366,940.7359700600448,37.622699465695675,475,2.8968529143141377,972,2.8968529143141377,972,3.3447662669182825,973,3.3447662669182825,973,3.2885259849086124,2000,3.2885259849086124,2000,5.994548484925092,2013,5.994548484925092,2013,4.738202540776461,970,4.738202540776461,970
inject,49,0.095486663988403,313.7157834555985,44.71834752835426,1973,2.7616410824395428,2114,2.7616410824395428,2114,2.9310795804254477,1214,2.9310795804254477,1214,4.248538200361284,1214,4.248538200361284,1214,4.704334710721211,1214,4.704334710721211,1214,37.26584463504515,550,37.26584463504515,550
inject,348,0.649895024154701,1172.132487487463,30.32321241926035,1680,5.150598406724083,1672,5.150598406724083,1672,6.511848062026088,1671,6.511848062026088,1671,5.212166424954973,1671,5.212166424954973,1671,7.190300921333849,1671,7.190300921333849,1671,1.397182391851254,1670,1.397182391851254,1670
inject,209,0.15499643609562286,1604.6531876706058,43.59353441700844,1121,3.29345374594255,2349,3.29345374594255,2349,3.5369838091631483,1853,3.5369838091631483,1853,3.296909116814679,2349,3.296909116814679,2349,4.574250678999218,2337,4.574250678999218,2337,3.71047921733211,995,3.71047921733211,995
inject,695,0.5173664171495038,1066.1581921561865,36.63167246056116,1398,3.1033751136952445,479,3.1033751136952445,479,3.511852738629796,1389,3.511852738629796,1389,3.923712901728428,2304,3.923712901728428,2304,4.069976599266032,862,4.069976599266032,862,1.3353949273126766,481,1.3353949273126766,481
inject,261,0.12349255335525666,745.9391993075319,31.10589089722412,1024,4.473995890393824,968,4.473995890393824,968,4.41449206132837,1185,4.41449206132837,1185,4.619998602323972,968,4.619998602323972,968,5.208662772944789,970,5.208662772944789,970,1.198922232771857,1182,1.198922232771857,1182
inject,456,0.5787044418305043,1127.9810647765453,42.537700290224905,1845,4.192541373492565,1830,4.192541373492565,1830,6.167086873751526,1831,6.167086873751526,1831,5.217402710511883,1830,5.217402710511883,1830,6.471580068430349,1830,6.471580068430349,1830,0.9742111635206039,1831,0.9742111635206039,1831
inject,997,0.138046778483915,1599.8542219741291,34.92061270113866,1883,3.007248616332894,2348,3.007248616332894,2348,3.492208818423601,2346,3.492208818423601,2346,4.07032600320369,2350,4.07032600320369,2350,5.318460824226313,2350,5.318460824226313,2350,29380644.65569788,1977,29380644.65569788,1977
inject,436,0.5631690690014415,1974.2157668520586,40.5944824931281,1389,3.5508184588366745,1456,3.5508184588366745,1456,3.1177206993688618,543,3.1177206993688618,543,3.9270876755767867,1783,3.9270876755767867,1783,4.963014016095355,1456,4.963014016095355,1456,39.70884338076975,1211,39.70884338076975,1211
inject,798,0.1880047022362864,1094.53834644577,41.18090985820328,1260,2.8160287483358992,2217,2.8160287483358992,2217,3.3942683826400692,826,3.3942683826400692,826,4.003779809813569,455,4.003779809813569,455,3.824725119803372,464,3.824725119803372,464,0.9646313555325479,1223,0.9646313555325479,1223
inject,825,0.14688810793647444,1933.749827920889,42.67832744543074,1698,4.98828318492379,2264,4.98828318492379,2264,5.702835595192191,2265,5.702835595192191,2265,5.344267645951071,2264,5.344267645951071,2264,5.98151634602242,2265,5.98151634602242,2265,1.4372830253277138,1343,1.4372830253277138,1343
inject,1070,0.0466753137564061,493.0221615642214,30.5030293342375,1178,3.535522966365564,442,3.535522966365564,442,3.429756332848985,1028,3.429756332848985,1028,4.1100384663619005,373,4.1100384663619005,373,3.7902138772586094,179,3.7902138772586094,179,1.2275994759890339,2281,1.2275994759890339,2281
inject,1092,0.03238956842623486,357.04400900768184,37.917876674355966,460,2.948143870739088,1300,2.948143870739088,1300,3.399856585555049,708,3.399856585555049,708,4.244329657844639,570,4.244329657844639,570,4.595975723813859,570,4.595975723813859,570,0.8865888929104665,1400,0.8865888929104665,1400
inject,762,0.10703368827945914,540.3637787135231,36.08732316269386,1092,3.3386751828561687,364,3.3386751828561687,364,3.080014619207595,365,3.080014619207595,365,3.550445172488628,1461,3.550445172488628,1461,4.948855281915529,983,4.948855281915529,983,15.893211528875353,1675,15.893211528875353,1675
inject,124,0.7554731468429698,1513.593625861241,32.23246964233212,1883,3.028410128320663,1033,3.028410128320663,1033,4.359559477674794,979,4.359559477674794,979,3.885543690385585,555,3.885543690385585,555,4.007800727139162,104,4.007800727139162,104,37.532927467665644,2104,37.532927467665644,2104
inject,209,0.35447560736393346,688.7068160430377,39.41472228653147,714,3.3155173946502767,2349,3.3155173946502767,2349,3.521266491452131,1853,3.521266491452131,1853,3.3155173946502767,2349,3.3155173946502767,2349,4.625109219933906,2337,4.625109219933906,2337,3.712679292440507,995,3.712679292440507,995
inject,563,0.1274042891431526,678.7147731174159,43.627429148987424,473,3.3656443434355254,905,3.3656443434355254,905,3.8849808772676924,520,3.8849808772676924,520,3.8527986624124706,1241,3.8527986624124706,1241,4.686048728146361,2344,4.686048728146361,2344,1.270050190507684,314,1.270050190507684,314
inject,525,0.5861629513008295,1309.2980859683862,33.05051003320365,870,4.343943942480752,872,4.343943942480752,872,5.861201094188047,872,5.861201094188047,872,4.6352313403468415,872,4.6352313403468415,872,6.560249187904017,872,6.560249187904017,872,0.9594669634187664,870,0.9594669634187664,870
inject,1224,0.17999185807717266,1806.2015158713348,43.45409462984891,599,3.139938595069806,365,3.139938595069806,365,2.7105920676996273,1598,2.7105920676996273,1598,3.5805884332036415,932,3.5805884332036415,932,6.048720258525519,377,6.048720258525519,377,1.2680359595079198,443,1.2680359595079198,443
inject,496,0.3797250171705815,1844.1341273396492,38.65305820537911,348,5.731730059513692,311,5.731730059513692,311,4.3554352131484375,312,4.3554352131484375,312,5.731730059513692,311,5.731730059513692,311,9.28205467784206,312,9.28205467784206,312,1.1774310447356622,2305,1.1774310447356622,2305
inject,690,0.022133919083003772,1973.8454603044088,39.03961449652039,2057,3.7047754494978804,42,3.7047754494978804,42,3.589486204005683,44,3.589486204005683,44,4.959940680201947,1638,4.959940680201947,1638,4.293144057329685,41,4.293144057329685,41,0.8712728111527354,1808,0.8712728111527354,1808
inject,946,0.7766808698320986,1250.0530044528955,30.370458252978374,1636,3.3522313925215586,1631,3.3522313925215586,1631,4.896478927503586,1631,4.896478927503586,1631,4.052053913073415,1632,4.052053913073415,1632,3.9146360304186616,749,3.9146360304186616,749,1.9407441816469801,1629,1.9407441816469801,1629
inject,1207,0.07367020730031637,915.3178211068127,37.86215165735827,1138,4.035643310387477,1561,4.035643310387477,1561,4.694549935148007,1394,4.694549935148007,1394,5.163343266581728,268,5.163343266581728,268,5.280800372281369,268,5.280800372281369,268,1.4408375902763852,1395,1.4408375902763852,1395
inject,8,0.13447820380529107,1330.2988526377544,40.065706112136354,409,2.9672843440151926,1496,2.9672843440151926,1496,3.5149325598387837,446,3.5149325598387837,446,4.928355227462068,1397,4.928355227462068,1397,4.903533157246067,2047,4.903533157246067,2047,1.3897892576477693,1397,1.3897892576477693,1397
inject,863,0.27490366341244943,1734.1777133711405,36.73700489959248,576,3.29352425223371,1594,3.29352425223371,1594,3.5498198503304637,1593,3.5498198503304637,1593,3.593609538912759,551,3.593609538912759,551,4.930404069483362,1941,4.930404069483362,1941,0.7184819965684083,1593,0.7184819965684083,1593
inject,803,0.3776028697300051,680.6335427098916,37.34317755363109,1940,3.1869014466710666,2070,3.1869014466710666,2070,3.150713493389368,2073,3.150713493389368,2073,4.185253876508259,184,4.185253876508259,184,5.139666385730554,185,5.139666385730554,185,0.9708351835249083,1021,0.9708351835249083,1021
inject,974,0.4709864040059071,948.2234100456756,30.137281204539253,1393,3.5609985877523744,1505,3.5609985877523744,1505,4.186924600182482,1709,4.186924600182482,1709,4.5823395164150105,1331,4.5823395164150105,1331,4.558320060648602,1332,4.558320060648602,1332,0.7973912815630719,1095,0.7973912815630719,1095
inject,838,0.6796582073065299,1805.6543208505204,40.36878479556364,1348,4.508376224709204,1302,4.508376224709204,1302,4.723841736835771,1303,4.723841736835771,1303,4.643017502256453,1302,4.643017502256453,1302,5.83961797561295,1302,5.83961797561295,1302,1.4483409519350092,1301,1.4483409519350092,1301
inject,1188,0.04158221540484919,540.3552552787428,41.43719013641039,1259,4.674755853485529,1132,4.674755853485529,1132,5.13292165274632,1133,5.13292165274632,1133,4.674755853485529,1132,4.674755853485529,1132,5.677596085959393,1132,5.677596085959393,1132,1.0992976025202055,1180,1.0992976025202055,1180
inject,1024,0.10958298042266346,1031.5418752044684,35.10490563805834,1865,3.4505389658459324,1903,3.4505389658459324,1903,3.468468102943035,1904,3.468468102943035,1904,3.648512519881246,1903,3.648512519881246,1903,3.9781414555844967,2248,3.9781414555844967,2248,38.52829079920683,309,38.52829079920683,309
inject,1013,0.3904536779753598,868.3364332707491,42.027907022993546,588,3.630571638142572,550,3.630571638142572,550,3.8277008705167983,1591,3.8277008705167983,1591,3.83895648155071,550,3.83895648155071,550,4.967075909407136,611,4.967075909407136,611,1.020193722855614,336,1.020193722855614,336
inject,1120,0.34527725339249526,1736.4637818283932,34.41604590044582,877,3.2379973304429837,216,3.2379973304429837,216,3.0414564417240033,218,3.0414564417240033,218,3.8552789966797065,1590,3.8552789966797065,1590,4.315434209045962,1616,4.315434209045962,1616,32.22564436987987,130,32.22564436987987,130
inject,720,0.2981188513143591,1687.4745002960385,34.754143776265146,778,2.6728476471837963,1520,2.6728476471837963,1520,3.7699483152169937,1844,3.7699483152169937,1844,3.4740261602018845,2244,3.4740261602018845,2244,4.081121068198968,2251,4.081121068198968,2251,42.542198182882025,1994,42.542198182882025,1994
inject,765,0.12778035589147108,487.6800298851555,33.88815893038607,1340,2.637734840930043,1128,2.637734840930043,1128,3.3788083223418757,87,3.3788083223418757,87,4.323869042559441,783,4.323869042559441,783,4.244398946040149,113,4.244398946040149,113,2.0293144188089753,1577,2.0293144188089753,1577
inject,1239,0.5639075281113165,1977.9562218885192,39.833395750375644,970,4.773722667438094,949,4.773722667438094,949,4.246096499050409,950,4.246096499050409,950,4.773722667438094,949,4.773722667438094,949,6.419481703256618,949,6.419481703256618,949,1.5462761534878273,2314,1.5462761534878273,2314
inject,863,0.057910063579962645,801.8965667556406,36.24622694301832,721,3.3602213133606567,1594,3.3602213133606567,1594,3.5693697844421663,1593,3.5693697844421663,1593,3.5070347889389226,2161,3.5070347889389226,2161,5.064730344378951,1941,5.064730344378951,1941,0.7686236375187003,714,0.7686236375187003,714
inject,297,0.19233492547618325,1909.4654574497656,36.02942190192874,1370,3.3733031082575984,945,3.3733031082575984,945,4.183464856254465,729,4.183464856254465,729,3.896227088594746,1896,3.896227088594746,1896,4.3196330419529225,2058,4.3196330419529225,2058,9.606762400397148,535,9.606762400397148,535
inject,828,0.20694184363253865,1112.778944366863,30.41185624845101,873,3.45522750185349,675,3.45522750185349,675,4.093733830712275,960,4.093733830712275,960,3.843992420923839,1228,3.843992420923839,1228,4.878645608108611,674,4.878645608108611,674,1.243645353402264,962,1.243645353402264,962
inject,237,0.12589783117606446,1594.9799369801044,39.40217673027056,259,4.108802376844809,973,4.108802376844809,973,4.3252420236802305,973,4.3252420236802305,973,4.108802376844809,973,4.108802376844809,973,4.878575224907244,974,4.878575224907244,974,0.807748457928425,1432,0.807748457928425,1432
inject,723,0.4447680385661359,1013.1851396685864,35.95225209729314,461,3.8410603364709144,133,3.8410603364709144,133,4.243967724997627,432,4.243967724997627,432,4.791629356211942,431,4.791629356211942,431,5.2529177758844305,439,5.2529177758844305,439,1.32148412045471,430,1.32148412045471,430
inject,58,0.24202242756882497,1579.0948386658501,34.19021371938737,371,3.4812984916909944,340,3.4812984916909944,340,3.435952006970423,248,3.435952006970423,248,3.8636779692835366,341,3.8636779692835366,341,4.384364018499329,342,4.384364018499329,342,1.1994515710664146,247,1.1994515710664146,247
inject,20,0.21824047475989428,505.0258425359859,41.71509872084914,702,3.20051309342735,1068,3.20051309342735,1068,3.2084375323123053,448,3.2084375323123053,448,3.239675143738616,1014,3.239675143738616,1014,4.3922724575451735,1522,4.3922724575451735,1522,0.6696469457358529,1870,0.6696469457358529,1870
null,1006,,,,-1,3.0046463291190704,2344,3.0046463291190704,2344,3.1338038934830728,2344,3.1338038934830728,2344,3.665066952244936,2345,3.665066952244936,2345,3.616630981852636,2345,3.616630981852636,2345,43.32381162879841,1210,43.32381162879841,1210
null,88,,,,-1,2.8979000111177933,235,2.8979000111177933,235,3.7478530736872693,733,3.7478530736872693,733,3.79036322193506,823,3.79036322193506,823,3.618844701954421,2353,3.618844701954421,2353,19.442532943795754,1007,19.442532943795754,1007
null,577,,,,-1,3.7537594893484107,699,3.7537594893484107,699,3.1773973847110204,2178,3.1773973847110204,2178,3.7537594893484107,699,3.7537594893484107,699,4.439279461249594,701,4.439279461249594,701,1.207031103374414,1834,1.207031103374414,1834
null,732,,,,-1,3.60487684986085,2169,3.60487684986085,2169,4.522127165485331,2168,4.522127165485331,2168,4.312884281299599,2167,4.312884281299599,2167,6.0217286285706075,2167,6.0217286285706075,2167,1.013980970469523,762,1.013980970469523,762
null,112,,,,-1,4.727758261798023,1710,4.727758261798023,1710,3.9654090998796114,1712,3.9654090998796114,1712,4.847636630880247,1710,4.847636630880247,1710,6.079487777301891,1711,6.079487777301891,1711,0.758093817074486,1215,0.758093817074486,1215
null,30,,,,-1,3.91038842309408,624,3.91038842309408,624,3.2231434120903075,2336,3.2231434120903075,2336,3.91038842309408,624,3.91038842309408,624,5.61422907929004,625,5.61422907929004,625,3.3509354614455606,2325,3.3509354614455606,2325
null,1166,,,,-1,3.4300181638335623,693,3.4300181638335623,693,3.695245431720244,693,3.695245431720244,693,3.937002701513567,631,3.937002701513567,631,5.423532498819786,628,5.423532498819786,628,55.1036737999399,1959,55.1036737999399,1959
null,571,,,,-1,3.2269515047929858,2072,3.2269515047929858,2072,3.3196297620464668,1522,3.3196297620464668,1522,3.3893894954135377,258,3.3893894954135377,258,4.118592699194758,274,4.118592699194758,274,51.23286911340182,884,51.23286911340182,884
null,1228,,,,-1,3.098288653564852,530,3.098288653564852,530,3.302408093267937,1850,3.302408093267937,1850,3.590329127208979,1849,3.590329127208979,1849,3.9585461540404143,530,3.9585461540404143,530,2.3427375520284044,1952,2.3427375520284044,1952
null,557,,,,-1,3.5333450107067113,1299,3.5333450107067113,1299,3.5246273209549384,1051,3.5246273209549384,1051,4.024821317663834,626,4.024821317663834,626,4.498375201151804,1300,4.498375201151804,1300,3.1865829481778425,1052,3.1865829481778425,1052
null,1239,,,,-1,3.106917859639547,1146,3.106917859639547,1146,3.3380679438474967,2173,3.3380679438474967,2173,3.544372157654084,1241,3.544372157654084,1241,4.288767355618114,2289,4.288767355618114,2289,1.5467266053700908,2314,1.5467266053700908,2314
null,124,,,,-1,3.0314888919379093,1033,3.0314888919379093,1033,4.362841339693167,979,4.362841339693167,979,3.889158429568055,555,3.889158429568055,555,4.025949887819026,104,4.025949887819026,104,37.549200144548834,2104,37.549200144548834,2104
null,964,,,,-1,2.969169985920585,2287,2.969169985920585,2287,3.2725667188816723,215,3.2725667188816723,215,3.859374595501779,741,3.859374595501779,741,5.505544332411637,749,5.505544332411637,749,1.1195862436264434,741,1.1195862436264434,741
null,120,,,,-1,3.1700789285025617,2279,3.1700789285025617,2279,3.752090584848029,736,3.752090584848029,736,3.952194835343255,1462,3.952194835343255,1462,4.65367302228131,997,4.65367302228131,997,21.77411155457404,235,21.77411155457404,235
null,37,,,,-1,3.383583370914388,750,3.383583370914388,750,3.633828139084408,155,3.633828139084408,155,3.6273689093291965,1669,3.6273689093291965,1669,4.379739452441849,762,4.379739452441849,762,0.8178318906705836,2380,0.8178318906705836,2380
null,771,,,,-1,3.085239373822159,639,3.085239373822159,639,3.4531283201142537,992,3.4531283201142537,992,3.7478218039218216,1150,3.7478218039218216,1150,3.259372983449337,1778,3.259372983449337,1778,25.449940853943996,480,25.449940853943996,480
null,493,,,,-1,3.1292911486765593,938,3.1292911486765593,938,3.327356310656019,10,3.327356310656019,10,4.016744482346148,1827,4.016744482346148,1827,3.6701115459620137,1579,3.6701115459620137,1579,2.3384217372663647,1827,2.3384217372663647,1827
null,9,,,,-1,3.0507886621927867,337,3.0507886621927867,337,3.810064146588668,740,3.810064146588668,740,4.004377655463632,2180,4.004377655463632,2180,3.9399250530548793,340,3.9399250530548793,340,8.629695634917063,2180,8.629695634917063,2180
null,1206,,,,-1,3.0626741398699644,1717,3.0626741398699644,1717,2.92745740781352,1822,2.92745740781352,1822,3.530062917803853,881,3.530062917803853,881,4.092805444741793,882,4.092805444741793,882,0.6013441269165744,366,0.6013441269165744,366
null,930,,,,-1,3.1240564597260527,1905,3.1240564597260527,1905,4.017327357544863,821,4.017327357544863,821,3.7874492851747164,441,3.7874492851747164,441,3.7908642545101743,441,3.7908642545101743,441,1.2514951131426832,165,1.2514951131426832,165
null,442,,,,-1,2.8377994657468255,861,2.8377994657468255,861,3.3106353706156955,1309,3.3106353706156955,1309,3.737616196215575,1017,3.737616196215575,1017,3.8738704152063277,426,3.8738704152063277,426,0.7509530095413117,905,0.7509530095413117,905
null,501,,,,-1,3.2965595507145005,2190,3.2965595507145005,2190,3.5838583229163263,594,3.5838583229163263,594,3.952523260651595,516,3.952523260651595,516,4.216246129007553,516,4.216246129007553,516,1.8853679256021083,612,1.8853679256021083,612
null,161,,,,-1,3.4656287796532896,1790,3.4656287796532896,1790,3.9664231595153807,733,3.9664231595153807,733,4.386083450011631,2359,4.386083450011631,2359,4.478609281444683,2147,4.478609281444683,2147,1.2174661547788326,2359,1.2174661547788326,2359
null,364,,,,-1,3.027679428612136,1904,3.027679428612136,1904,3.215512491713226,1905,3.215512491713226,1905,3.6732402747846726,503,3.6732402747846726,503,4.180632285237206,375,4.180632285237206,375,50.271441562026745,737,50.271441562026745,737
null,571,,,,-1,3.2269515047929858,2072,3.2269515047929858,2072,3.3196297620464668,1522,3.3196297620464668,1522,3.3893894954135377,258,3.3893894954135377,258,4.118592699194758,274,4.118592699194758,274,51.23286911340182,884,51.23286911340182,884
null,1220,,,,-1,2.8250803814060914,2359,2.8250803814060914,2359,2.8819669591720762,1710,2.8819669591720762,1710,4.376789539930656,1543,4.376789539930656,1543,4.1397970994693845,586,4.1397970994693845,586,0.7818944992993662,1543,0.7818944992993662,1543
null,1138,,,,-1,2.831988165843315,2265,2.831988165843315,2265,2.9304536751932133,326,2.9304536751932133,326,3.9289272131074653,846,3.9289272131074653,846,6.393862086185236,2268,6.393862086185236,2268,1.6575549239266862,449,1.6575549239266862,449
null,37,,,,-1,3.383583370914388,750,3.383583370914388,750,3.633828139084408,155,3.633828139084408,155,3.6273689093291965,1669,3.6273689093291965,1669,4.379739452441849,762,4.379739452441849,762,0.8178318906705836,2380,0.8178318906705836,2380
null,647,,,,-1,2.8979967708809204,1844,2.8979967708809204,1844,3.364998365050799,280,3.364998365050799,280,3.7121654832758013,451,3.7121654832758013,451,4.651665266789567,2312,4.651665266789567,2312,1.180764199277098,1602,1.180764199277098,1602
null,809,,,,-1,3.3355187746282304,714,3.3355187746282304,714,3.2209634172723183,666,3.2209634172723183,666,3.33861475585912,1417,3.33861475585912,1417,3.7561601832592895,1187,3.7561601832592895,1187,1.1568539323933686,1785,1.1568539323933686,1785
null,400,,,,-1,3.3347819440046096,905,3.3347819440046096,905,3.5099131689926986,476,3.5099131689926986,476,3.3347819440046096,905,3.3347819440046096,905,4.607833916585279,1376,4.607833916585279,1376,2.4150041746703454,2047,2.4150041746703454,2047
null,26,,,,-1,2.9239793136501113,321,2.9239793136501113,321,3.246921015635368,1188,3.246921015635368,1188,4.1459349970611825,1141,4.1459349970611825,1141,4.445680973235903,906,4.445680973235903,906,0.8342019971166321,2379,0.8342019971166321,2379
null,933,,,,-1,3.5854232932461128,829,3.5854232932461128,829,2.923084116379443,1464,2.923084116379443,1464,3.8451882602674523,464,3.8451882602674523,464,4.5203472942739165,829,4.5203472942739165,829,1.5143999169052755,706,1.5143999169052755,706
null,515,,,,-1,3.407557332889542,1339,3.407557332889542,1339,3.3854018643259014,2357,3.3854018643259014,2357,3.7733110665456655,180,3.7733110665456655,180,3.928257193924763,181,3.928257193924763,181,24.78485621765315,1712,24.78485621765315,1712
null,204,,,,-1,3.076372264955323,973,3.076372264955323,973,3.254131930664827,2209,3.254131930664827,2209,3.659635472145295,205,3.659635472145295,205,4.210053232600449,205,4.210053232600449,205,1.1898123481624914,1013,1.1898123481624914,1013
null,430,,,,-1,2.9733970936041896,969,2.9733970936041896,969,3.8577556484612487,744,3.8577556484612487,744,3.532751079565247,688,3.532751079565247,688,4.755547010376465,954,4.755547010376465,954,3.3791677982269785,1583,3.3791677982269785,1583
null,633,,,,-1,3.839709525224219,926,3.839709525224219,926,3.17873505014412,926,3.17873505014412,926,3.955491767374049,926,3.955491767374049,926,4.892628540942742,926,4.892628540942742,926,1.809924427598984,2201,1.809924427598984,2201
null,116,,,,-1,3.209426226310137,1386,3.209426226310137,1386,3.447888372769346,976,3.447888372769346,976,3.347166487445843,1386,3.347166487445843,1386,3.9835861187079136,590,3.9835861187079136,590,0.9514716168055098,2130,0.9514716168055098,2130
null,711,,,,-1,3.424042341366271,973,3.424042341366271,973,3.5677570504780225,972,3.5677570504780225,972,3.566641938740442,634,3.566641938740442,634,4.61259113882167,974,4.61259113882167,974,0.8024412752507627,974,0.8024412752507627,974
null,996,,,,-1,3.0366738398996893,467,3.0366738398996893,467,2.8976244130226028,1719,2.8976244130226028,1719,3.4750395956642595,919,3.4750395956642595,919,4.104399960578262,2090,4.104399960578262,2090,1.6740005044666122,1684,1.6740005044666122,1684
null,655,,,,-1,2.7049668396737507,346,2.7049668396737507,346,3.036337903041317,1845,3.036337903041317,1845,3.740279746947538,347,3.740279746947538,347,4.174623907760957,1962,4.174623907760957,1962,48714874.50666724,26,48714874.50666724,26
null,749,,,,-1,3.3632878734151124,533,3.3632878734151124,533,3.4378091785065625,732,3.4378091785065625,732,3.5682743321110406,888,3.5682743321110406,888,4.576330188401226,544,4.576330188401226,544,36.45866496547228,1780,36.45866496547228,1780
null,830,,,,-1,3.297047765805055,2315,3.297047765805055,2315,2.999568336681945,1784,2.999568336681945,1784,3.4576552428229794,1783,3.4576552428229794,1783,4.22488888847844,1898,4.22488888847844,1898,36.51325657819907,1016,36.51325657819907,1016
null,111,,,,-1,3.8727108771080965,736,3.8727108771080965,736,4.997934107489649,736,4.997934107489649,736,4.11839978438258,2048,4.11839978438258,2048,4.997679341714454,2155,4.997679341714454,2155,23.115320039958224,2180,23.115320039958224,2180
null,117,,,,-1,3.0987200281452525,2019,3.0987200281452525,2019,3.9039720994627483,738,3.9039720994627483,738,3.8267379970770588,736,3.8267379970770588,736,4.362128392453561,736,4.362128392453561,736,1.6223417929012045,736,1.6223417929012045,736
null,1256,,,,-1,3.8187571857470166,2151,3.8187571857470166,2151,3.6287437503199462,941,3.6287437503199462,941,4.005836040208908,1462,4.005836040208908,1462,4.3723625644846225,2150,4.3723625644846225,2150,8.411009143185314,101,8.411009143185314,101
null,399,,,,-1,4.5995157711417365,969,4.5995157711417365,969,4.710966981166683,969,4.710966981166683,969,4.5995157711417365,969,4.5995157711417365,969,5.918021148438802,969,5.918021148438802,969,5.387947480353874,424,5.387947480353874,424
null,163,,,,-1,2.6077545820349175,617,2.6077545820349175,617,3.1273158830628827,975,3.1273158830628827,975,3.3032054504625235,822,3.3032054504625235,822,4.790570761869525,830,4.790570761869525,830,0.9707114054045934,973,0.9707114054045934,973
null,577,,,,-1,3.7537594893484107,699,3.7537594893484107,699,3.1773973847110204,2178,3.1773973847110204,2178,3.7537594893484107,699,3.7537594893484107,699,4.439279461249594,701,4.439279461249594,701,1.207031103374414,1834,1.207031103374414,1834
null,655,,,,-1,2.7049668396737507,346,2.7049668396737507,346,3.036337903041317,1845,3.036337903041317,1845,3.740279746947538,347,3.740279746947538,347,4.174623907760957,1962,4.174623907760957,1962,48714874.50666724,26,48714874.50666724,26
null,577,,,,-1,3.7537594893484107,699,3.7537594893484107,699,3.1773973847110204,2178,3.1773973847110204,2178,3.7537594893484107,699,3.7537594893484107,699,4.439279461249594,701,4.439279461249594,701,1.207031103374414,1834,1.207031103374414,1834
null,47,,,,-1,4.687849141877212,743,4.687849141877212,743,4.4846415783654265,744,4.4846415783654265,744,4.687849141877212,743,4.687849141877212,743,6.070886745583447,743,6.070886745583447,743,1.2916985268835426,1331,1.2916985268835426,1331
null,755,,,,-1,3.7518457734913127,126,3.7518457734913127,126,3.472574440961185,704,3.472574440961185,704,3.8137901598756567,126,3.8137901598756567,126,4.2821206755629415,1059,4.2821206755629415,1059,0.7806266857658126,705,0.7806266857658126,705
null,546,,,,-1,2.9617483298646277,402,2.9617483298646277,402,3.0653152706596405,1516,3.0653152706596405,1516,3.4441187517901573,1516,3.4441187517901573,1516,4.348472442262381,282,4.348472442262381,282,1.1065328411778768,676,1.1065328411778768,676
null,1089,,,,-1,4.302464028132942,1408,4.302464028132942,1408,4.997783199349021,1409,4.997783199349021,1409,5.187194783422906,1409,5.187194783422906,1409,6.344169095619604,1409,6.344169095619604,1409,1.7595678354579884,593,1.7595678354579884,593
null,655,,,,-1,2.7049668396737507,346,2.7049668396737507,346,3.036337903041317,1845,3.036337903041317,1845,3.740279746947538,347,3.740279746947538,347,4.174623907760957,1962,4.174623907760957,1962,48714874.50666724,26,48714874.50666724,26
null,1184,,,,-1,3.525176125305488,1956,3.525176125305488,1956,3.209663237993552,1957,3.209663237993552,1957,3.525176125305488,1956,3.525176125305488,1956,3.7303807333291834,889,3.7303807333291834,889,9.4978490058615,744,9.4978490058615,744
null,1093,,,,-1,2.9673069958709197,497,2.9673069958709197,497,3.011316387828389,93,3.011316387828389,93,3.8640907966698923,2329,3.8640907966698923,2329,4.391164720573347,1674,4.391164720573347,1674,5.092543141552805,2340,5.092543141552805,2340
null,368,,,,-1,2.8249583398372957,883,2.8249583398372957,883,3.532196148955435,881,3.532196148955435,881,3.9733285003766836,881,3.9733285003766836,881,4.704996167361357,879,4.704996167361357,879,1.1758027055739133,1612,1.1758027055739133,1612
null,870,,,,-1,3.3947502972638754,1353,3.3947502972638754,1353,3.7803273365557932,2000,3.7803273365557932,2000,3.6638782558528606,39,3.6638782558528606,39,4.720411519847155,37,4.720411519847155,37,2.87339435434381,2219,2.87339435434381,2219
null,442,,,,-1,2.8377994657468255,861,2.8377994657468255,861,3.3106353706156955,1309,3.3106353706156955,1309,3.737616196215575,1017,3.737616196215575,1017,3.8738704152063277,426,3.8738704152063277,426,0.7509530095413117,905,0.7509530095413117,905
null,483,,,,-1,3.025580581597058,1436,3.025580581597058,1436,3.171206829388281,429,3.171206829388281,429,3.60447384980688,1003,3.60447384980688,1003,4.910889209305148,1435,4.910889209305148,1435,23.503794206713042,639,23.503794206713042,639
null,690,,,,-1,3.705035211394062,42,3.705035211394062,42,3.588502619687461,44,3.588502619687461,44,4.957902163657086,1638,4.957902163657086,1638,4.285275526493572,41,4.285275526493572,41,0.8712728111527354,1808,0.8712728111527354,1808
null,259,,,,-1,2.980907845805188,1095,2.980907845805188,1095,3.607951389405916,733,3.607951389405916,733,3.6772018360808967,294,3.6772018360808967,294,3.926252818827452,553,3.926252818827452,553,36.920218617876415,719,36.920218617876415,719
null,902,,,,-1,3.10212033269218,869,3.10212033269218,869,3.4195710981209904,409,3.4195710981209904,409,3.362660711892356,1074,3.362660711892356,1074,4.178368760213616,881,4.178368760213616,881,1.068488458021433,406,1.068488458021433,406
null,63,,,,-1,3.2856551030982826,1334,3.2856551030982826,1334,3.1598556092982686,1334,3.1598556092982686,1334,4.376144003291677,2316,4.376144003291677,2316,4.775204987354201,2011,4.775204987354201,2011,61523484.93877197,1829,61523484.93877197,1829
null,576,,,,-1,2.7511458882808038,548,2.7511458882808038,548,3.177669143000552,49,3.177669143000552,49,4.097770259568951,2347,4.097770259568951,2347,4.524576667815113,2245,4.524576667815113,2245,1.6082518117845548,592,1.6082518117845548,592
null,450,,,,-1,3.989546502740546,320,3.989546502740546,320,3.8817734849339742,321,3.8817734849339742,321,4.253563594608523,320,4.253563594608523,320,5.153768554581338,321,5.153768554581338,321,44.39475799051478,1158,44.39475799051478,1158
null,400,,,,-1,3.3347819440046096,905,3.3347819440046096,905,3.5099131689926986,476,3.5099131689926986,476,3.3347819440046096,905,3.3347819440046096,905,4.607833916585279,1376,4.607833916585279,1376,2.4150041746703454,2047,2.4150041746703454,2047
null,88,,,,-1,2.8979000111177933,235,2.8979000111177933,235,3.7478530736872693,733,3.7478530736872693,733,3.79036322193506,823,3.79036322193506,823,3.618844701954421,2353,3.618844701954421,2353,19.442532943795754,1007,19.442532943795754,1007
null,56,,,,-1,3.2051587863367215,217,3.2051587863367215,217,2.908501844677951,739,2.908501844677951,739,4.131558112918599,2231,4.131558112918599,2231,3.995580855542906,205,3.995580855542906,205,16.87609286893218,737,16.87609286893218,737
null,251,,,,-1,3.077213254321109,2166,3.077213254321109,2166,3.275162174461735,1183,3.275162174461735,1183,4.345391911087554,2050,4.345391911087554,2050,4.40536525778759,341,4.40536525778759,341,3.486492117290372,2165,3.486492117290372,2165
null,575,,,,-1,3.351431138816863,1680,3.351431138816863,1680,3.8264266718707423,833,3.8264266718707423,833,4.596308769213531,218,4.596308769213531,218,4.746549895016065,1666,4.746549895016065,1666,1.0578091192910335,1319,1.0578091192910335,1319
null,838,,,,-1,3.4133180796754172,1427,3.4133180796754172,1427,3.4233715003418226,2239,3.4233715003418226,2239,3.568321600236732,2237,3.568321600236732,2237,4.892228177255047,667,4.892228177255047,667,1.4178035210317492,1846,1.4178035210317492,1846
null,242,,,,-1,3.8049493901855573,1301,3.8049493901855573,1301,2.8654594470455077,1388,2.8654594470455077,1388,4.072378673904332,1301,4.072378673904332,1301,5.148012984977608,611,5.148012984977608,611,1.4199599851317055,93,1.4199599851317055,93
null,279,,,,-1,4.18159180672305,1479,4.18159180672305,1479,3.703979238948711,1480,3.703979238948711,1480,4.308471539529369,1479,4.308471539529369,1479,5.351419329869838,1479,5.351419329869838,1479,4.259300026407373,2188,4.259300026407373,2188
null,1196,,,,-1,3.1909533120566005,2105,3.1909533120566005,2105,3.037278724305102,993,3.037278724305102,993,3.7709031458690556,2345,3.7709031458690556,2345,5.023042838314585,2106,5.023042838314585,2106,0.6365563485309753,1345,0.6365563485309753,1345
null,507,,,,-1,3.5429660637257445,1767,3.5429660637257445,1767,3.7243383878248237,1767,3.7243383878248237,1767,3.93910560019726,2374,3.93910560019726,2374,4.6036239571506306,2373,4.6036239571506306,2373,1.507423502278996,2232,1.507423502278996,2232
null,158,,,,-1,3.348257840439036,569,3.348257840439036,569,3.658971365818182,966,3.658971365818182,966,3.9517762067886664,1390,3.9517762067886664,1390,3.7700718853559243,454,3.7700718853559243,454,6.663501584884557,737,6.663501584884557,737
null,12,,,,-1,2.779858344782114,1286,2.779858344782114,1286,3.051848959207535,1191,3.051848959207535,1191,4.3514986433655665,2389,4.3514986433655665,2389,4.505296388244276,347,4.505296388244276,347,1.2831122379931592,2389,1.2831122379931592,2389
null,1087,,,,-1,3.314668261417843,1021,3.314668261417843,1021,3.2868856772763966,1021,3.2868856772763966,1021,3.8272402753593604,1020,3.8272402753593604,1020,4.756870974806329,1021,4.756870974806329,1021,30574860.395095337,38,30574860.395095337,38
null,1171,,,,-1,3.726438190278475,2294,3.726438190278475,2294,3.5453203333833296,376,3.5453203333833296,376,3.924855917527761,2295,3.924855917527761,2295,4.766751675216878,2298,4.766751675216878,2298,1.2148374170902465,709,1.2148374170902465,709
null,1021,,,,-1,2.976482084793912,855,2.976482084793912,855,3.36539596713682,1726,3.36539596713682,1726,3.411428590194684,1561,3.411428590194684,1561,3.7137168343474753,1317,3.7137168343474753,1317,17.69306731419507,1964,17.69306731419507,1964
null,1071,,,,-1,3.1458051105512954,1849,3.1458051105512954,1849,3.9558713653134285,992,3.9558713653134285,992,3.9042245005758636,379,3.9042245005758636,379,4.459640077722382,336,4.459640077722382,336,21.300765386145343,968,21.300765386145343,968
null,678,,,,-1,2.602647000221055,966,2.602647000221055,966,3.154140287124686,967,3.154140287124686,967,3.534857065275884,678,3.534857065275884,678,3.788514481047763,18,3.788514481047763,18,1.3428381116321308,178,1.3428381116321308,178
null,141,,,,-1,3.3730494780110116,1302,3.3730494780110116,1302,3.956249914853353,2078,3.956249914853353,2078,3.4768725054143745,1302,3.4768725054143745,1302,4.293323750904057,1303,4.293323750904057,1303,1.8977853874564181,275,1.8977853874564181,275
null,144,,,,-1,3.445397511604977,1594,3.445397511604977,1594,4.18582257882849,736,4.18582257882849,736,3.7878399822258495,733,3.7878399822258495,733,4.845651541448283,1595,4.845651541448283,1595,0.7149333883914024,738,0.7149333883914024,738
null,875,,,,-1,3.335374344902471,631,3.335374344902471,631,3.841665064123651,951,3.841665064123651,951,3.9313769207905582,1404,3.9313769207905582,1404,4.8578801715973094,629,4.8578801715973094,629,21.675483583251925,901,21.675483583251925,901
null,1031,,,,-1,2.9981080466671806,998,2.9981080466671806,998,3.311940434930863,707,3.311940434930863,707,3.686330800361556,31,3.686330800361556,31,5.223412508731854,2247,5.223412508731854,2247,3.4072603085805997,31,3.4072603085805997,31
null,655,,,,-1,2.7049668396737507,346,2.7049668396737507,346,3.036337903041317,1845,3.036337903041317,1845,3.740279746947538,347,3.740279746947538,347,4.174623907760957,1962,4.174623907760957,1962,48714874.50666724,26,48714874.50666724,26
null,870,,,,-1,3.3947502972638754,1353,3.3947502972638754,1353,3.7803273365557932,2000,3.7803273365557932,2000,3.6638782558528606,39,3.6638782558528606,39,4.720411519847155,37,4.720411519847155,37,2.87339435434381,2219,2.87339435434381,2219
null,1045,,,,-1,3.9289771780116047,360,3.9289771780116047,360,3.1417822477729276,2206,3.1417822477729276,2206,4.595928438126974,361,4.595928438126974,361,5.484609049047891,361,5.484609049047891,361,1.8889277204216655,2052,1.8889277204216655,2052
null,1103,,,,-1,3.602319335403323,875,3.602319335403323,875,3.7722511745756155,955,3.7722511745756155,955,3.8075775223989305,979,3.8075775223989305,979,4.899022700488236,979,4.899022700488236,979,1.086255561436962,1590,1.086255561436962,1590
null,255,,,,-1,2.71759175566449,1320,2.71759175566449,1320,3.163531276756903,977,3.163531276756903,977,3.283943625859975,777,3.283943625859975,777,4.547267101045358,1323,4.547267101045358,1323,0.8830760924248087,1294,0.8830760924248087,1294
null,278,,,,-1,2.9399789585191276,802,2.9399789585191276,802,2.93357041356824,937,2.93357041356824,937,3.979892649115497,802,3.979892649115497,802,5.024276548103099,1280,5.024276548103099,1280,16.183580455545446,863,16.183580455545446,863
null,256,,,,-1,3.27193011719687,1008,3.27193011719687,1008,3.717031462438252,330,3.717031462438252,330,3.346297204039295,329,3.346297204039295,329,4.234390050715407,330,4.234390050715407,330,27.94982743918546,2025,27.94982743918546,2025
null,488,,,,-1,2.9645137241458333,2337,2.9645137241458333,2337,3.6779538541458225,619,3.6779538541458225,619,4.124734140460247,1412,4.124734140460247,1412,3.9582376193896165,559,3.9582376193896165,559,7.150865353847599,2385,7.150865353847599,2385
null,1223,,,,-1,3.4099873961730744,1885,3.4099873961730744,1885,3.5637365956719216,1855,3.5637365956719216,1855,4.928102640038278,268,4.928102640038278,268,4.536013017852119,1869,4.536013017852119,1869,1.2568293427784492,1397,1.2568293427784492,1397
null,937,,,,-1,2.986193161166455,478,2.986193161166455,478,3.4429720042194414,1373,3.4429720042194414,1373,3.981309620161569,1299,3.981309620161569,1299,4.868754884737096,1336,4.868754884737096,1336,1.8885820326790337,2285,1.8885820326790337,2285
null,290,,,,-1,3.6434981733081417,2372,3.6434981733081417,2372,3.0754621313750854,2127,3.0754621313750854,2127,3.8801354388415863,1566,3.8801354388415863,1566,4.569711005540466,2126,4.569711005540466,2126,0.4966708025838907,2372,0.4966708025838907,2372
null,1219,,,,-1,3.3797140267371777,1932,3.3797140267371777,1932,3.5910023079164923,1934,3.5910023079164923,1934,4.376442380697422,753,4.376442380697422,753,4.307081478318384,8,4.307081478318384,8,1.4901748768600536,753,1.4901748768600536,753
null,577,,,,-1,3.7537594893484107,699,3.7537594893484107,699,3.1773973847110204,2178,3.1773973847110204,2178,3.7537594893484107,699,3.7537594893484107,699,4.439279461249594,701,4.439279461249594,701,1.207031103374414,1834,1.207031103374414,1834
null,987,,,,-1,3.6783961299165235,1333,3.6783961299165235,1333,4.007222526346203,1701,4.007222526346203,1701,4.782776385234771,1839,4.782776385234771,1839,4.463043192523246,1334,4.463043192523246,1334,1.191871207640803,2394,1.191871207640803,2394
null,241,,,,-1,3.119551534110354,444,3.119551534110354,444,3.8577610522341717,976,3.8577610522341717,976,3.5926127139387027,1398,3.5926127139387027,1398,4.196489933890246,214,4.196489933890246,214,1.9583579160690958,978,1.9583579160690958,978
null,917,,,,-1,2.9633333276384866,687,2.9633333276384866,687,3.365997853782356,2072,3.365997853782356,2072,3.7064452720888688,2082,3.7064452720888688,2082,3.8585053561770297,1043,3.8585053561770297,1043,1.6390626433651274,2168,1.6390626433651274,2168
null,443,,,,-1,3.1695960701604573,387,3.1695960701604573,387,3.3245251962755633,677,3.3245251962755633,677,3.7198175214961045,235,3.7198175214961045,235,4.211489848452651,1713,4.211489848452651,1713,40.459142980332444,219,40.459142980332444,219
null,697,,,,-1,3.3946236071034885,862,3.3946236071034885,862,3.1908696464061066,2026,3.1908696464061066,2026,3.4401418069272567,862,3.4401418069272567,862,4.331414258838947,863,4.331414258838947,863,1.1728013636118961,164,1.1728013636118961,164
null,454,,,,-1,3.2736446007573567,2370,3.2736446007573567,2370,3.538976238770119,2370,3.538976238770119,2370,3.4900503918823613,2369,3.4900503918823613,2369,4.305049185416281,663,4.305049185416281,663,39428664.10592161,31,39428664.10592161,31
null,1109,,,,-1,3.0457374293388826,1938,3.0457374293388826,1938,3.181034290541262,104,3.181034290541262,104,3.8511238737974045,2299,3.8511238737974045,2299,4.801380546725503,2298,4.801380546725503,2298,0.9186167582513025,101,0.9186167582513025,101
null,791,,,,-1,3.291113027445212,1583,3.291113027445212,1583,3.271159303484851,1584,3.271159303484851,1584,3.628154649486363,399,3.628154649486363,399,4.232098439997175,1175,4.232098439997175,1175,1.8692394506357786,712,1.8692394506357786,712
null,759,,,,-1,3.030299700259652,1664,3.030299700259652,1664,3.9168522786091162,745,3.9168522786091162,745,4.500112997719448,1203,4.500112997719448,1203,5.147461931599745,579,5.147461931599745,579,1.8140618541344276,747,1.8140618541344276,747
null,697,,,,-1,3.3946236071034885,862,3.3946236071034885,862,3.1908696464061066,2026,3.1908696464061066,2026,3.4401418069272567,862,3.4401418069272567,862,4.331414258838947,863,4.331414258838947,863,1.1728013636118961,164,1.1728013636118961,164
null,130,,,,-1,2.8799357160729087,680,2.8799357160729087,680,2.622719821537615,409,2.622719821537615,409,4.047391715562915,2212,4.047391715562915,2212,4.729279635491046,869,4.729279635491046,869,1.6256739444085497,108,1.6256739444085497,108
null,1225,,,,-1,4.04640476605888,2168,4.04640476605888,2168,4.737662114944463,2152,4.737662114944463,2152,4.932780895287035,1924,4.932780895287035,1924,5.0369778875581215,2160,5.0369778875581215,2160,1.4380483503258366,1924,1.4380483503258366,1924
null,1236,,,,-1,3.278095979963839,1528,3.278095979963839,1528,3.869734521825443,309,3.869734521825443,309,4.766178085363069,1528,4.766178085363069,1528,5.538779174401836,334,5.538779174401836,334,0.9663135683152166,1528,0.9663135683152166,1528
null,1025,,,,-1,3.2371875136492494,1545,3.2371875136492494,1545,3.379152330872544,875,3.379152330872544,875,3.75542049240011,1222,3.75542049240011,1222,3.4725541282446986,1648,3.4725541282446986,1648,1.8265840024914939,2286,1.8265840024914939,2286
null,837,,,,-1,3.0177037730140666,215,3.0177037730140666,215,3.6403059164450697,2361,3.6403059164450697,2361,3.847570772613318,2361,3.847570772613318,2361,4.573166074287175,221,4.573166074287175,221,5.056066332175414,2358,5.056066332175414,2358
null,946,,,,-1,2.687004950347729,2302,2.687004950347729,2302,2.776812778682804,2302,2.776812778682804,2302,3.457647838433813,444,3.457647838433813,444,3.9915623957980966,749,3.9915623957980966,749,1.8449167626287855,466,1.8449167626287855,466
null,291,,,,-1,3.5421637887465596,2372,3.5421637887465596,2372,3.2852583075930024,2370,3.2852583075930024,2370,3.5421637887465596,2372,3.5421637887465596,2372,4.226337208769209,1798,4.226337208769209,1798,1.545608949066666,975,1.545608949066666,975
null,413,,,,-1,3.248725958894837,2040,3.248725958894837,2040,3.055698493784225,2040,3.055698493784225,2040,3.4976241189781434,1667,3.4976241189781434,1667,3.184787811183695,1659,3.184787811183695,1659,12.58184991833998,1383,12.58184991833998,1383
null,426,,,,-1,3.2555125298817824,972,3.2555125298817824,972,3.7870671598967314,0,3.7870671598967314,0,3.4435372524462,2039,3.4435372524462,2039,3.9617581252828136,986,3.9617581252828136,986,3.5747714071675474,703,3.5747714071675474,703
null,418,,,,-1,3.4693500498855308,1348,3.4693500498855308,1348,3.9327826247311206,728,3.9327826247311206,728,3.832989506071109,2273,3.832989506071109,2273,4.542240526407152,2294,4.542240526407152,2294,4.332246985570177,139,4.332246985570177,139
null,531,,,,-1,4.356842220592089,2006,4.356842220592089,2006,4.290085672322153,1680,4.290085672322153,1680,4.506700290186907,2006,4.506700290186907,2006,5.071260163871097,2006,5.071260163871097,2006,1.4407786992493044,2325,1.4407786992493044,2325
null,611,,,,-1,2.924127963228668,1945,2.924127963228668,1945,3.0033260820658785,1946,3.0033260820658785,1946,4.191112482401554,645,4.191112482401554,645,4.07013532058554,2284,4.07013532058554,2284,8.432268869453889,2028,8.432268869453889,2028
null,16,,,,-1,3.119674587927434,604,3.119674587927434,604,3.415779089898138,603,3.415779089898138,603,3.904083362504753,603,3.904083362504753,603,3.8945784394180483,603,3.8945784394180483,603,1.0964291455558872,2185,1.0964291455558872,2185
null,408,,,,-1,3.1763657425822687,2285,3.1763657425822687,2285,3.8994344752988477,0,3.8994344752988477,0,4.055057185756069,79,4.055057185756069,79,3.9116246330036835,1907,3.9116246330036835,1907,37506676.34599047,1421,37506676.34599047,1421
null,600,,,,-1,3.0662612939375147,713,3.0662612939375147,713,3.115961189365041,1965,3.115961189365041,1965,3.5122327913187084,675,3.5122327913187084,675,4.415618243100429,963,4.415618243100429,963,2.3112893369244647,675,2.3112893369244647,675
null,261,,,,-1,4.48868373879906,968,4.48868373879906,968,4.416724480918743,1185,4.416724480918743,1185,4.662156312196035,968,4.662156312196035,968,5.197679467313482,970,5.197679467313482,970,1.1989222327718567,1182,1.1989222327718567,1182
null,1202,,,,-1,3.3526594132387464,2042,3.3526594132387464,2042,3.477552155348402,2042,3.477552155348402,2042,4.158180977260901,2060,4.158180977260901,2060,4.794745788452805,2055,4.794745788452805,2055,0.6980944142448986,2060,0.6980944142448986,2060
null,274,,,,-1,4.4136708341741056,181,4.4136708341741056,181,4.449680500437723,182,4.449680500437723,182,4.70137319253626,2320,4.70137319253626,2320,5.1944931801754395,513,5.1944931801754395,513,1.550773920395624,2387,1.550773920395624,2387
null,1225,,,,-1,4.04640476605888,2168,4.04640476605888,2168,4.737662114944463,2152,4.737662114944463,2152,4.932780895287035,1924,4.932780895287035,1924,5.0369778875581215,2160,5.0369778875581215,2160,1.4380483503258366,1924,1.4380483503258366,1924
null,513,,,,-1,3.4198131636617703,975,3.4198131636617703,975,3.690416355631316,1516,3.690416355631316,1516,4.211270177964855,458,4.211270177964855,458,5.0570696518591145,457,5.0570696518591145,457,2.319365326940042,1368,2.319365326940042,1368
null,597,,,,-1,3.3103863358615895,2021,3.3103863358615895,2021,2.958674595290585,698,2.958674595290585,698,3.989946886595122,2378,3.989946886595122,2378,4.355600951101022,559,4.355600951101022,559,0.8526178236910233,696,0.8526178236910233,696
null,461,,,,-1,3.8795768589249686,2190,3.8795768589249686,2190,3.8492735172595323,2187,3.8492735172595323,2187,4.293187488398185,2190,4.293187488398185,2190,4.949133069115364,2192,4.949133069115364,2192,0.9933268216229263,614,0.9933268216229263,614
null,1148,,,,-1,3.2422694064674764,223,3.2422694064674764,223,3.0500257151829397,2190,3.0500257151829397,2190,4.040087802481573,1248,4.040087802481573,1248,4.972078609904808,1658,4.972078609904808,1658,1.7558998489950828,1462,1.7558998489950828,1462
null,1207,,,,-1,4.0336927227151,1561,4.0336927227151,1561,4.71081794261819,1394,4.71081794261819,1394,5.151170672632213,268,5.151170672632213,268,5.26516762064381,268,5.26516762064381,268,1.4411088450611622,1395,1.4411088450611622,1395
null,567,,,,-1,2.922861926560876,1123,2.922861926560876,1123,3.575144408912383,0,3.575144408912383,0,3.726995901548607,967,3.726995901548607,967,4.546862411038744,756,4.546862411038744,756,1.623384477948873,964,1.623384477948873,964
null,788,,,,-1,3.353429192131148,1196,3.353429192131148,1196,3.643222338707455,1198,3.643222338707455,1198,3.746210887962748,1197,3.746210887962748,1197,3.4013071729467117,1197,3.4013071729467117,1197,46067303.65923056,989,46067303.65923056,989
null,335,,,,-1,3.8542813389082005,1914,3.8542813389082005,1914,3.374721485844933,824,3.374721485844933,824,4.210974858426736,1826,4.210974858426736,1826,4.494970694050409,1914,4.494970694050409,1914,1.2255609396180727,1617,1.2255609396180727,1617
null,1108,,,,-1,3.5727889930231966,217,3.5727889930231966,217,4.061068175846145,217,4.061068175846145,217,4.776563013115141,216,4.776563013115141,216,5.422579529868458,217,5.422579529868458,217,1.5519245390448126,891,1.5519245390448126,891
null,268,,,,-1,3.1219305420619428,2299,3.1219305420619428,2299,3.1570289360196626,1412,3.1570289360196626,1412,3.7160162168330593,763,3.7160162168330593,763,4.405755984829545,1525,4.405755984829545,1525,46948400.367139354,2076,46948400.367139354,2076
null,146,,,,-1,3.512364122688111,2174,3.512364122688111,2174,3.7094450933908454,442,3.7094450933908454,442,3.605001094269116,2174,3.605001094269116,2174,4.196462958457291,1383,4.196462958457291,1383,2.680168526429257,2174,2.680168526429257,2174
null,342,,,,-1,3.169986335171175,1596,3.169986335171175,1596,3.5502061794970006,1596,3.5502061794970006,1596,4.718181896311495,2030,4.718181896311495,2030,4.21296818488161,1610,4.21296818488161,1610,0.5868806642954837,2030,0.5868806642954837,2030
null,56,,,,-1,3.2051587863367215,217,3.2051587863367215,217,2.908501844677951,739,2.908501844677951,739,4.131558112918599,2231,4.131558112918599,2231,3.995580855542906,205,3.995580855542906,205,16.87609286893218,737,16.87609286893218,737
null,205,,,,-1,2.778807892991871,1366,2.778807892991871,1366,3.11639772898437,523,3.11639772898437,523,4.234861697782916,1646,4.234861697782916,1646,4.278369166032492,242,4.278369166032492,242,0.952521477951893,1646,0.952521477951893,1646
null,1059,,,,-1,3.178940792646193,639,3.178940792646193,639,3.3473372452794363,1068,3.3473372452794363,1068,3.9365199473005728,1067,3.9365199473005728,1067,4.43869754128159,640,4.43869754128159,640,17.614568781627998,398,17.614568781627998,398
null,507,,,,-1,3.5429660637257445,1767,3.5429660637257445,1767,3.7243383878248237,1767,3.7243383878248237,1767,3.93910560019726,2374,3.93910560019726,2374,4.6036239571506306,2373,4.6036239571506306,2373,1.507423502278996,2232,1.507423502278996,2232
null,582,,,,-1,3.4299813869795157,2228,3.4299813869795157,2228,2.883571852491149,1519,2.883571852491149,1519,3.873903564127236,617,3.873903564127236,617,4.052042119575891,96,4.052042119575891,96,18.10936649456608,401,18.10936649456608,401
null,531,,,,-1,4.356842220592089,2006,4.356842220592089,2006,4.290085672322153,1680,4.290085672322153,1680,4.506700290186907,2006,4.506700290186907,2006,5.071260163871097,2006,5.071260163871097,2006,1.4407786992493044,2325,1.4407786992493044,2325
null,721,,,,-1,3.904866347877257,1788,3.904866347877257,1788,4.640940850891982,1789,4.640940850891982,1789,3.904866347877257,1788,3.904866347877257,1788,4.829777516927956,1788,4.829777516927956,1788,0.9634360292271852,1983,0.9634360292271852,1983
null,530,,,,-1,3.738572265737115,149,3.738572265737115,149,3.522029611951691,1221,3.522029611951691,1221,3.91881279871075,149,3.91881279871075,149,5.469329579415983,139,5.469329579415983,139,14.013730420479149,541,14.013730420479149,541
null,381,,,,-1,3.6688413445302324,2207,3.6688413445302324,2207,3.334647023317739,2245,3.334647023317739,2245,3.909826017145043,464,3.909826017145043,464,4.220583025180029,546,4.220583025180029,546,1.4032038874749428,617,1.4032038874749428,617
null,50,,,,-1,4.42098773999585,2175,4.42098773999585,2175,5.098605452081789,2176,5.098605452081789,2176,4.488982871900714,2174,4.488982871900714,2174,6.001374339929192,2174,6.001374339929192,2174,1.265042667582962,1467,1.265042667582962,1467
null,576,,,,-1,2.7511458882808038,548,2.7511458882808038,548,3.177669143000552,49,3.177669143000552,49,4.097770259568951,2347,4.097770259568951,2347,4.524576667815113,2245,4.524576667815113,2245,1.6082518117845548,592,1.6082518117845548,592
null,233,,,,-1,3.17376278333818,2154,3.17376278333818,2154,3.414153588172881,229,3.414153588172881,229,3.766949899078669,1038,3.766949899078669,1038,4.6427730497725115,1078,4.6427730497725115,1078,1.2155354970564696,1717,1.2155354970564696,1717
null,199,,,,-1,3.013620825157359,1596,3.013620825157359,1596,3.5709614485755257,973,3.5709614485755257,973,3.92334903720817,1670,3.92334903720817,1670,4.691298858842969,945,4.691298858842969,945,1.8096276238118691,947,1.8096276238118691,947
null,413,,,,-1,3.248725958894837,2040,3.248725958894837,2040,3.055698493784225,2040,3.055698493784225,2040,3.4976241189781434,1667,3.4976241189781434,1667,3.184787811183695,1659,3.184787811183695,1659,12.58184991833998,1383,12.58184991833998,1383
null,1274,,,,-1,3.0588546099891087,942,3.0588546099891087,942,3.589211188498747,945,3.589211188498747,945,3.4147257926064634,962,3.4147257926064634,962,4.445327181228117,931,4.445327181228117,931,2.4161527415963344,316,2.4161527415963344,316
null,751,,,,-1,3.527307738319947,926,3.527307738319947,926,3.101966502011306,1188,3.101966502011306,1188,4.316797360967355,866,4.316797360967355,866,4.754016970122354,1190,4.754016970122354,1190,1.5932069055300244,2308,1.5932069055300244,2308
null,720,,,,-1,2.6810867116226587,1520,2.6810867116226587,1520,3.7737286493181426,1844,3.7737286493181426,1844,3.471804305700603,2244,3.471804305700603,2244,4.078725526865085,2251,4.078725526865085,2251,42.58523531900932,1994,42.58523531900932,1994
null,231,,,,-1,3.036588640214943,1613,3.036588640214943,1613,3.4411919619895186,729,3.4411919619895186,729,4.391600627639555,1367,4.391600627639555,1367,4.733984543183335,1624,4.733984543183335,1624,14.39554009854423,173,14.39554009854423,173
null,146,,,,-1,3.512364122688111,2174,3.512364122688111,2174,3.7094450933908454,442,3.7094450933908454,442,3.605001094269116,2174,3.605001094269116,2174,4.196462958457291,1383,4.196462958457291,1383,2.680168526429257,2174,2.680168526429257,2174
null,41,,,,-1,3.424482804480485,979,3.424482804480485,979,3.365457431174803,983,3.365457431174803,983,3.8134977090492996,731,3.8134977090492996,731,6.235227055494005,978,6.235227055494005,978,8.311401332725117,1486,8.311401332725117,1486
null,1089,,,,-1,4.302464028132942,1408,4.302464028132942,1408,4.997783199349021,1409,4.997783199349021,1409,5.187194783422906,1409,5.187194783422906,1409,6.344169095619604,1409,6.344169095619604,1409,1.7595678354579884,593,1.7595678354579884,593
null,1066,,,,-1,4.503162954108611,1381,4.503162954108611,1381,4.644492887303335,2371,4.644492887303335,2371,4.925757769306647,1039,4.925757769306647,1039,5.650104583907173,1382,5.650104583907173,1382,1.3700072946086606,1705,1.3700072946086606,1705
null,572,,,,-1,3.0951842822826303,2127,3.0951842822826303,2127,4.554228424592239,2125,4.554228424592239,2125,3.7080377357554664,401,3.7080377357554664,401,3.955181223527069,2128,3.955181223527069,2128,42205732.55898587,740,42205732.55898587,740
null,896,,,,-1,3.2057004623145398,1254,3.2057004623145398,1254,3.4349492764289806,700,3.4349492764289806,700,3.781357365157306,918,3.781357365157306,918,4.383446524624037,1352,4.383446524624037,1352,0.9693011518485877,918,0.9693011518485877,918
null,819,,,,-1,3.275994026335963,415,3.275994026335963,415,4.025230809534798,342,4.025230809534798,342,3.71317302866422,225,3.71317302866422,225,4.175488977217329,1940,4.175488977217329,1940,1.164634066772903,628,1.164634066772903,628
null,587,,,,-1,3.432894450799268,1500,3.432894450799268,1500,3.37873127981083,1502,3.37873127981083,1502,3.940210495565411,1501,3.940210495565411,1501,4.499028271004067,1511,4.499028271004067,1511,1.6829329316457058,760,1.6829329316457058,760
null,227,,,,-1,3.066437723431811,820,3.066437723431811,820,2.876634282594446,1319,2.876634282594446,1319,3.4117118067266636,871,3.4117118067266636,871,4.901563086236744,1917,4.901563086236744,1917,0.5494851284867691,873,0.5494851284867691,873
null,13,,,,-1,3.2788186592134014,1303,3.2788186592134014,1303,3.978869874595951,975,3.978869874595951,975,3.5105663766195128,2331,3.5105663766195128,2331,5.352150160720027,1315,5.352150160720027,1315,1.0973106136020023,2181,1.0973106136020023,2181
null,531,,,,-1,4.356842220592089,2006,4.356842220592089,2006,4.290085672322153,1680,4.290085672322153,1680,4.506700290186907,2006,4.506700290186907,2006,5.071260163871097,2006,5.071260163871097,2006,1.4407786992493044,2325,1.4407786992493044,2325
null,314,,,,-1,3.363053563874475,969,3.363053563874475,969,4.117235805227044,2073,4.117235805227044,2073,4.018908186472586,1875,4.018908186472586,1875,4.840261738673619,1874,4.840261738673619,1874,1.9695231359357228,1635,1.9695231359357228,1635
null,664,,,,-1,2.7766408364811364,1594,2.7766408364811364,1594,3.1678296010271945,2011,3.1678296010271945,2011,4.151822124954489,1152,4.151822124954489,1152,4.321579717656706,886,4.321579717656706,886,0.9806608098169832,2304,0.9806608098169832,2304
null,287,,,,-1,5.068793601922025,970,5.068793601922025,970,4.436699187963747,971,4.436699187963747,971,5.068793601922025,970,5.068793601922025,970,6.888489698063858,970,6.888489698063858,970,31622115.703026365,87,31622115.703026365,87
null,663,,,,-1,3.121875714848037,907,3.121875714848037,907,3.4876372397765665,961,3.4876372397765665,961,3.3756364055328665,1627,3.3756364055328665,1627,4.167529758992015,1627,4.167529758992015,1627,1.106202248700585,961,1.106202248700585,961
null,699,,,,-1,3.4173985737803596,1571,3.4173985737803596,1571,3.3010146516008367,1571,3.3010146516008367,1571,4.025525191946744,1571,4.025525191946744,1571,5.0409287336950195,685,5.0409287336950195,685,1.8040040450175543,2178,1.8040040450175543,2178
null,1041,,,,-1,2.999988598230896,1207,2.999988598230896,1207,3.0782766505071377,434,3.0782766505071377,434,4.075038008871775,504,4.075038008871775,504,5.217726201181263,251,5.217726201181263,251,0.9200654200039314,504,0.9200654200039314,504
null,1138,,,,-1,2.831988165843315,2265,2.831988165843315,2265,2.9304536751932133,326,2.9304536751932133,326,3.9289272131074653,846,3.9289272131074653,846,6.393862086185236,2268,6.393862086185236,2268,1.6575549239266862,449,1.6575549239266862,449
null,661,,,,-1,2.9111842103245413,1650,2.9111842103245413,1650,3.4135308472447448,2077,3.4135308472447448,2077,3.2502375450743317,1792,3.2502375450743317,1792,4.084144572475233,1639,4.084144572475233,1639,19.87883840375154,809,19.87883840375154,809
null,12,,,,-1,2.779858344782114,1286,2.779858344782114,1286,3.051848959207535,1191,3.051848959207535,1191,4.3514986433655665,2389,4.3514986433655665,2389,4.505296388244276,347,4.505296388244276,347,1.2831122379931592,2389,1.2831122379931592,2389
null,418,,,,-1,3.4693500498855308,1348,3.4693500498855308,1348,3.9327826247311206,728,3.9327826247311206,728,3.832989506071109,2273,3.832989506071109,2273,4.542240526407152,2294,4.542240526407152,2294,4.332246985570177,139,4.332246985570177,139
null,313,,,,-1,4.095617166966954,989,4.095617166966954,989,2.691975656679385,903,2.691975656679385,903,4.320387595960053,716,4.320387595960053,716,6.372813054624436,999,6.372813054624436,999,0.9300259198257087,905,0.9300259198257087,905
null,372,,,,-1,3.4373243342059703,1020,3.4373243342059703,1020,4.3530227423385,1186,4.3530227423385,1186,4.980448198283323,2255,4.980448198283323,2255,4.641687844572986,243,4.641687844572986,243,1.242372470789465,2255,1.242372470789465,2255
null,934,,,,-1,2.949542149346206,2149,2.949542149346206,2149,4.172600730459196,705,4.172600730459196,705,3.788703898705288,637,3.788703898705288,637,4.9755724878007355,655,4.9755724878007355,655,0.9405751425051742,707,0.9405751425051742,707
null,425,,,,-1,4.202959039224951,616,4.202959039224951,616,3.7589478038623296,617,3.7589478038623296,617,4.426080257925382,616,4.426080257925382,616,5.5934155575165425,616,5.5934155575165425,616,1.0278752526258417,615,1.0278752526258417,615
null,735,,,,-1,2.569430210506106,627,2.569430210506106,627,2.677111871066183,1125,2.677111871066183,1125,3.7142459060738147,446,3.7142459060738147,446,3.9967687094454782,445,3.9967687094454782,445,49.36168512024683,265,49.36168512024683,265
null,630,,,,-1,3.118814325093681,963,3.118814325093681,963,3.6985634786782806,964,3.6985634786782806,964,3.581352150930254,1606,3.581352150930254,1606,4.039965646941085,1171,4.039965646941085,1171,1.093392338326081,1009,1.093392338326081,1009
null,1176,,,,-1,2.8073682344600916,697,2.8073682344600916,697,3.097712507819757,1634,3.097712507819757,1634,3.8919671990984486,77,3.8919671990984486,77,4.518734994562257,698,4.518734994562257,698,1.8123537526631026,77,1.8123537526631026,77
null,368,,,,-1,2.8249583398372957,883,2.8249583398372957,883,3.532196148955435,881,3.532196148955435,881,3.9733285003766836,881,3.9733285003766836,881,4.704996167361357,879,4.704996167361357,879,1.1758027055739133,1612,1.1758027055739133,1612
null,756,,,,-1,3.691319378320097,1678,3.691319378320097,1678,4.047062005664233,1526,4.047062005664233,1526,4.040541483785021,1152,4.040541483785021,1152,4.5561752984093395,1678,4.5561752984093395,1678,2.21796789068144,1724,2.21796789068144,1724
null,48,,,,-1,3.2977706967539944,849,3.2977706967539944,849,3.5607840715027343,2082,3.5607840715027343,2082,3.700533887512781,766,3.700533887512781,766,4.414924379322108,975,4.414924379322108,975,14.059776257939593,635,14.059776257939593,635
null,423,,,,-1,3.181742947985517,2258,3.181742947985517,2258,3.3613690769784115,728,3.3613690769784115,728,3.7863049835098903,1059,3.7863049835098903,1059,4.739485745502618,1029,4.739485745502618,1029,8.806372678985978,2042,8.806372678985978,2042
null,276,,,,-1,3.156973445322946,971,3.156973445322946,971,4.059433613486055,971,4.059433613486055,971,4.092559325063235,970,4.092559325063235,970,4.039572882535262,438,4.039572882535262,438,20.1233876348962,1382,20.1233876348962,1382
null,190,,,,-1,4.144805267512911,971,4.144805267512911,971,3.959468411907963,1641,3.959468411907963,1641,4.144805267512911,971,4.144805267512911,971,5.368638928803901,971,5.368638928803901,971,9.639422661841042,2075,9.639422661841042,2075
null,759,,,,-1,3.030299700259652,1664,3.030299700259652,1664,3.9168522786091162,745,3.9168522786091162,745,4.500112997719448,1203,4.500112997719448,1203,5.147461931599745,579,5.147461931599745,579,1.8140618541344276,747,1.8140618541344276,747
null,1119,,,,-1,2.7100627853852655,1759,2.7100627853852655,1759,2.660014826272467,1966,2.660014826272467,1966,3.8307308103679483,2017,3.8307308103679483,2017,4.41184594093955,928,4.41184594093955,928,1.840430878539653,2017,1.840430878539653,2017
null,378,,,,-1,2.683390087697703,1301,2.683390087697703,1301,3.372254712843146,1120,3.372254712843146,1120,5.2281541546725165,504,5.2281541546725165,504,4.120498064097957,1302,4.120498064097957,1302,2.7085564089501197,504,2.7085564089501197,504
null,397,,,,-1,2.7671807333059397,910,2.7671807333059397,910,3.8576901404220845,2378,3.8576901404220845,2378,3.779327220643945,2340,3.779327220643945,2340,4.526388894809559,336,4.526388894809559,336,2.728155978840141,2387,2.728155978840141,2387
null,456,,,,-1,3.3557522915263256,839,3.3557522915263256,839,3.203804908342824,129,3.203804908342824,129,3.7572933788044507,130,3.7572933788044507,130,6.059728517742121,2335,6.059728517742121,2335,0.8099532811604043,727,0.8099532811604043,727
null,563,,,,-1,3.359085183511103,905,3.359085183511103,905,3.9124288717864317,520,3.9124288717864317,520,3.8367509404546354,1241,3.8367509404546354,1241,4.693622310849231,2344,4.693622310849231,2344,1.2703721167592719,314,1.2703721167592719,314
null,361,,,,-1,3.0941263887418375,2074,3.0941263887418375,2074,3.29528360142928,1629,3.29528360142928,1629,3.540229486984389,1892,3.540229486984389,1892,4.113290429320952,2074,4.113290429320952,2074,6.557340561491052,1628,6.557340561491052,1628
null,1017,,,,-1,3.464632890578678,1846,3.464632890578678,1846,3.8980111939479527,692,3.8980111939479527,692,3.8676547751808976,691,3.8676547751808976,691,5.182343772266429,1488,5.182343772266429,1488,1.1419429162894326,692,1.1419429162894326,692
null,145,,,,-1,3.325046746397414,884,3.325046746397414,884,3.701237060315183,726,3.701237060315183,726,3.391525000903176,895,3.391525000903176,895,4.656893780924641,2018,4.656893780924641,2018,0.7450782855459892,726,0.7450782855459892,726
null,269,,,,-1,3.342679462064131,258,3.342679462064131,258,4.066294668835716,1825,4.066294668835716,1825,4.481455887873174,1826,4.481455887873174,1826,4.898777326125396,244,4.898777326125396,244,1.8202211459376285,1346,1.8202211459376285,1346
null,256,,,,-1,3.27193011719687,1008,3.27193011719687,1008,3.717031462438252,330,3.717031462438252,330,3.346297204039295,329,3.346297204039295,329,4.234390050715407,330,4.234390050715407,330,27.94982743918546,2025,27.94982743918546,2025
null,1112,,,,-1,3.464124932685907,878,3.464124932685907,878,3.266866949986755,686,3.266866949986755,686,3.7617814133820375,878,3.7617814133820375,878,4.90150642965835,614,4.90150642965835,614,38.03557864643689,18,38.03557864643689,18
null,357,,,,-1,3.1531658344580156,341,3.1531658344580156,341,3.0762885238943225,1686,3.0762885238943225,1686,3.346323140451813,490,3.346323140451813,490,3.975220225908092,915,3.975220225908092,915,0.8698772879235248,490,0.8698772879235248,490
null,638,,,,-1,3.4434962348578715,437,3.4434962348578715,437,3.6459540655261766,1855,3.6459540655261766,1855,3.4562562349266903,437,3.4562562349266903,437,4.998917054922286,918,4.998917054922286,918,24.341998195816785,2309,24.341998195816785,2309
null,1070,,,,-1,3.5297054658030764,442,3.5297054658030764,442,3.427766451316466,1028,3.427766451316466,1028,4.107777012264497,373,4.107777012264497,373,3.7899060242438067,179,3.7899060242438067,179,1.2275994759890343,2281,1.2275994759890343,2281
null,519,,,,-1,3.2572340143947027,508,3.2572340143947027,508,3.073946766314145,711,3.073946766314145,711,5.3144364816887455,1338,5.3144364816887455,1338,5.884955550650019,1338,5.884955550650019,1338,0.9052321357542187,1056,0.9052321357542187,1056
null,307,,,,-1,3.454546543632482,1300,3.454546543632482,1300,3.439754099940303,1686,3.439754099940303,1686,3.6155075772921808,566,3.6155075772921808,566,4.973613192885784,1300,4.973613192885784,1300,2.3203236734349484,1120,2.3203236734349484,1120
null,241,,,,-1,3.119551534110354,444,3.119551534110354,444,3.8577610522341717,976,3.8577610522341717,976,3.5926127139387027,1398,3.5926127139387027,1398,4.196489933890246,214,4.196489933890246,214,1.9583579160690958,978,1.9583579160690958,978
null,1055,,,,-1,3.5776198759473026,1986,3.5776198759473026,1986,3.9716834108849586,1986,3.9716834108849586,1986,3.9937091079112723,127,3.9937091079112723,127,4.668462281901145,114,4.668462281901145,114,1.6297463763601403,2394,1.6297463763601403,2394
null,526,,,,-1,3.25392782189673,970,3.25392782189673,970,3.853939112409302,971,3.853939112409302,971,4.576493302003112,1210,4.576493302003112,1210,4.868981405763935,1211,4.868981405763935,1211,1.1914170305604022,969,1.1914170305604022,969
null,946,,,,-1,2.687004950347729,2302,2.687004950347729,2302,2.776812778682804,2302,2.776812778682804,2302,3.457647838433813,444,3.457647838433813,444,3.9915623957980966,749,3.9915623957980966,749,1.8449167626287855,466,1.8449167626287855,466
null,204,,,,-1,3.076372264955323,973,3.076372264955323,973,3.254131930664827,2209,3.254131930664827,2209,3.659635472145295,205,3.659635472145295,205,4.210053232600449,205,4.210053232600449,205,1.1898123481624914,1013,1.1898123481624914,1013
null,1250,,,,-1,2.907089832954307,669,2.907089832954307,669,3.4925827105405562,668,3.4925827105405562,668,3.523422038265512,877,3.523422038265512,877,5.25342601648088,673,5.25342601648088,673,43.82373173553197,279,43.82373173553197,279
null,69,,,,-1,2.9585011159141996,2191,2.9585011159141996,2191,3.3334434720653685,457,3.3334434720653685,457,4.073474766885394,664,4.073474766885394,664,4.040025902867194,2192,4.040025902867194,2192,1.73729482841668,1214,1.73729482841668,1214
null,957,,,,-1,3.443411580934074,1568,3.443411580934074,1568,3.330347169318946,2337,3.330347169318946,2337,3.9005685570684125,778,3.9005685570684125,778,3.7207739597447804,2022,3.7207739597447804,2022,1.3864431397336883,1966,1.3864431397336883,1966
null,747,,,,-1,2.952077788019552,1966,2.952077788019552,1966,4.518098844153264,973,4.518098844153264,973,4.220972590839801,1445,4.220972590839801,1445,4.2680435965366,1487,4.2680435965366,1487,38.821467137512755,1945,38.821467137512755,1945
null,172,,,,-1,2.9104052124869773,2048,2.9104052124869773,2048,4.131022262908133,162,4.131022262908133,162,3.4489837927364193,163,3.4489837927364193,163,5.351426126441159,1787,5.351426126441159,1787,5.593919971203542,970,5.593919971203542,970
null,803,,,,-1,3.2315971633793192,2070,3.2315971633793192,2070,3.1811500960721566,2073,3.1811500960721566,2073,4.188138863973938,184,4.188138863973938,184,5.187855461450401,185,5.187855461450401,185,0.9708351835249083,1021,0.9708351835249083,1021
null,1206,,,,-1,3.0626741398699644,1717,3.0626741398699644,1717,2.92745740781352,1822,2.92745740781352,1822,3.530062917803853,881,3.530062917803853,881,4.092805444741793,882,4.092805444741793,882,0.6013441269165744,366,0.6013441269165744,366
null,543,,,,-1,3.6928590999236186,559,3.6928590999236186,559,3.2250294295566917,2064,3.2250294295566917,2064,3.930993421286829,559,3.930993421286829,559,4.43064873710049,559,4.43064873710049,559,6.086999108341222,1580,6.086999108341222,1580
null,1072,,,,-1,3.128144627307779,957,3.128144627307779,957,3.7098238174594274,956,3.7098238174594274,956,4.504287221464188,1018,4.504287221464188,1018,4.3714173999626516,962,4.3714173999626516,962,0.9895057584203397,331,0.9895057584203397,331
null,937,,,,-1,2.986193161166455,478,2.986193161166455,478,3.4429720042194414,1373,3.4429720042194414,1373,3.981309620161569,1299,3.981309620161569,1299,4.868754884737096,1336,4.868754884737096,1336,1.8885820326790337,2285,1.8885820326790337,2285
null,590,,,,-1,2.8690538173472593,927,2.8690538173472593,927,3.382094773815902,971,3.382094773815902,971,3.9359481112289534,963,3.9359481112289534,963,3.5606081900288316,2188,3.5606081900288316,2188,35.40737788665246,1863,35.40737788665246,1863
null,141,,,,-1,3.3730494780110116,1302,3.3730494780110116,1302,3.956249914853353,2078,3.956249914853353,2078,3.4768725054143745,1302,3.4768725054143745,1302,4.293323750904057,1303,4.293323750904057,1303,1.8977853874564181,275,1.8977853874564181,275
null,576,,,,-1,2.7511458882808038,548,2.7511458882808038,548,3.177669143000552,49,3.177669143000552,49,4.097770259568951,2347,4.097770259568951,2347,4.524576667815113,2245,4.524576667815113,2245,1.6082518117845548,592,1.6082518117845548,592
null,430,,,,-1,2.9733970936041896,969,2.9733970936041896,969,3.8577556484612487,744,3.8577556484612487,744,3.532751079565247,688,3.532751079565247,688,4.755547010376465,954,4.755547010376465,954,3.3791677982269785,1583,3.3791677982269785,1583
null,48,,,,-1,3.2977706967539944,849,3.2977706967539944,849,3.5607840715027343,2082,3.5607840715027343,2082,3.700533887512781,766,3.700533887512781,766,4.414924379322108,975,4.414924379322108,975,14.059776257939593,635,14.059776257939593,635
null,1042,,,,-1,3.281250145964283,2036,3.281250145964283,2036,3.895324126659591,694,3.895324126659591,694,4.197661521159188,1483,4.197661521159188,1483,6.068165243064565,2036,6.068165243064565,2036,0.7993830786853722,1482,0.7993830786853722,1482
null,305,,,,-1,3.830633392847902,975,3.830633392847902,975,4.3798357426152625,0,4.3798357426152625,0,4.836605164598475,975,4.836605164598475,975,6.132964707322167,974,6.132964707322167,974,0.9649584389592343,750,0.9649584389592343,750
null,1215,,,,-1,3.0937039493252905,475,3.0937039493252905,475,3.3049015429143433,2355,3.3049015429143433,2355,3.538037346581576,344,3.538037346581576,344,5.414148625311468,2001,5.414148625311468,2001,12.862839179518776,1001,12.862839179518776,1001
null,914,,,,-1,2.889191384393751,1339,2.889191384393751,1339,3.4780121765167693,2069,3.4780121765167693,2069,3.3708909839446544,1670,3.3708909839446544,1670,4.569996338183611,2072,4.569996338183611,2072,1.7473142609645658,699,1.7473142609645658,699
null,996,,,,-1,3.0366738398996893,467,3.0366738398996893,467,2.8976244130226028,1719,2.8976244130226028,1719,3.4750395956642595,919,3.4750395956642595,919,4.104399960578262,2090,4.104399960578262,2090,1.6740005044666122,1684,1.6740005044666122,1684
null,163,,,,-1,2.6077545820349175,617,2.6077545820349175,617,3.1273158830628827,975,3.1273158830628827,975,3.3032054504625235,822,3.3032054504625235,822,4.790570761869525,830,4.790570761869525,830,0.9707114054045934,973,0.9707114054045934,973
null,262,,,,-1,2.8848822813143307,129,2.8848822813143307,129,3.1684048531951863,130,3.1684048531951863,130,3.4912681760712223,135,3.4912681760712223,135,3.899549277397758,988,3.899549277397758,988,6.430971868327629,731,6.430971868327629,731
null,1274,,,,-1,3.0588546099891087,942,3.0588546099891087,942,3.589211188498747,945,3.589211188498747,945,3.4147257926064634,962,3.4147257926064634,962,4.445327181228117,931,4.445327181228117,931,2.4161527415963344,316,2.4161527415963344,316
null,713,,,,-1,2.907855237586054,634,2.907855237586054,634,3.3086748408740894,1215,3.3086748408740894,1215,3.8802569287545494,634,3.8802569287545494,634,4.0601747968142154,652,4.0601747968142154,652,0.6288837784304263,814,0.6288837784304263,814
null,36,,,,-1,3.2877654190756416,53,3.2877654190756416,53,3.7521214384390267,57,3.7521214384390267,57,3.8565126233544347,109,3.8565126233544347,109,5.4915412683972065,2245,5.4915412683972065,2245,6.52909060124984,1184,6.52909060124984,1184
null,144,,,,-1,3.445397511604977,1594,3.445397511604977,1594,4.18582257882849,736,4.18582257882849,736,3.7878399822258495,733,3.7878399822258495,733,4.845651541448283,1595,4.845651541448283,1595,0.7149333883914024,738,0.7149333883914024,738
null,1273,,,,-1,3.114717749848773,752,3.114717749848773,752,3.041878376098074,1300,3.041878376098074,1300,3.9084977377844066,1430,3.9084977377844066,1430,5.110067659529632,1435,5.110067659529632,1435,1.6779103543226528,1301,1.6779103543226528,1301
null,176,,,,-1,3.7824045583313564,55,3.7824045583313564,55,3.4708104187651685,54,3.4708104187651685,54,3.8346611570760016,2077,3.8346611570760016,2077,4.719237982769848,2078,4.719237982769848,2078,1.6490060631360783,1225,1.6490060631360783,1225
null,413,,,,-1,3.248725958894837,2040,3.248725958894837,2040,3.055698493784225,2040,3.055698493784225,2040,3.4976241189781434,1667,3.4976241189781434,1667,3.184787811183695,1659,3.184787811183695,1659,12.58184991833998,1383,12.58184991833998,1383
null,190,,,,-1,4.144805267512911,971,4.144805267512911,971,3.959468411907963,1641,3.959468411907963,1641,4.144805267512911,971,4.144805267512911,971,5.368638928803901,971,5.368638928803901,971,9.639422661841042,2075,9.639422661841042,2075
null,616,,,,-1,3.315274789295172,1979,3.315274789295172,1979,3.5049378925577646,392,3.5049378925577646,392,3.4164950240481606,1979,3.4164950240481606,1979,4.5001623809066285,1797,4.5001623809066285,1797,23378892.744286988,1109,23378892.744286988,1109
null,762,,,,-1,3.342388556194165,364,3.342388556194165,364,3.081484313455482,365,3.081484313455482,365,3.550987052007988,1461,3.550987052007988,1461,4.94364941766928,983,4.94364941766928,983,15.893211528875353,1675,15.893211528875353,1675
null,717,,,,-1,2.903730769442196,1609,2.903730769442196,1609,3.1885822519781697,308,3.1885822519781697,308,3.9071692656584576,744,3.9071692656584576,744,3.8388992717001296,1610,3.8388992717001296,1610,7.4378307394174055,1829,7.4378307394174055,1829
null,934,,,,-1,2.949542149346206,2149,2.949542149346206,2149,4.172600730459196,705,4.172600730459196,705,3.788703898705288,637,3.788703898705288,637,4.9755724878007355,655,4.9755724878007355,655,0.9405751425051742,707,0.9405751425051742,707
null,400,,,,-1,3.3347819440046096,905,3.3347819440046096,905,3.5099131689926986,476,3.5099131689926986,476,3.3347819440046096,905,3.3347819440046096,905,4.607833916585279,1376,4.607833916585279,1376,2.4150041746703454,2047,2.4150041746703454,2047
null,345,,,,-1,3.224106826610348,2048,3.224106826610348,2048,3.8564265827411637,738,3.8564265827411637,738,3.3182351146472353,2387,3.3182351146472353,2387,5.1594902590434994,2060,5.1594902590434994,2060,28.1336426082414,1016,28.1336426082414,1016
null,307,,,,-1,3.454546543632482,1300,3.454546543632482,1300,3.439754099940303,1686,3.439754099940303,1686,3.6155075772921808,566,3.6155075772921808,566,4.973613192885784,1300,4.973613192885784,1300,2.3203236734349484,1120,2.3203236734349484,1120
null,875,,,,-1,3.335374344902471,631,3.335374344902471,631,3.841665064123651,951,3.841665064123651,951,3.9313769207905582,1404,3.9313769207905582,1404,4.8578801715973094,629,4.8578801715973094,629,21.675483583251925,901,21.675483583251925,901
null,73,,,,-1,3.8024159621442903,1680,3.8024159621442903,1680,4.456870626245752,1680,4.456870626245752,1680,4.154424478000487,1127,4.154424478000487,1127,4.471040065325831,1680,4.471040065325831,1680,1.9841953510365407,1127,1.9841953510365407,1127
null,640,,,,-1,3.541671766354223,1638,3.541671766354223,1638,3.249170281089906,1210,3.249170281089906,1210,3.6507831542130993,2043,3.6507831542130993,2043,4.524122105609943,1625,4.524122105609943,1625,8.63007036689503,626,8.63007036689503,626
null,1047,,,,-1,3.9002348332512087,2361,3.9002348332512087,2361,4.261995109440337,2136,4.261995109440337,2136,4.581901172094837,180,4.581901172094837,180,4.462577568142082,180,4.462577568142082,180,1.5691115494683487,2135,1.5691115494683487,2135
null,315,,,,-1,4.337905209172554,1883,4.337905209172554,1883,4.415135010551754,1883,4.415135010551754,1883,5.324153046319816,1883,5.324153046319816,1883,5.236347449905952,1884,5.236347449905952,1884,1.2199275337230333,2391,1.2199275337230333,2391
null,1249,,,,-1,2.8459564871841048,1294,2.8459564871841048,1294,2.9939442768817526,287,2.9939442768817526,287,4.202314132404093,692,4.202314132404093,692,4.93682757220555,1270,4.93682757220555,1270,33658230.4711243,295,33658230.4711243,295
null,1024,,,,-1,3.4519959085240313,1903,3.4519959085240313,1903,3.469599608520712,1904,3.469599608520712,1904,3.650457232143984,1903,3.650457232143984,1903,3.978991461250337,2248,3.978991461250337,2248,38.52829079920683,309,38.52829079920683,309
null,188,,,,-1,3.294357271542849,969,3.294357271542849,969,3.970675095694252,969,3.970675095694252,969,3.915680057374436,1784,3.915680057374436,1784,4.495988748582832,969,4.495988748582832,969,25815517.330271095,1608,25815517.330271095,1608
null,856,,,,-1,2.69336473559971,1790,2.69336473559971,1790,3.0698119301251965,1003,3.0698119301251965,1003,3.2039094480750854,154,3.2039094480750854,154,3.996643374452859,150,3.996643374452859,150,1.0774957510560281,119,1.0774957510560281,119
null,1096,,,,-1,3.642756468576523,2287,3.642756468576523,2287,4.012286910065311,2398,4.012286910065311,2398,3.7206144078586254,1155,3.7206144078586254,1155,4.479121536152509,2287,4.479121536152509,2287,1.7917397847117222,2397,1.7917397847117222,2397
null,1079,,,,-1,3.024120101716606,674,3.024120101716606,674,3.394948326277272,1588,3.394948326277272,1588,3.377615994685237,1133,3.377615994685237,1133,3.6370387791821157,1123,3.6370387791821157,1123,35187594.79209012,1142,35187594.79209012,1142
null,920,,,,-1,3.604682799634469,2361,3.604682799634469,2361,3.1215773583815105,2362,3.1215773583815105,2362,4.070115091223294,1227,4.070115091223294,1227,4.0405722359552465,1954,4.0405722359552465,1954,0.9617803365895804,1947,0.9617803365895804,1947
null,1263,,,,-1,3.211681567950487,460,3.211681567950487,460,3.1760975487650986,2225,3.1760975487650986,2225,3.2867986639195808,2160,3.2867986639195808,2160,3.705015947374955,460,3.705015947374955,460,1.4024993199295037,1322,1.4024993199295037,1322
null,953,,,,-1,3.5352256508602955,677,3.5352256508602955,677,3.503265065530084,2046,3.503265065530084,2046,3.9357790861422375,800,3.9357790861422375,800,5.691244842801913,677,5.691244842801913,677,1.7534175850998253,799,1.7534175850998253,799
null,821,,,,-1,3.4377823404995014,2215,3.4377823404995014,2215,3.092358906977728,2215,3.092358906977728,2215,3.450790181168431,1499,3.450790181168431,1499,4.11289777042568,881,4.11289777042568,881,1.709152945899098,398,1.709152945899098,398
null,522,,,,-1,4.4908308487814566,1111,4.4908308487814566,1111,3.8358301128804677,1112,3.8358301128804677,1112,5.536843230675076,1201,5.536843230675076,1201,6.373672324888444,1111,6.373672324888444,1111,1.6684529515410482,1201,1.6684529515410482,1201
null,782,,,,-1,3.362824714463052,855,3.362824714463052,855,3.0578243284190405,1288,3.0578243284190405,1288,3.5976859931818153,142,3.5976859931818153,142,4.843961897408998,856,4.843961897408998,856,38.04537955018386,128,38.04537955018386,128
null,82,,,,-1,3.153193759108945,856,3.153193759108945,856,3.448976991391941,1013,3.448976991391941,1013,3.5517569532497544,1020,3.5517569532497544,1020,5.941990442326593,998,5.941990442326593,998,2.8550934136041337,140,2.8550934136041337,140
null,414,,,,-1,2.835308687046309,2064,2.835308687046309,2064,3.4329517416513067,728,3.4329517416513067,728,3.651380037222505,1388,3.651380037222505,1388,4.190806662880868,1427,4.190806662880868,1427,14.082421951641917,2091,14.082421951641917,2091
null,882,,,,-1,3.1099070269178006,318,3.1099070269178006,318,3.8856342596252356,962,3.8856342596252356,962,4.309330537665277,2068,4.309330537665277,2068,4.7103539013643205,320,4.7103539013643205,320,0.6310213488273194,697,0.6310213488273194,697
null,595,,,,-1,3.5535368420276714,2064,3.5535368420276714,2064,3.769820261365413,2065,3.769820261365413,2065,4.26372166031883,2065,4.26372166031883,2065,4.639393699175102,2065,4.639393699175102,2065,1.3425114464528585,37,1.3425114464528585,37
null,1234,,,,-1,2.772948382713653,1057,2.772948382713653,1057,3.155283006490469,1630,3.155283006490469,1630,3.693580275900725,2254,3.693580275900725,2254,4.014529755368083,380,4.014529755368083,380,23.479256880705204,699,23.479256880705204,699
null,667,,,,-1,3.0101196993447323,1076,3.0101196993447323,1076,2.7711530067419816,1266,2.7711530067419816,1266,3.6198423828849067,1076,3.6198423828849067,1076,4.234528566112668,1994,4.234528566112668,1994,24.079749308439787,2384,24.079749308439787,2384
null,848,,,,-1,3.631686452179821,1181,3.631686452179821,1181,4.2297678580241636,1415,4.2297678580241636,1415,4.36586447778816,1416,4.36586447778816,1416,4.846389879077987,222,4.846389879077987,222,1.3060278313047418,611,1.3060278313047418,611
null,517,,,,-1,3.4122747813262064,1730,3.4122747813262064,1730,3.998335410982212,965,3.998335410982212,965,3.644087256874115,1411,3.644087256874115,1411,4.174436098386053,192,4.174436098386053,192,2.4107044579838752,198,2.4107044579838752,198
null,326,,,,-1,2.8398899348959334,1402,2.8398899348959334,1402,2.937760666814926,2398,2.937760666814926,2398,3.4596431238582066,1539,3.4596431238582066,1539,4.7449468207122605,453,4.7449468207122605,453,0.9095693237061117,2078,0.9095693237061117,2078
null,1175,,,,-1,3.517064487354249,815,3.517064487354249,815,3.4598753752408222,126,3.4598753752408222,126,3.639271741481574,850,3.639271741481574,850,4.431278173181865,850,4.431278173181865,850,1.089302541457078,1998,1.089302541457078,1998
null,709,,,,-1,3.146598101751188,2118,3.146598101751188,2118,3.2878720999872795,1584,3.2878720999872795,1584,4.3208130409805365,1256,4.3208130409805365,1256,5.174499001533491,1256,5.174499001533491,1256,1.7633136918980774,677,1.7633136918980774,677
null,207,,,,-1,3.1416391341520264,416,3.1416391341520264,416,3.2389574921345656,1005,3.2389574921345656,1005,4.198837760195609,935,4.198837760195609,935,3.537120891863091,1218,3.537120891863091,1218,31.546948796725566,717,31.546948796725566,717
null,179,,,,-1,3.916221528331106,1882,3.916221528331106,1882,3.8957824414316873,1883,3.8957824414316873,1883,4.196884446696788,289,4.196884446696788,289,4.341863644653197,1883,4.341863644653197,1883,1.3062234546767448,265,1.3062234546767448,265
null,296,,,,-1,3.0921797620836418,2077,3.0921797620836418,2077,3.249221991753677,571,3.249221991753677,571,3.5895446413231924,865,3.5895446413231924,865,4.492224969233238,709,4.492224969233238,709,38.09596386844419,1968,38.09596386844419,1968
null,917,,,,-1,2.9633333276384866,687,2.9633333276384866,687,3.365997853782356,2072,3.365997853782356,2072,3.7064452720888688,2082,3.7064452720888688,2082,3.8585053561770297,1043,3.8585053561770297,1043,1.6390626433651274,2168,1.6390626433651274,2168
null,541,,,,-1,3.118206936561042,317,3.118206936561042,317,3.479825647035216,316,3.479825647035216,316,4.733662168432294,315,4.733662168432294,315,5.454090278429714,315,5.454090278429714,315,2.5247311517907205,1071,2.5247311517907205,1071
null,864,,,,-1,2.997246835184514,1590,2.997246835184514,1590,3.417805565635896,1590,3.417805565635896,1590,3.671120577081251,826,3.671120577081251,826,4.570732828805647,721,4.570732828805647,721,42206090.91647582,2091,42206090.91647582,2091
null,467,,,,-1,3.2845095524400327,1898,3.2845095524400327,1898,3.8549061111998917,254,3.8549061111998917,254,4.822101845343545,1668,4.822101845343545,1668,5.215015698901476,2190,5.215015698901476,2190,3.9239000476860295,1668,3.9239000476860295,1668
null,595,,,,-1,3.5535368420276714,2064,3.5535368420276714,2064,3.769820261365413,2065,3.769820261365413,2065,4.26372166031883,2065,4.26372166031883,2065,4.639393699175102,2065,4.639393699175102,2065,1.3425114464528585,37,1.3425114464528585,37
null,133,,,,-1,3.3842246955598942,1299,3.3842246955598942,1299,3.921405604726049,1300,3.921405604726049,1300,3.772340981700018,1497,3.772340981700018,1497,4.856010681195897,1891,4.856010681195897,1891,1.0268568872881456,832,1.0268568872881456,832
null,14,,,,-1,2.9974619719451145,1337,2.9974619719451145,1337,3.160927300136506,1338,3.160927300136506,1338,3.624740260718183,446,3.624740260718183,446,4.785707870328424,936,4.785707870328424,936,1.8528608282014651,2262,1.8528608282014651,2262
null,748,,,,-1,3.3566572818971463,2075,3.3566572818971463,2075,3.978821924494349,2075,3.978821924494349,2075,4.571304629679027,1970,4.571304629679027,1970,5.02689292090503,1296,5.02689292090503,1296,2.3747753949684407,1970,2.3747753949684407,1970
null,86,,,,-1,3.5622868732808914,981,3.5622868732808914,981,3.123133430126905,979,3.123133430126905,979,3.5622868732808914,981,3.5622868732808914,981,4.688003382794168,995,4.688003382794168,995,34287410.72518869,1826,34287410.72518869,1826
null,732,,,,-1,3.60487684986085,2169,3.60487684986085,2169,4.522127165485331,2168,4.522127165485331,2168,4.312884281299599,2167,4.312884281299599,2167,6.0217286285706075,2167,6.0217286285706075,2167,1.013980970469523,762,1.013980970469523,762
null,873,,,,-1,3.3493513264115427,2020,3.3493513264115427,2020,3.5285094276478732,2019,3.5285094276478732,2019,3.9579988085044624,2019,3.9579988085044624,2019,4.496577658999812,2019,4.496577658999812,2019,27461829.939034455,569,27461829.939034455,569
null,1163,,,,-1,3.1320484351973663,1558,3.1320484351973663,1558,3.215850837958709,0,3.215850837958709,0,3.458098982025683,357,3.458098982025683,357,4.344530541998057,1545,4.344530541998057,1545,6.226185365796541,958,6.226185365796541,958
null,884,,,,-1,2.998929146284597,949,2.998929146284597,949,3.711271475273847,354,3.711271475273847,354,4.712678142794067,255,4.712678142794067,255,4.34663205355207,358,4.34663205355207,358,1.0655801119366852,255,1.0655801119366852,255
null,430,,,,-1,2.9733970936041896,969,2.9733970936041896,969,3.8577556484612487,744,3.8577556484612487,744,3.532751079565247,688,3.532751079565247,688,4.755547010376465,954,4.755547010376465,954,3.3791677982269785,1583,3.3791677982269785,1583
null,755,,,,-1,3.7518457734913127,126,3.7518457734913127,126,3.472574440961185,704,3.472574440961185,704,3.8137901598756567,126,3.8137901598756567,126,4.2821206755629415,1059,4.2821206755629415,1059,0.7806266857658126,705,0.7806266857658126,705
